<?xml version="1.0" encoding="UTF-8"?>

<export>
	<info>
		<creator>Admin</creator>
		<opencms_version>10.5.1</opencms_version>
		<createdate>Tue, 18 Apr 2017 06:36:21 GMT</createdate>
		<infoproject>Offline</infoproject>
		<export_version>10</export_version>
	</info>
	<files>
		<file>
			<destination>Policy-Procedure-and-Guideline</destination>
			<type>folder</type>
			<uuidstructure>3249a1c7-0ac9-11e7-b2d1-90fba685ef5f</uuidstructure>
			<datelastmodified>Wed, 12 Apr 2017 02:47:12 GMT</datelastmodified>
			<userlastmodified>Admin</userlastmodified>
			<datecreated>Fri, 17 Mar 2017 04:21:30 GMT</datecreated>
			<usercreated>Admin</usercreated>
			<flags>0</flags>
			<properties>
				<property>
					<name>NavPos</name>
					<value><![CDATA[31.963749]]></value>
				</property>
				<property>
					<name>NavText</name>
					<value><![CDATA[Policy, Procedure and Guideline]]></value>
				</property>
				<property>
					<name>Title</name>
					<value><![CDATA[Policy, Procedure and Guideline]]></value>
				</property>
				<property type="shared">
					<name>Title</name>
					<value><![CDATA[page]]></value>
				</property>
			</properties>
			<relations/>
			<accesscontrol/>
		</file>
		<file>
			<source>Policy-Procedure-and-Guideline/index.html</source>
			<destination>Policy-Procedure-and-Guideline/index.html</destination>
			<type>containerpage</type>
			<uuidstructure>324d725d-0ac9-11e7-b2d1-90fba685ef5f</uuidstructure>
			<uuidresource>324d725e-0ac9-11e7-b2d1-90fba685ef5f</uuidresource>
			<datelastmodified>Wed, 12 Apr 2017 02:47:12 GMT</datelastmodified>
			<userlastmodified>Admin</userlastmodified>
			<datecreated>Fri, 17 Mar 2017 04:21:30 GMT</datecreated>
			<usercreated>Admin</usercreated>
			<flags>0</flags>
			<properties>
				<property>
					<name>Description_de</name>
					<value><![CDATA[Klassisches Layout mit linker Navigationsspalte.]]></value>
				</property>
				<property>
					<name>Title</name>
					<value><![CDATA[Policy, Procedure and Guideline]]></value>
				</property>
				<property>
					<name>Title_de</name>
					<value><![CDATA[Apollo Template: Navigation links]]></value>
				</property>
				<property>
					<name>apollo.title.prefix</name>
					<value><![CDATA[BPU Intranet |]]></value>
				</property>
			</properties>
			<relations/>
			<accesscontrol/>
		</file>
	</files>
	<projects>
		<project>
			<name>Offline</name>
			<description><![CDATA[The Offline Project]]></description>
			<usersgroup>Users</usersgroup>
			<managersgroup>Users</managersgroup>
			<resources>
				<resource>/</resource>
			</resources>
		</project>
	</projects>
</export>
