<?xml version="1.0" encoding="UTF-8"?>

<NewFormatters xmlns:xsi="http://www.w3.org/2001/XMLSchema-instance" xsi:noNamespaceSchemaLocation="opencms://system/modules/org.opencms.ade.config/schemas/formatters/new_formatter.xsd">
  <NewFormatter language="en">
    <NiceName><![CDATA[%(key.formatter.a-job.teaser.elaborate)]]></NiceName>
    <Type><![CDATA[a-job]]></Type>
    <Jsp>
      <link type="WEAK">
        <target><![CDATA[/system/modules/org.opencms.apollo/formatters/job-teaser-elaborate.jsp]]></target>
        <uuid>61613e22-42b7-11e6-a4ea-0242ac11002b</uuid>
      </link>
    </Jsp>
    <Rank><![CDATA[600]]></Rank>
    <Match>
      <Types>
        <ContainerType><![CDATA[element]]></ContainerType>
        <ContainerType><![CDATA[job]]></ContainerType>
      </Types>
    </Match>
    <Preview>false</Preview>
    <SearchContent>true</SearchContent>
    <AutoEnabled>true</AutoEnabled>
    <Detail>false</Detail>
    <Display>true</Display>
    <NestedContainers>false</NestedContainers>
    <Setting>
      <PropertyName><![CDATA[cssWrapper]]></PropertyName>
      <DisplayName><![CDATA[%(key.apollo.setting.cssclass)]]></DisplayName>
      <Description><![CDATA[%(key.apollo.setting.cssclass.description)]]></Description>
      <Widget><![CDATA[string]]></Widget>
    </Setting>
    <Setting>
      <PropertyName><![CDATA[teaserlength]]></PropertyName>
      <DisplayName><![CDATA[%(key.apollo.setting.teaserlength)]]></DisplayName>
      <Widget><![CDATA[string]]></Widget>
      <Default><![CDATA[200]]></Default>
    </Setting>
    <Setting>
      <PropertyName><![CDATA[showdate]]></PropertyName>
      <DisplayName><![CDATA[%(key.apollo.setting.showdate)]]></DisplayName>
      <Widget><![CDATA[checkbox]]></Widget>
      <Default><![CDATA[true]]></Default>
    </Setting>
    <Setting>
      <PropertyName><![CDATA[displayOption]]></PropertyName>
      <DisplayName><![CDATA[%(key.apollo.setting.displayoptions)]]></DisplayName>
      <Widget><![CDATA[select]]></Widget>
      <Default><![CDATA[hideImage]]></Default>
      <WidgetConfig><![CDATA[
        smallImage:%(key.apollo.setting.displayoption.smallimage)|
        hideImage:%(key.apollo.setting.displayoption.hideimage)|
        largeImage:%(key.apollo.setting.displayoption.largeimage)
      ]]></WidgetConfig>
    </Setting>
    <Setting>
      <PropertyName><![CDATA[ieffect]]></PropertyName>
      <DisplayName><![CDATA[%(key.apollo.setting.image.effect.label)]]></DisplayName>
      <Widget><![CDATA[selectcombo]]></Widget>
      <Default><![CDATA[none]]></Default>
      <WidgetConfig><![CDATA[
        none:%(key.apollo.setting.image.effect.none)|
        ap-raise-animation:%(key.apollo.setting.image.effect.raise)|
        ap-kenburns-animation:%(key.apollo.setting.image.effect.kenburns)|
        ap-raise-animation ap-kenburns-animation:%(key.apollo.setting.image.effect.raise-kenburns)
      ]]></WidgetConfig>
    </Setting>
    <Setting>
      <PropertyName><![CDATA[showExpired]]></PropertyName>
      <Widget><![CDATA[hidden]]></Widget>
      <Default><![CDATA[true]]></Default>
    </Setting>
  </NewFormatter>
</NewFormatters>
