<?xml version="1.0" encoding="UTF-8"?>

<ApolloSections xmlns:xsi="http://www.w3.org/2001/XMLSchema-instance" xsi:noNamespaceSchemaLocation="opencms://system/modules/org.opencms.apollo/schemas/section.xsd">
  <ApolloSection language="en">
    <Headline><![CDATA[New content section]]></Headline>
    <Text name="Text0">
      <links>
        <link name="link0" internal="true" type="A">
          <target><![CDATA[/sites/default/Policies-Files/UE0009.doc]]></target>
          <uuid>d9254fec-1397-11e7-b2d1-90fba685ef5f</uuid>
        </link>
        <link name="link1" internal="true" type="A">
          <target><![CDATA[/sites/default/Policies-Files/PRD0010.doc]]></target>
          <uuid>d8e141ee-1397-11e7-b2d1-90fba685ef5f</uuid>
        </link>
        <link name="link2" internal="true" type="A">
          <target><![CDATA[/sites/default/Policies-Files/PRD0004.doc]]></target>
          <uuid>d8cc3348-1397-11e7-b2d1-90fba685ef5f</uuid>
        </link>
        <link name="link3" internal="false" type="A">
          <target><![CDATA[http://office.microsoft.com/en-us/outlook-help/learn-where-menu-and-toolbar-commands-are-in-office-2010-and-related-products-HA101794130.aspx]]></target>
          <query><![CDATA[redir=0]]></query>
        </link>
        <link name="link4" internal="true" type="A">
          <target><![CDATA[/sites/default/Policies-Files/Access-2010.xls]]></target>
          <uuid>d878bc09-1397-11e7-b2d1-90fba685ef5f</uuid>
        </link>
        <link name="link5" internal="true" type="A">
          <target><![CDATA[/sites/default/Policies-Files/Excel-2010.xls]]></target>
          <uuid>d8bb6a62-1397-11e7-b2d1-90fba685ef5f</uuid>
        </link>
        <link name="link6" internal="true" type="A">
          <target><![CDATA[/sites/default/Policies-Files/Outlook-2010.xls]]></target>
          <uuid>d8bf3af5-1397-11e7-b2d1-90fba685ef5f</uuid>
        </link>
        <link name="link7" internal="true" type="A">
          <target><![CDATA[/sites/default/Policies-Files/Powerpoint-2010.xls]]></target>
          <uuid>d8e90a21-1397-11e7-b2d1-90fba685ef5f</uuid>
        </link>
        <link name="link8" internal="true" type="A">
          <target><![CDATA[/sites/default/Policies-Files/Word-2010.xls]]></target>
          <uuid>e479db32-1397-11e7-b2d1-90fba685ef5f</uuid>
        </link>
        <link name="link9" internal="true" type="A">
          <target><![CDATA[/sites/default/Policies-Files/US0009.docx]]></target>
          <uuid>e473246f-1397-11e7-b2d1-90fba685ef5f</uuid>
        </link>
      </links>
      <content><![CDATA[<p>&nbsp;</p>
<table style="width: 100%; height: 100%;" border="2">
<tbody>
<tr style="height: 58px;">
<td style="width: 251px; height: 58px; text-align: left;">
<h5 style="padding-left: 30px;"><strong>Application</strong></h5>
</td>
<td style="width: 550px; height: 58px; text-align: left; padding-left: 30px;">
<h5 style="text-align: left;"><strong>Template</strong></h5>
</td>
</tr>
<tr style="height: 59px;">
<td style="width: 251px; height: 59px; text-align: left;">
<p style="padding-left: 30px;"><strong>Desktop PC Standard Configuration&nbsp;</strong></p>
</td>
<td style="width: 579px; height: 59px; text-align: left;">
<p style="padding-left: 30px;">&nbsp;</p>
<p style="padding-left: 30px;">&nbsp;</p>
<p style="padding-left: 30px;"><strong><span style="text-decoration: underline;">Antivirus Software Web SiteAnti-Spam:</span></strong></p>
<p style="padding-left: 30px;"><a href="%(link0)">CSL Anti-Spam Gateway User Guide (UE0009)&nbsp;</a></p>
<p style="padding-left: 30px;">&nbsp;</p>
<p style="padding-left: 30px;"><strong><span style="text-decoration: underline;">IP Setting:</span></strong></p>
<p style="padding-left: 30px;"><a href="%(link1)">User Guide of Fixed IP Configuration on Desktop (PRD0010)&nbsp;</a></p>
<p style="padding-left: 30px;">&nbsp;</p>
<p style="padding-left: 30px;"><strong><span style="text-decoration: underline;">Project Share:</span></strong></p>
<p style="padding-left: 30px;"><a href="%(link2)">Project Share Drive Mapping User Guide (PRD0004)&nbsp;</a></p>
<p style="padding-left: 30px;">&nbsp;</p>
<p>&nbsp;</p>
</td>
</tr>
<tr style="height: 59px;">
<td style="width: 251px; height: 59px; text-align: left;">
<p style="padding-left: 30px;"><strong>PC Software</strong></p>
</td>
<td style="width: 579px; height: 59px; text-align: left;">
<p style="padding-left: 30px;">&nbsp;</p>
<p style="padding-left: 30px;"><strong><span style="text-decoration: underline;">Office 2010 Interactive Guide (You will be redirected to Microsoft Website)</span></strong></p>
<p style="padding-left: 30px;"><a href="%(link3)">Learn where menu and toolbar commands are in Office 2010</a></p>
<p style="padding-left: 30px;"><span style="text-decoration: underline;"><strong>Office 2010 Menu-to-Ribbon References</strong></span></p>
<p style="padding-left: 30px;"><a href="%(link4)">Access 2010</a></p>
<p style="padding-left: 30px;"><a href="%(link5)">Excel 2010</a></p>
<p style="padding-left: 30px;"><a href="%(link6)">Outlook 2010</a></p>
<p style="padding-left: 30px;"><a href="%(link7)">Powerpoint 2010</a></p>
<p style="padding-left: 30px;"><a href="%(link8)">Word 2010</a></p>
<p style="padding-left: 30px;">&nbsp;</p>
</td>
</tr>
<tr style="height: 59px;">
<td style="width: 251px; height: 59px; text-align: left;">
<p style="padding-left: 30px;"><strong>Harddisk Encrytion</strong></p>
</td>
<td style="width: 579px; height: 59px; text-align: left;">
<p style="padding-left: 30px;"><a href="%(link9)">Harddisk Encryption User Guide (US0009)&nbsp;</a></p>
</td>
</tr>
</tbody>
</table>]]></content>
    </Text>
  </ApolloSection>
</ApolloSections>
