<?xml version="1.0" encoding="UTF-8"?>

<ApolloSections xmlns:xsi="http://www.w3.org/2001/XMLSchema-instance" xsi:noNamespaceSchemaLocation="opencms://system/modules/org.opencms.apollo/schemas/section.xsd">
  <ApolloSection language="en">
    <Headline><![CDATA[Useful<br />Forms]]></Headline>
    <Text name="Text0">
      <links/>
      <content/>
    </Text>
    <Image>
      <Image>
        <link type="WEAK">
          <target><![CDATA[/sites/default/.galleries/samples/52.jpg]]></target>
          <uuid>e00b8972-7047-11e6-9a42-0242ac11002b</uuid>
        </link>
      </Image>
      <Copyright><![CDATA[CC0 Public Domain / Pixabay.com]]></Copyright>
    </Image>
    <Link>
      <Text/>
      <URI>
        <link internal="true" type="WEAK">
          <target><![CDATA[/sites/default/useful-forms_0001/]]></target>
          <uuid>de317411-1b61-11e7-b808-90fba685ef5f</uuid>
        </link>
      </URI>
    </Link>
  </ApolloSection>
</ApolloSections>
