<?xml version="1.0" encoding="UTF-8"?>

<ApolloSections xmlns:xsi="http://www.w3.org/2001/XMLSchema-instance" xsi:noNamespaceSchemaLocation="opencms://system/modules/org.opencms.apollo/schemas/section.xsd">
  <ApolloSection language="en">
    <Headline><![CDATA[New content section]]></Headline>
    <Text name="Text0">
      <links>
        <link name="link0" internal="true" type="A">
          <target><![CDATA[/sites/default/GDCN/Procedure_to_Change_Domain_User_Password.pdf]]></target>
          <uuid>55cca113-1dcb-11e7-b808-90fba685ef5f</uuid>
        </link>
        <link name="link1" internal="true" type="A">
          <target><![CDATA[/sites/default/Policies-Files/UE0010.doc]]></target>
          <uuid>d92ca2ef-1397-11e7-b2d1-90fba685ef5f</uuid>
        </link>
        <link name="link2" internal="true" type="A">
          <target><![CDATA[/sites/default/GDCN/Installation_Guide_Outlook_2002.doc]]></target>
          <uuid>55abd397-1dcb-11e7-b808-90fba685ef5f</uuid>
        </link>
        <link name="link3" internal="true" type="A">
          <target><![CDATA[/sites/default/GDCN/Installation_Guide_Outlook_2003.pdf]]></target>
          <uuid>55b1ee1a-1dcb-11e7-b808-90fba685ef5f</uuid>
        </link>
        <link name="link4" internal="true" type="A">
          <target><![CDATA[/sites/default/GDCN/OLK2003UserGuide.pdf]]></target>
          <uuid>55b8f2fd-1dcb-11e7-b808-90fba685ef5f</uuid>
        </link>
        <link name="link5" internal="true" type="A">
          <target><![CDATA[/sites/default/GDCN/How-to-setup-outlook-express-for-e2k3-v1.1.pdf]]></target>
          <uuid>559d7bb4-1dcb-11e7-b808-90fba685ef5f</uuid>
        </link>
        <link name="link6" internal="true" type="A">
          <target><![CDATA[/sites/default/GDCN/Configuring_Outlook_2007_for_Exchange_Email.pdf]]></target>
          <uuid>558b7a4b-1dcb-11e7-b808-90fba685ef5f</uuid>
        </link>
        <link name="link7" internal="true" type="A">
          <target><![CDATA[/sites/default/GDCN/configuring_thunderbird_mail_for_exchange_2010_email_account.pdf]]></target>
          <uuid>55d6da46-1dcb-11e7-b808-90fba685ef5f</uuid>
        </link>
        <link name="link8" internal="true" type="A">
          <target><![CDATA[/sites/default/GDCN/Configuring_Outlook_2010_for_Exchange_2010.pdf]]></target>
          <uuid>5590d17e-1dcb-11e7-b808-90fba685ef5f</uuid>
        </link>
        <link name="link9" internal="true" type="A">
          <target><![CDATA[/sites/default/GDCN/eMailClient_exchange.pdf]]></target>
          <uuid>55dc5889-1dcb-11e7-b808-90fba685ef5f</uuid>
        </link>
        <link name="link10" internal="true" type="A">
          <target><![CDATA[/sites/default/Policies-Files/UE0008.doc]]></target>
          <uuid>d9174629-1397-11e7-b2d1-90fba685ef5f</uuid>
        </link>
        <link name="link11" internal="true" type="A">
          <target><![CDATA[/sites/default/Policies-Files/UE0002.doc]]></target>
          <uuid>d9039713-1397-11e7-b2d1-90fba685ef5f</uuid>
        </link>
        <link name="link12" internal="true" type="A">
          <target><![CDATA[/sites/default/Policies-Files/UE0013.doc]]></target>
          <uuid>d93666f5-1397-11e7-b2d1-90fba685ef5f</uuid>
        </link>
        <link name="link13" internal="true" type="A">
          <target><![CDATA[/sites/default/GDCN/mailbox_housekeeping_v1.1.pdf]]></target>
          <uuid>55e2730c-1dcb-11e7-b808-90fba685ef5f</uuid>
        </link>
        <link name="link14" internal="true" type="A">
          <target><![CDATA[/sites/default/Policies-Files/UE0016.doc]]></target>
          <uuid>d940ee4b-1397-11e7-b2d1-90fba685ef5f</uuid>
        </link>
        <link name="link15" internal="true" type="A">
          <target><![CDATA[/sites/default/Policies-Files/UE0006.doc]]></target>
          <uuid>d9112ba6-1397-11e7-b2d1-90fba685ef5f</uuid>
        </link>
        <link name="link16" internal="true" type="A">
          <target><![CDATA[/sites/default/GDCN/Anti_Spam.pdf]]></target>
          <uuid>557de5b8-1dcb-11e7-b808-90fba685ef5f</uuid>
        </link>
        <link name="link17" internal="true" type="A">
          <target><![CDATA[/sites/default/GDCN/PCCW_Anti-SpamSystemUserGuide.pdf]]></target>
          <uuid>55c65f80-1dcb-11e7-b808-90fba685ef5f</uuid>
        </link>
        <link name="link18" internal="true" type="A">
          <target><![CDATA[/sites/default/Policies-Files/UE0009.doc]]></target>
          <uuid>d9254fec-1397-11e7-b2d1-90fba685ef5f</uuid>
        </link>
        <link name="link19" internal="true" type="A">
          <target><![CDATA[/sites/default/GDCN/Guideline-for-Use-of-IM-ver1.1.pdf]]></target>
          <uuid>55978841-1dcb-11e7-b808-90fba685ef5f</uuid>
        </link>
        <link name="link20" internal="true" type="A">
          <target><![CDATA[/sites/default/Policies-Files/UE0015.doc]]></target>
          <uuid>d93d44c8-1397-11e7-b2d1-90fba685ef5f</uuid>
        </link>
        <link name="link21" internal="true" type="A">
          <target><![CDATA[/sites/default/Policies-Files/UE0017.doc]]></target>
          <uuid>d94ab24e-1397-11e7-b2d1-90fba685ef5f</uuid>
        </link>
        <link name="link22" internal="true" type="A">
          <target><![CDATA[/sites/default/Policies-Files/UE0011.doc]]></target>
          <uuid>d93359b2-1397-11e7-b2d1-90fba685ef5f</uuid>
        </link>
      </links>
      <content><![CDATA[<table border="2" width="100%">
<tbody>
<tr>
<td width="681">
<h5 style="padding-left: 30px;"><strong>Document Name</strong></h5>
</td>
<td width="320">
<h5 style="padding-left: 30px;"><strong>File Name</strong></h5>
</td>
</tr>
<tr>
<td style="padding-left: 30px;" width="681">Procedure to Change Domain User Password</td>
<td style="padding-left: 30px;"><a href="%(link0)">Procedure_to_Change_Domain_User_Password</a></td>
</tr>
<tr>
<td style="padding-left: 30px;">How to Change OA-HKCSL-NET AD Domain Password</td>
<td style="padding-left: 30px;"><a href="%(link1)">UE0010</a></td>
</tr>
<tr>
<td style="padding-left: 30px;" width="681">Remote Exchange Offering Outlook 2002 Setup Guide</td>
<td style="padding-left: 30px;"><a href="%(link2)">Installation_Guide_Outlook_2002</a></td>
</tr>
<tr>
<td style="padding-left: 30px;" width="681">Outlook 2003 Installation Guide</td>
<td style="padding-left: 30px;"><a href="%(link3)">Installation_Guide_Outlook_2003</a></td>
</tr>
<tr>
<td style="padding-left: 30px;" width="681">Outlook 2003 User Guide</td>
<td style="padding-left: 30px;"><a href="%(link4)">OLK2003UserGuide</a></td>
</tr>
<tr>
<td style="padding-left: 30px;" width="681">How to setup MS Outlook Express POP3 client for Exchange 2003</td>
<td style="padding-left: 30px;"><a href="%(link5)">How to setup outlook express for e2k3-v1.1&nbsp;</a></td>
</tr>
<tr>
<td style="padding-left: 30px;" width="681">Configuring Outlook 2007 for Exchange Email</td>
<td style="padding-left: 30px;"><a href="%(link6)">Configuring_Outlook_2007_for_Exchange_Email&nbsp;</a></td>
</tr>
<tr>
<td style="padding-left: 30px;" width="681">Configuring Thunderbird Mail for Exchange 2010 eMail Account</td>
<td style="padding-left: 30px;"><a href="%(link7)">configuring_thunderbird_mail_for_exchange_2010_email_account</a></td>
</tr>
<tr>
<td style="padding-left: 30px;" width="681">Configuring Outlook 2010 for Exchange 2010 Email</td>
<td style="padding-left: 30px;"><a href="%(link8)">Configuring_Outlook_2010_for_Exchange_2010</a></td>
</tr>
<tr>
<td style="padding-left: 30px;" width="681">Latest Service Pack Information of eMail Client for accessing Microsoft Exchange Server 2010 Mail System</td>
<td style="padding-left: 30px;"><a href="%(link9)">eMailClient_exchange</a></td>
</tr>
<tr>
<td style="padding-left: 30px;">How to Backup Outlook 2010 Personal Folders?</td>
<td style="padding-left: 30px;"><a href="%(link10)">UE0008</a></td>
</tr>
<tr>
<td style="padding-left: 30px;">Tips on Using Microsoft Outlook 2010</td>
<td style="padding-left: 30px;"><a href="%(link11)">UE0002</a></td>
</tr>
<tr>
<td style="padding-left: 30px;">How to setup and use MS Outlook Private Email</td>
<td style="padding-left: 30px;"><a href="%(link12)">UE0013</a></td>
</tr>
<tr>
<td style="padding-left: 30px;" width="681">Mail Management - How to housekeep your mailbox</td>
<td style="padding-left: 30px;"><a href="%(link13)">mailbox_housekeeping_v1.1</a></td>
</tr>
<tr>
<td style="padding-left: 30px;">How to retrieve archived email from OWA and Outlook</td>
<td style="padding-left: 30px;"><a href="%(link14)">UE0016</a></td>
</tr>
<tr>
<td style="padding-left: 30px;">Outlook Web Access User Guide for @hkcsl.com Email Users</td>
<td style="padding-left: 30px;"><a href="%(link15)">UE0006</a></td>
</tr>
<tr>
<td style="padding-left: 30px;" width="681">PCCW Anti-Spam Infrastructure Quick User Guide</td>
<td style="padding-left: 30px;"><a href="%(link16)">Anti_Spam</a></td>
</tr>
<tr>
<td style="padding-left: 30px;" width="681">PCCW Anti-Spam System User Guide</td>
<td style="padding-left: 30px;"><a href="%(link17)">PCCW_Anti-SpamSystemUserGuide&nbsp;</a></td>
</tr>
<tr>
<td style="padding-left: 30px;">User Guide of Anti-Spam Gateway for @hkcsl.com Email Users</td>
<td style="padding-left: 30px;"><a href="%(link18)">UE0009</a></td>
</tr>
<tr>
<td style="padding-left: 30px;" width="681">Guideline for use of Instant Messaging ("IM") communication</td>
<td style="padding-left: 30px;"><a href="%(link19)">Guideline for Use of IM ver1.1&nbsp;</a></td>
</tr>
<tr>
<td style="padding-left: 30px;">How to save conversation history in Office Communicator 2007 (MOCS)?</td>
<td style="padding-left: 30px;"><a href="%(link20)">UE0015</a></td>
</tr>
<tr>
<td style="padding-left: 30px;">How to use Microsoft OCS for multi-conferencing?</td>
<td style="padding-left: 30px;"><a href="%(link21)">UE0017</a></td>
</tr>
<tr>
<td style="padding-left: 30px;">Blackberry Client for use with MOCS User Guide</td>
<td style="padding-left: 30px;"><a href="%(link22)">UE0011</a></td>
</tr>
</tbody>
</table>]]></content>
    </Text>
  </ApolloSection>
</ApolloSections>
