<?xml version="1.0" encoding="UTF-8"?>

<ApolloSections xmlns:xsi="http://www.w3.org/2001/XMLSchema-instance" xsi:noNamespaceSchemaLocation="opencms://system/modules/org.opencms.apollo/schemas/section.xsd">
  <ApolloSection language="en">
    <Headline><![CDATA[User Account Server]]></Headline>
    <Text name="Text0">
      <links>
        <link name="link0" internal="true" type="A">
          <target><![CDATA[/sites/default/Policies-Files/GDCN-User-Identity-Policy-Version-1.5.pdf]]></target>
          <uuid>e84a5336-1dc4-11e7-b808-90fba685ef5f</uuid>
        </link>
        <link name="link1" internal="true" type="A">
          <target><![CDATA[/sites/default/Policies-Files/OS0007.doc]]></target>
          <uuid>7075dd23-1dc3-11e7-b808-90fba685ef5f</uuid>
        </link>
        <link name="link2" internal="true" type="A">
          <target><![CDATA[/sites/default/Policies-Files/PS0001.doc]]></target>
          <uuid>709e9af1-1dc3-11e7-b808-90fba685ef5f</uuid>
        </link>
        <link name="link3" internal="true" type="A">
          <target><![CDATA[/sites/default/Policies-Files/PS0002.doc]]></target>
          <uuid>70a1a834-1dc3-11e7-b808-90fba685ef5f</uuid>
        </link>
        <link name="link4" internal="true" type="A">
          <target><![CDATA[/sites/default/Policies-Files/OS0010.doc]]></target>
          <uuid>707e4199-1dc3-11e7-b808-90fba685ef5f</uuid>
        </link>
        <link name="link5" internal="true" type="A">
          <target><![CDATA[/sites/default/Policies-Files/OS0011.doc]]></target>
          <uuid>7082ae6c-1dc3-11e7-b808-90fba685ef5f</uuid>
        </link>
        <link name="link6" internal="false" type="A">
          <target><![CDATA[http://localhost:8080/opencms/PolicyProcedures-Guidelines/Security/Procedure for application of IT Applications.docx]]></target>
        </link>
      </links>
      <content><![CDATA[<p><a href="%(link0)">GDCN User Identity Policy</a></p>
<p><a href="%(link1)">Account Administration Operation Guideline for IT Applications</a></p>
<p><a href="%(link2)">IT Security Policy and Procedure for Resigned or Transferred Staff</a></p>
<p><a href="%(link3)">IT Security Policy for Multiple IT System Accounts</a></p>
<p><a href="%(link4)">Authorized Contractor List for IT Applications</a></p>
<p><a href="%(link5)">IT Application List (Sensitive Data Access)</a></p>
<p><a href="%(link6)">Procedure for application of IT Applications</a></p>
<p>&nbsp;</p>]]></content>
    </Text>
  </ApolloSection>
</ApolloSections>
