<?xml version="1.0" encoding="UTF-8"?>

<ApolloSections xmlns:xsi="http://www.w3.org/2001/XMLSchema-instance" xsi:noNamespaceSchemaLocation="opencms://system/modules/org.opencms.apollo/schemas/section.xsd">
  <ApolloSection language="en">
    <Headline><![CDATA[New content section]]></Headline>
    <Text name="Text0">
      <links>
        <link name="link0" internal="true" type="A">
          <target><![CDATA[/sites/default/Forms-and-SAP/Form/IT-F0045H-v1.30.docx]]></target>
          <uuid>0fa51ab3-1061-11e7-b2d1-90fba685ef5f</uuid>
        </link>
        <link name="link1" internal="true" type="A">
          <target><![CDATA[/sites/default/Forms-and-SAP/Form/IT-F0131H-v1.30.docx]]></target>
          <uuid>106b9f81-1061-11e7-b2d1-90fba685ef5f</uuid>
        </link>
        <link name="link2" internal="true" type="A">
          <target><![CDATA[/sites/default/Forms-and-SAP/Form/IT-F0190H-v1.2.docx]]></target>
          <uuid>10ab3faf-1061-11e7-b2d1-90fba685ef5f</uuid>
        </link>
        <link name="link3" internal="true" type="A">
          <target><![CDATA[/sites/default/Forms-and-SAP/Sample/IT-F0190H-v1.2-Sample.docx]]></target>
          <uuid>f529517f-1060-11e7-b2d1-90fba685ef5f</uuid>
        </link>
      </links>
      <content><![CDATA[<table style="height: 100%; width: 100%; padding-left: 90px;" border="2">
<tbody style="padding-left: 30px;">
<tr style="height: 31px; padding-left: 30px;">
<td style="width: 19%; height: 31px; text-align: left; padding-left: 30px;">
<h5 style="text-align: left;"><strong>User Type</strong></h5>
</td>
<td style="width: 21.0847%; height: 31px; text-align: left; padding-left: 30px;">
<h5 style="text-align: left;"><strong>HKT App / Function</strong></h5>
</td>
<td style="width: 46.9153%; height: 31px; text-align: left; padding-left: 30px;">
<h5 style="text-align: left;"><strong>Form / Service Application Portal Request</strong></h5>
</td>
<td style="width: 137%; height: 31px; text-align: left;">
<h5 style="text-align: left; padding-left: 30px;"><strong>Guide / Sample</strong></h5>
</td>
</tr>
<tr style="height: 74px;">
<td style="width: 19%; height: 74px; text-align: left; padding-left: 30px;"><strong>User under csl domains</strong></td>
<td style="width: 21.0847%; height: 74px; text-align: left;">
<p style="padding-left: 30px; text-align: left;"><strong>PC Inventory</strong></p>
</td>
<td style="width: 46.9153%; height: 74px; text-align: left;">
<p style="padding-left: 30px;">IT-F0045H <a href="%(link0)">PC Inventory Account Registration</a></p>
<p style="padding-left: 30px;">IT-F0131H <a href="%(link1)">PC Inventory Record Update Request&nbsp;</a></p>
<p style="padding-left: 30px;">IT-F0190H <a href="%(link2)">Equipment Transfer Form</a></p>
</td>
<td style="width: 137%; height: 74px; text-align: left; padding-left: 30px;">
<p>IT-F0190H&nbsp;<a href="%(link3)">Equipment Transfer Form</a>&nbsp;</p>
</td>
</tr>
</tbody>
</table>]]></content>
    </Text>
  </ApolloSection>
</ApolloSections>
