<?xml version="1.0" encoding="UTF-8"?>

<ApolloSections xmlns:xsi="http://www.w3.org/2001/XMLSchema-instance" xsi:noNamespaceSchemaLocation="opencms://system/modules/org.opencms.apollo/schemas/section.xsd">
  <ApolloSection language="en">
    <Headline><![CDATA[New content section]]></Headline>
    <Text name="Text0">
      <links/>
      <content><![CDATA[<table style="height: 100%;" border="2" width="100%">
<tbody>
<tr style="height: 15px;">
<td style="height: 15px; width: 381px;"><strong>Document Name</strong></td>
<td style="height: 15px; width: 189px;"><strong>File Name</strong></td>
</tr>
<tr style="height: 15px;">
<td style="height: 15px; width: 381px;">GDCN Software Usage Policy</td>
<td style="height: 15px; width: 189px;">&nbsp;</td>
</tr>
<tr style="height: 15px;">
<td style="height: 15px; width: 381px;">GDCN Software Purchase and Adoption Policy</td>
<td style="height: 15px; width: 189px;">&nbsp;</td>
</tr>
<tr style="height: 15px;">
<td style="height: 15px; width: 381px;">PCCW Coporate License Software</td>
<td style="height: 15px; width: 189px;">&nbsp;</td>
</tr>
<tr style="height: 15px;">
<td style="height: 15px; width: 381px;">Authorized Non-PCCW Standard Software that do not require "DLS, Service Requests" approval</td>
<td style="height: 15px; width: 189px;">&nbsp;</td>
</tr>
<tr style="height: 15px;">
<td style="height: 15px; width: 381px;">MS Office File Formats</td>
<td style="height: 15px; width: 189px;">&nbsp;</td>
</tr>
<tr style="height: 15px;">
<td style="height: 15px; width: 381px;">PC Software Policy for BPU IT Supported Devices</td>
<td style="height: 15px; width: 189px;">PSW0001</td>
</tr>
<tr style="height: 15px;">
<td style="height: 15px; width: 381px;">Mobile Application Development Standards and Guidelines</td>
<td style="height: 15px; width: 189px;">PMD0001</td>
</tr>
<tr style="height: 15px;">
<td style="height: 15px; width: 381px;">&nbsp;</td>
<td style="height: 15px; width: 189px;">&nbsp;</td>
</tr>
</tbody>
</table>
<p>&nbsp;</p>]]></content>
    </Text>
  </ApolloSection>
</ApolloSections>
