<?xml version="1.0" encoding="UTF-8"?>

<ApolloSections xmlns:xsi="http://www.w3.org/2001/XMLSchema-instance" xsi:noNamespaceSchemaLocation="opencms://system/modules/org.opencms.apollo/schemas/section.xsd">
  <ApolloSection language="en">
    <Headline><![CDATA[New content section]]></Headline>
    <Text name="Text0">
      <links>
        <link name="link0" internal="true" type="A">
          <target><![CDATA[/sites/default/Policies-Files/UI0007.doc]]></target>
          <uuid>d950f3e1-1397-11e7-b2d1-90fba685ef5f</uuid>
        </link>
        <link name="link1" internal="true" type="A">
          <target><![CDATA[/sites/default/Policies-Files/UI0013.doc]]></target>
          <uuid>d9593144-1397-11e7-b2d1-90fba685ef5f</uuid>
        </link>
        <link name="link2" internal="true" type="A">
          <target><![CDATA[/sites/default/Policies-Files/UI0015.doc]]></target>
          <uuid>e41e2687-1397-11e7-b2d1-90fba685ef5f</uuid>
        </link>
        <link name="link3" internal="true" type="A">
          <target><![CDATA[/sites/default/Policies-Files/UR-Procedure.ppt]]></target>
          <uuid>e432bffa-1397-11e7-b2d1-90fba685ef5f</uuid>
        </link>
        <link name="link4" internal="true" type="A">
          <target><![CDATA[/sites/default/Policies-Files/UR-System-User-Guide-for-Users.doc]]></target>
          <uuid>e466c85c-1397-11e7-b2d1-90fba685ef5f</uuid>
        </link>
        <link name="link5" internal="true" type="A">
          <target><![CDATA[/sites/default/Policies-Files/UR-System-Guidelines-for-Users.ppt]]></target>
          <uuid>e442c596-1397-11e7-b2d1-90fba685ef5f</uuid>
        </link>
        <link name="link6" internal="true" type="A">
          <target><![CDATA[/sites/default/Policies-Files/UR-System-User-Guide-for-IT-Users.doc]]></target>
          <uuid>e4466f19-1397-11e7-b2d1-90fba685ef5f</uuid>
        </link>
        <link name="link7" internal="true" type="A">
          <target><![CDATA[/sites/default/Policies-Files/UR-System-Guidelines-for-IT-Users.ppt]]></target>
          <uuid>e43de393-1397-11e7-b2d1-90fba685ef5f</uuid>
        </link>
        <link name="link8" internal="true" type="A">
          <target><![CDATA[/sites/default/Policies-Files/UR-Report-Guidelines.ppt]]></target>
          <uuid>e436426d-1397-11e7-b2d1-90fba685ef5f</uuid>
        </link>
        <link name="link9" internal="true" type="A">
          <target><![CDATA[/sites/default/Policies-Files/UR-Reports-Manual.doc]]></target>
          <uuid>e43b2470-1397-11e7-b2d1-90fba685ef5f</uuid>
        </link>
        <link name="link10" internal="true" type="A">
          <target><![CDATA[/sites/default/Policies-Files/PRD0006.doc]]></target>
          <uuid>d8d02aeb-1397-11e7-b2d1-90fba685ef5f</uuid>
        </link>
      </links>
      <content><![CDATA[<table style="padding-left: 100%; height: 100%;" border="2">
<tbody>
<tr>
<td style="width: 437px; padding-left: 30px;">
<h5><strong>Application</strong></h5>
</td>
<td style="padding-left: 30px; width: 414px;">
<h4><strong>Template</strong></h4>
</td>
</tr>
<tr>
<td style="width: 437px; padding-left: 30px;"><strong>iFE</strong></td>
<td style="width: 414px;">
<p style="padding-left: 30px;">&nbsp;</p>
<p style="padding-left: 30px;"><a href="%(link0)">iFE Login User Guide (UI0007)</a>&nbsp;</p>
<p style="padding-left: 30px;"><a href="%(link1)">iFE Forgotten Password User Guide (UI0013)&nbsp;</a></p>
<p style="padding-left: 30px;"><a href="%(link2)">iFE Navigation Guide (UI0015)&nbsp;</a></p>
<p style="padding-left: 30px;">&nbsp;</p>
</td>
</tr>
<tr style="padding-left: 30px;">
<td style="padding-left: 30px; width: 437px;"><strong>UR Procedure</strong></td>
<td style="padding-left: 30px; width: 414px;">
<p>&nbsp;</p>
<p><a href="%(link3)">UR Procedure</a></p>
<p>&nbsp;</p>
</td>
</tr>
<tr style="padding-left: 30px;">
<td style="padding-left: 30px; width: 437px;"><strong>UR System</strong></td>
<td style="padding-left: 30px; width: 414px;">
<p>&nbsp;</p>
<p><a href="%(link4)">UR System User Guide for Users</a></p>
<p><a href="%(link5)">UR System Guidelines for Users&nbsp;</a></p>
<p><a href="%(link6)">UR System User Guide for IT Users</a></p>
<p><a href="%(link7)">UR System Guidelines for IT Users</a></p>
<p>&nbsp;</p>
</td>
</tr>
<tr style="padding-left: 30px;">
<td style="padding-left: 30px; width: 437px;"><strong>UR Reports (for IT internal use)</strong></td>
<td style="padding-left: 30px; width: 414px;">
<p>&nbsp;</p>
<p><a href="%(link8)">UR Report Guidelines</a></p>
<p><a href="%(link9)">UR Reports Manual</a></p>
<p>&nbsp;</p>
</td>
</tr>
<tr style="padding-left: 30px;">
<td style="padding-left: 30px; width: 437px;"><strong>PC Inventory System</strong></td>
<td style="padding-left: 30px; width: 414px;">
<p>&nbsp;</p>
<p><a href="%(link10)">PC Inventory System General User Guide (PRD0006)&nbsp;</a></p>
<p>&nbsp;</p>
</td>
</tr>
</tbody>
</table>
<h3 style="padding-left: 30px;">&nbsp;</h3>]]></content>
    </Text>
  </ApolloSection>
</ApolloSections>
