<?xml version="1.0" encoding="UTF-8"?>

<ApolloSections xmlns:xsi="http://www.w3.org/2001/XMLSchema-instance" xsi:noNamespaceSchemaLocation="opencms://system/modules/org.opencms.apollo/schemas/section.xsd">
  <ApolloSection language="en">
    <Headline/>
    <Text name="Text0">
      <links>
        <link name="link0" internal="true" type="A">
          <target><![CDATA[/sites/default/PolicyProcedures-Guidelines/user-guide-guideline/]]></target>
          <uuid>996b1a9f-1da2-11e7-b808-90fba685ef5f</uuid>
        </link>
      </links>
      <content><![CDATA[<h5><a href="%(link0)">User Guide / Guideline</a></h5>]]></content>
    </Text>
  </ApolloSection>
</ApolloSections>
