<?xml version="1.0" encoding="UTF-8"?>

<ApolloSections xmlns:xsi="http://www.w3.org/2001/XMLSchema-instance" xsi:noNamespaceSchemaLocation="opencms://system/modules/org.opencms.apollo/schemas/section.xsd">
  <ApolloSection language="en">
    <Headline><![CDATA[New content section]]></Headline>
    <Text name="Text0">
      <links>
        <link name="link0" internal="true" type="A">
          <target><![CDATA[/sites/default/Policies-Files/GDCN-User-Identity-Policy-Version-1.5.pdf]]></target>
          <uuid>e84a5336-1dc4-11e7-b808-90fba685ef5f</uuid>
        </link>
        <link name="link1" internal="true" type="A">
          <target><![CDATA[/sites/default/Policies-Files/OS0007.doc]]></target>
          <uuid>7075dd23-1dc3-11e7-b808-90fba685ef5f</uuid>
        </link>
        <link name="link2" internal="true" type="A">
          <target><![CDATA[/sites/default/Policies-Files/PS0001.doc]]></target>
          <uuid>709e9af1-1dc3-11e7-b808-90fba685ef5f</uuid>
        </link>
        <link name="link3" internal="true" type="A">
          <target><![CDATA[/sites/default/Policies-Files/PS0002.doc]]></target>
          <uuid>70a1a834-1dc3-11e7-b808-90fba685ef5f</uuid>
        </link>
        <link name="link4" internal="true" type="A">
          <target><![CDATA[/sites/default/Policies-Files/OS0010.doc]]></target>
          <uuid>707e4199-1dc3-11e7-b808-90fba685ef5f</uuid>
        </link>
        <link name="link5" internal="true" type="A">
          <target><![CDATA[/sites/default/Policies-Files/OS0011.doc]]></target>
          <uuid>7082ae6c-1dc3-11e7-b808-90fba685ef5f</uuid>
        </link>
        <link name="link6" internal="true" type="A">
          <target><![CDATA[/sites/default/Policies-Files/Procedure-for-application-of-IT-Applications.docx]]></target>
          <uuid>6d59e4aa-1dc5-11e7-b808-90fba685ef5f</uuid>
        </link>
      </links>
      <content><![CDATA[<table border="2" width="100%">
<tbody>
<tr>
<td width="681">
<h5 style="padding-left: 30px;"><strong>Document Name</strong></h5>
</td>
<td width="320">
<h5 style="padding-left: 30px;"><strong>File Name</strong></h5>
</td>
</tr>
<tr>
<td style="padding-left: 30px;">GDCN User Identity Policy</td>
<td style="padding-left: 30px;"><a href="%(link0)">GDCN User Identity Policy Version 1.5</a></td>
</tr>
<tr>
<td style="padding-left: 30px;">Account Administration Operation Guideline for IT Applications</td>
<td style="padding-left: 30px;"><a href="%(link1)">OS0007</a></td>
</tr>
<tr>
<td style="padding-left: 30px;">IT Security Policy and Procedure for Resigned or Transferred Staff</td>
<td style="padding-left: 30px;"><a href="%(link2)">PS0001</a></td>
</tr>
<tr>
<td style="padding-left: 30px;">IT Security Policy for Multiple IT System Accounts</td>
<td style="padding-left: 30px;"><a href="%(link3)">PS0002</a></td>
</tr>
<tr>
<td style="padding-left: 30px;">Authorized Contractor List for IT Applications</td>
<td style="padding-left: 30px;"><a href="%(link4)">OS0010</a></td>
</tr>
<tr>
<td style="padding-left: 30px;">IT Application List (Sensitive Data Access)</td>
<td style="padding-left: 30px;"><a href="%(link5)">OS0011</a></td>
</tr>
<tr>
<td style="padding-left: 30px;">Procedure for application of IT Applications</td>
<td style="padding-left: 30px;"><a href="%(link6)">Procedure for application of IT Applications.docx</a></td>
</tr>
</tbody>
</table>]]></content>
    </Text>
  </ApolloSection>
</ApolloSections>
