<?xml version="1.0" encoding="UTF-8"?>

<ApolloSections xmlns:xsi="http://www.w3.org/2001/XMLSchema-instance" xsi:noNamespaceSchemaLocation="opencms://system/modules/org.opencms.apollo/schemas/section.xsd">
  <ApolloSection language="en">
    <Headline><![CDATA[New content section]]></Headline>
    <Text name="Text0">
      <links>
        <link name="link0" internal="false" type="A">
          <target><![CDATA[https://sap.pccw.com/]]></target>
        </link>
        <link name="link1" internal="true" type="A">
          <target><![CDATA[/sites/default/Useful-Forms/]]></target>
          <uuid>2e74f30b-0ac9-11e7-b2d1-90fba685ef5f</uuid>
        </link>
        <link name="link2" internal="false" type="A">
          <target><![CDATA[http://oms.pccw.com/public/html2/forms.htm]]></target>
        </link>
      </links>
      <content><![CDATA[<table style="height: 100%; width: 100%; padding-left: 30px;" border="2">
<tbody>
<tr style="height: 50px;">
<td style="height: 50px; width: 25.9259%; text-align: center;">
<h4><strong>Scope</strong></h4>
</td>
<td style="height: 50px; width: 167.074%; text-align: center;">
<h4><strong>&nbsp;Links<span class="CmCaReT" style="display: none;">�</span></strong></h4>
</td>
</tr>
<tr style="height: 100px;">
<td style="height: 100px; width: 25.9259%; text-align: center;">
<h4>Service Application Portal - Paperless</h4>
</td>
<td style="height: 100px; width: 167.074%; text-align: center;">
<h4><a href="%(link0)">https://sap.pccw.com/</a></h4>
</td>
</tr>
<tr style="height: 9px;">
<td style="height: 9px; width: 25.9259%; text-align: center;">
<h4>Paper Forms – BPU IT Operated Systems</h4>
</td>
<td style="height: 9px; width: 167.074%; text-align: center;">
<h4>&nbsp;</h4>
<h4>&nbsp;<a href="%(link1)">Paper Forms - BPU IT Operated Systems</a></h4>
<h4>&nbsp;</h4>
</td>
</tr>
<tr style="height: 9px;">
<td style="height: 9px; width: 25.9259%; text-align: center;">
<h4>Paper Forms – PCCW Solutions Operated Systems</h4>
</td>
<td style="height: 9px; width: 167.074%; text-align: center;">
<h4>&nbsp;</h4>
<h4><a href="%(link2)">http://oms.pccw.com/public/html2/forms.htm</a>&nbsp;</h4>
<h4>&nbsp;</h4>
</td>
</tr>
</tbody>
</table>]]></content>
    </Text>
  </ApolloSection>
</ApolloSections>
