<?xml version="1.0" encoding="UTF-8"?>

<ApolloSections xmlns:xsi="http://www.w3.org/2001/XMLSchema-instance" xsi:noNamespaceSchemaLocation="opencms://system/modules/org.opencms.apollo/schemas/section.xsd">
  <ApolloSection language="en">
    <Headline><![CDATA[New content section]]></Headline>
    <Text name="Text0">
      <links>
        <link name="link0" internal="false" type="A">
          <target><![CDATA[http://intranet.hkcsl.net/intranet/images/department/InformationTechnology/Document/OS0008-v1.5.doc]]></target>
        </link>
        <link name="link1" internal="false" type="A">
          <target><![CDATA[http://intranet.hkcsl.net/intranet/images/department/InformationTechnology/Document/OI0001-v2.1.doc]]></target>
        </link>
      </links>
      <content><![CDATA[<table style="width: 855px; height: 145px;" border="2">
<tbody>
<tr style="height: 15px;">
<td style="padding-left: 30px; height: 15px; width: 168px;">
<h5><strong>Application</strong></h5>
</td>
<td style="padding-left: 30px; height: 15px; width: 623px;">
<h5><strong>Template</strong></h5>
</td>
</tr>
<tr style="height: 15px;">
<td style="height: 15px; padding-left: 30px; width: 168px;"><strong>Data Center</strong></td>
<td style="height: 15px; padding-left: 30px; width: 623px;"><a href="%(link0)">Data Centre Physical Security Control Procedure (OS0008)</a>&nbsp;</td>
</tr>
<tr style="height: 15px;">
<td style="height: 15px; padding-left: 30px; width: 168px;"><strong>IT Asset</strong></td>
<td style="height: 15px; padding-left: 30px; width: 623px;"><a href="%(link1)">BO &amp; IT Fixed Asset Management Flow (OI0001)</a>&nbsp;</td>
</tr>
</tbody>
</table>]]></content>
    </Text>
  </ApolloSection>
</ApolloSections>
