<?xml version="1.0" encoding="UTF-8"?>

<ApolloSections xmlns:xsi="http://www.w3.org/2001/XMLSchema-instance" xsi:noNamespaceSchemaLocation="opencms://system/modules/org.opencms.apollo/schemas/section.xsd">
  <ApolloSection language="en">
    <Headline><![CDATA[Helpdesk]]></Headline>
    <Text name="Text0">
      <links>
        <link name="link0" internal="true" type="A">
          <target><![CDATA[/sites/default/Policies-Files/OI0006.doc]]></target>
          <uuid>70720c90-1dc3-11e7-b808-90fba685ef5f</uuid>
        </link>
        <link name="link1" internal="true" type="A">
          <target><![CDATA[/sites/default/Policies-Files/PRD0014.doc]]></target>
          <uuid>709aca5e-1dc3-11e7-b808-90fba685ef5f</uuid>
        </link>
      </links>
      <content><![CDATA[<p><a href="%(link0)">IT Application Registration Procedure</a></p>
<p><a href="%(link1)">BPU Helpdesk and IT Support Guideline</a></p>]]></content>
    </Text>
  </ApolloSection>
</ApolloSections>
