<?xml version="1.0" encoding="UTF-8"?>

<ApolloSections xmlns:xsi="http://www.w3.org/2001/XMLSchema-instance" xsi:noNamespaceSchemaLocation="opencms://system/modules/org.opencms.apollo/schemas/section.xsd">
  <ApolloSection language="en">
    <Headline><![CDATA[New content section]]></Headline>
    <Text name="Text0">
      <links>
        <link name="link0" internal="true" type="A">
          <target><![CDATA[/sites/default/Forms-and-SAP/Form/IT-F0085H-v1.5.docx]]></target>
          <uuid>1019d5bf-1061-11e7-b2d1-90fba685ef5f</uuid>
        </link>
        <link name="link1" internal="true" type="A">
          <target><![CDATA[/sites/default/Forms-and-SAP/Sample/IT-F0085H-v1.5-Sample.docx]]></target>
          <uuid>f4ccda5d-1060-11e7-b2d1-90fba685ef5f</uuid>
        </link>
        <link name="link2" internal="true" type="A">
          <target><![CDATA[/sites/default/Forms-and-SAP/Form/IT-F0076H-v1.30.docx]]></target>
          <uuid>0ff536b3-1061-11e7-b2d1-90fba685ef5f</uuid>
        </link>
        <link name="link3" internal="true" type="A">
          <target><![CDATA[/sites/default/Forms-and-SAP/Sample/IT-F0076H-v1.30-Sample.docx]]></target>
          <uuid>f4bd49f4-1060-11e7-b2d1-90fba685ef5f</uuid>
        </link>
        <link name="link4" internal="true" type="A">
          <target><![CDATA[/sites/default/Forms-and-SAP/Form/IT-F0109H-v1.5.docx]]></target>
          <uuid>1032dc14-1061-11e7-b2d1-90fba685ef5f</uuid>
        </link>
        <link name="link5" internal="true" type="A">
          <target><![CDATA[/sites/default/Forms-and-SAP/Sample/IT-F0109H-v1.5-Sample.docx]]></target>
          <uuid>f4e5b89c-1060-11e7-b2d1-90fba685ef5f</uuid>
        </link>
        <link name="link6" internal="true" type="A">
          <target><![CDATA[/sites/default/Forms-and-SAP/Form/IT-F0185H-v1.10.docx]]></target>
          <uuid>109d5cf3-1061-11e7-b2d1-90fba685ef5f</uuid>
        </link>
        <link name="link7" internal="true" type="A">
          <target><![CDATA[/sites/default/Forms-and-SAP/Sample/IT-F0185H-v1.10-Sample.docx]]></target>
          <uuid>f51e54f6-1060-11e7-b2d1-90fba685ef5f</uuid>
        </link>
        <link name="link8" internal="true" type="A">
          <target><![CDATA[/sites/default/Forms-and-SAP/Form/IT-F0115H-v1.50.docx]]></target>
          <uuid>1044b673-1061-11e7-b2d1-90fba685ef5f</uuid>
        </link>
        <link name="link9" internal="true" type="A">
          <target><![CDATA[/sites/default/Forms-and-SAP/Sample/IT-F0115H-v1.50-Sample.docx]]></target>
          <uuid>f4f2ff18-1060-11e7-b2d1-90fba685ef5f</uuid>
        </link>
        <link name="link10" internal="true" type="A">
          <target><![CDATA[/sites/default/Forms-and-SAP/Form/IT-F0116H-v1.30.docx]]></target>
          <uuid>104a5bc6-1061-11e7-b2d1-90fba685ef5f</uuid>
        </link>
        <link name="link11" internal="true" type="A">
          <target><![CDATA[/sites/default/Forms-and-SAP/Sample/IT-F0116H-v1.30-Sample.docx]]></target>
          <uuid>f4f65a7b-1060-11e7-b2d1-90fba685ef5f</uuid>
        </link>
        <link name="link12" internal="true" type="A">
          <target><![CDATA[/sites/default/Forms-and-SAP/Form/IT-F0200H-v1.10.docx]]></target>
          <uuid>10e2073d-1061-11e7-b2d1-90fba685ef5f</uuid>
        </link>
        <link name="link13" internal="true" type="A">
          <target><![CDATA[/sites/default/Forms-and-SAP/Sample/COAS_CSH-IT-F0200H-v1.10-Sample.docx]]></target>
          <uuid>17d31235-2015-11e7-b808-90fba685ef5f</uuid>
        </link>
        <link name="link14" internal="true" type="A">
          <target><![CDATA[/sites/default/Forms-and-SAP/Form/IT-F0197-v1.20.docx]]></target>
          <uuid>10d02ce1-1061-11e7-b2d1-90fba685ef5f</uuid>
        </link>
        <link name="link15" internal="true" type="A">
          <target><![CDATA[/sites/default/Forms-and-SAP/Form/CORD-Team-ID-04132017.xlsx]]></target>
          <uuid>bb4c66d9-2023-11e7-b808-90fba685ef5f</uuid>
        </link>
        <link name="link16" internal="true" type="A">
          <target><![CDATA[/sites/default/Forms-and-SAP/Sample/CORD-IT-F0197-v1.20-Sample.docx]]></target>
          <uuid>17f36b78-2015-11e7-b808-90fba685ef5f</uuid>
        </link>
        <link name="link17" internal="true" type="A">
          <target><![CDATA[/sites/default/Forms-and-SAP/Form/IT-F0201-v1.00.docx]]></target>
          <uuid>fb5ca230-139b-11e7-b2d1-90fba685ef5f</uuid>
        </link>
        <link name="link18" internal="true" type="A">
          <target><![CDATA[/sites/default/Forms-and-SAP/Sample/CPCS-IT-F0201-Sample.docx]]></target>
          <uuid>17f714fb-2015-11e7-b808-90fba685ef5f</uuid>
        </link>
        <link name="link19" internal="true" type="A">
          <target><![CDATA[/sites/default/Forms-and-SAP/Form/IT-F0017H-v2.1.docx]]></target>
          <uuid>0f7d956e-1061-11e7-b2d1-90fba685ef5f</uuid>
        </link>
        <link name="link20" internal="true" type="A">
          <target><![CDATA[/sites/default/Forms-and-SAP/Sample/iFE_ParaDM-General-IT-F0017H-v2.1-Sample.docx]]></target>
          <uuid>1844bf04-2015-11e7-b808-90fba685ef5f</uuid>
        </link>
        <link name="link21" internal="true" type="A">
          <target><![CDATA[/sites/default/Forms-and-SAP/Form/IT-F0091H-v2.1.docx]]></target>
          <uuid>1027434b-1061-11e7-b2d1-90fba685ef5f</uuid>
        </link>
        <link name="link22" internal="true" type="A">
          <target><![CDATA[/sites/default/Forms-and-SAP/Sample/iFE_ParaDM-Retail-IT-F0091H-v2.1-Sample.docx]]></target>
          <uuid>18486887-2015-11e7-b808-90fba685ef5f</uuid>
        </link>
        <link name="link23" internal="true" type="A">
          <target><![CDATA[/sites/default/Forms-and-SAP/Form/IT-F0074H-v2.2.docx]]></target>
          <uuid>0feea6fd-1061-11e7-b2d1-90fba685ef5f</uuid>
        </link>
        <link name="link24" internal="true" type="A">
          <target><![CDATA[/sites/default/Forms-and-SAP/Sample/iFE_ParaDM-CRM-IT-F0074H-v2.2-Sample.docx]]></target>
          <uuid>183d930e-2015-11e7-b808-90fba685ef5f</uuid>
        </link>
        <link name="link25" internal="true" type="A">
          <target><![CDATA[/sites/default/Forms-and-SAP/Form/IT-F0110H-v1.6.docx]]></target>
          <uuid>1037be17-1061-11e7-b2d1-90fba685ef5f</uuid>
        </link>
        <link name="link26" internal="true" type="A">
          <target><![CDATA[/sites/default/Forms-and-SAP/Form/iFE-Right-List-1-Jun-15.xlsx]]></target>
          <uuid>10fd096b-1061-11e7-b2d1-90fba685ef5f</uuid>
        </link>
        <link name="link27" internal="true" type="A">
          <target><![CDATA[/sites/default/Forms-and-SAP/Sample/GroupRoleRight-iFE-IT-F0110H-v1.6-Create-Group-Sample.docx]]></target>
          <uuid>1807b5d7-2015-11e7-b808-90fba685ef5f</uuid>
        </link>
        <link name="link28" internal="true" type="A">
          <target><![CDATA[/sites/default/Forms-and-SAP/Sample/GroupRoleRight-iFE-IT-F0110H-v1.6-Create-Role-Sample.docx]]></target>
          <uuid>1813007d-2015-11e7-b808-90fba685ef5f</uuid>
        </link>
        <link name="link29" internal="true" type="A">
          <target><![CDATA[/sites/default/Forms-and-SAP/Sample/GroupRoleRight-iFE-IT-F0110H-v1.6-Create-Right-Sample.docx]]></target>
          <uuid>180c49ba-2015-11e7-b808-90fba685ef5f</uuid>
        </link>
        <link name="link30" internal="true" type="A">
          <target><![CDATA[/sites/default/Forms-and-SAP/Form/IT-F0090H-v1.5.docx]]></target>
          <uuid>1023c0d8-1061-11e7-b2d1-90fba685ef5f</uuid>
        </link>
        <link name="link31" internal="true" type="A">
          <target><![CDATA[/sites/default/Forms-and-SAP/Sample/iFE_ParaDM-For-Prepaid-Wholesale-Agent-IT-F0090H-v1.5-Sample.docx]]></target>
          <uuid>1841b1c1-2015-11e7-b808-90fba685ef5f</uuid>
        </link>
        <link name="link32" internal="true" type="A">
          <target><![CDATA[/sites/default/Forms-and-SAP/Form/IT-F0051H-v1.20.docx]]></target>
          <uuid>0fad7f29-1061-11e7-b2d1-90fba685ef5f</uuid>
        </link>
        <link name="link33" internal="true" type="A">
          <target><![CDATA[/sites/default/Forms-and-SAP/Sample/CTS-IT-F0051H-v1.20-Sampe.docx]]></target>
          <uuid>17fabe7e-2015-11e7-b808-90fba685ef5f</uuid>
        </link>
        <link name="link34" internal="true" type="A">
          <target><![CDATA[/sites/default/Forms-and-SAP/Form/IT-F0120H-v1.20.docx]]></target>
          <uuid>105705ff-1061-11e7-b2d1-90fba685ef5f</uuid>
        </link>
        <link name="link35" internal="true" type="A">
          <target><![CDATA[/sites/default/Forms-and-SAP/Sample/DAP-IT-F0120H-v1.20-Sample.docx]]></target>
          <uuid>17feb521-2015-11e7-b808-90fba685ef5f</uuid>
        </link>
        <link name="link36" internal="true" type="A">
          <target><![CDATA[/sites/default/Forms-and-SAP/Form/IT-F0193H-v1.1.docx]]></target>
          <uuid>10bca4d5-1061-11e7-b2d1-90fba685ef5f</uuid>
        </link>
        <link name="link37" internal="true" type="A">
          <target><![CDATA[/sites/default/Forms-and-SAP/Form/IT-F0193H-v1.1.docx]]></target>
          <uuid>10bca4d5-1061-11e7-b2d1-90fba685ef5f</uuid>
        </link>
        <link name="link38" internal="true" type="A">
          <target><![CDATA[/sites/default/Forms-and-SAP/Form/IT-F0187H-v2.1.docx]]></target>
          <uuid>10a52529-1061-11e7-b2d1-90fba685ef5f</uuid>
        </link>
        <link name="link39" internal="true" type="A">
          <target><![CDATA[/sites/default/Forms-and-SAP/Sample/IT-F0187H-v2.1-Sample.docx]]></target>
          <uuid>f525f61c-1060-11e7-b2d1-90fba685ef5f</uuid>
        </link>
        <link name="link40" internal="true" type="A">
          <target><![CDATA[/sites/default/Forms-and-SAP/Form/IT-F0188H-v1.20.docx]]></target>
          <uuid>10a8326c-1061-11e7-b2d1-90fba685ef5f</uuid>
        </link>
        <link name="link41" internal="true" type="A">
          <target><![CDATA[/sites/default/Forms-and-SAP/Sample/eLearning-IT-F0188H-v1.20-Sample.docx]]></target>
          <uuid>183a85cb-2015-11e7-b808-90fba685ef5f</uuid>
        </link>
        <link name="link42" internal="true" type="A">
          <target><![CDATA[/sites/default/Forms-and-SAP/Form/IT-F0075H-v1.2.docx]]></target>
          <uuid>0ff20260-1061-11e7-b2d1-90fba685ef5f</uuid>
        </link>
        <link name="link43" internal="true" type="A">
          <target><![CDATA[/sites/default/Forms-and-SAP/Sample/IT-F0075H-v1.2-Sample.docx]]></target>
          <uuid>f4b867f1-1060-11e7-b2d1-90fba685ef5f</uuid>
        </link>
        <link name="link44" internal="true" type="A">
          <target><![CDATA[/sites/default/Forms-and-SAP/Form/IT-F0057H-v1.8.docx]]></target>
          <uuid>0fc9e0d5-1061-11e7-b2d1-90fba685ef5f</uuid>
        </link>
        <link name="link45" internal="true" type="A">
          <target><![CDATA[/sites/default/Forms-and-SAP/Sample/IT-F0057H-v1.8-Sample.docx]]></target>
          <uuid>f4a295f2-1060-11e7-b2d1-90fba685ef5f</uuid>
        </link>
        <link name="link46" internal="true" type="A">
          <target><![CDATA[/sites/default/Forms-and-SAP/Form/IT-F0020H-v1.5.docx]]></target>
          <uuid>0f86e441-1061-11e7-b2d1-90fba685ef5f</uuid>
        </link>
        <link name="link47" internal="true" type="A">
          <target><![CDATA[/sites/default/Forms-and-SAP/Sample/IT-F0020H-v1.5-Sample.docx]]></target>
          <uuid>f48c00a0-1060-11e7-b2d1-90fba685ef5f</uuid>
        </link>
        <link name="link48" internal="true" type="A">
          <target><![CDATA[/sites/default/Forms-and-SAP/Form/IT-F0086H-v1.4.docx]]></target>
          <uuid>101d0a12-1061-11e7-b2d1-90fba685ef5f</uuid>
        </link>
        <link name="link49" internal="true" type="A">
          <target><![CDATA[/sites/default/Forms-and-SAP/Sample/IT-F0086H-v1.4-Sample.docx]]></target>
          <uuid>f4d05bd0-1060-11e7-b2d1-90fba685ef5f</uuid>
        </link>
        <link name="link50" internal="true" type="A">
          <target><![CDATA[/sites/default/Forms-and-SAP/Form/IT-F0119H-v1.3.docx]]></target>
          <uuid>1050c46c-1061-11e7-b2d1-90fba685ef5f</uuid>
        </link>
        <link name="link51" internal="true" type="A">
          <target><![CDATA[/sites/default/Forms-and-SAP/Sample/IT-F0119H-v1.3-Sample.docx]]></target>
          <uuid>f4ffa951-1060-11e7-b2d1-90fba685ef5f</uuid>
        </link>
        <link name="link52" internal="true" type="A">
          <target><![CDATA[/sites/default/Forms-and-SAP/Form/IT-F0126H-v1.2.docx]]></target>
          <uuid>106250a8-1061-11e7-b2d1-90fba685ef5f</uuid>
        </link>
        <link name="link53" internal="true" type="A">
          <target><![CDATA[/sites/default/Forms-and-SAP/Sample/IT-F0126H-v1.2-Sample.docx]]></target>
          <uuid>f5096d5a-1060-11e7-b2d1-90fba685ef5f</uuid>
        </link>
        <link name="link54" internal="true" type="A">
          <target><![CDATA[/sites/default/Forms-and-SAP/Form/IT-F0029H-v1.6.docx]]></target>
          <uuid>0f8d4ce4-1061-11e7-b2d1-90fba685ef5f</uuid>
        </link>
        <link name="link55" internal="true" type="A">
          <target><![CDATA[/sites/default/Forms-and-SAP/Sample/IT-F0029H-v1.6-Sample.docx]]></target>
          <uuid>f48f8313-1060-11e7-b2d1-90fba685ef5f</uuid>
        </link>
        <link name="link56" internal="true" type="A">
          <target><![CDATA[/sites/default/Forms-and-SAP/Form/ITN-F0021H-v1.40.docx]]></target>
          <uuid>10f1709c-1061-11e7-b2d1-90fba685ef5f</uuid>
        </link>
        <link name="link57" internal="true" type="A">
          <target><![CDATA[/sites/default/Forms-and-SAP/Sample/ITN-F0021H-v1.40-Sample.docx]]></target>
          <uuid>f53dc3ee-1060-11e7-b2d1-90fba685ef5f</uuid>
        </link>
        <link name="link58" internal="true" type="A">
          <target><![CDATA[/sites/default/Forms-and-SAP/Form/IT-F0198H-v2.1.docx]]></target>
          <uuid>10d58414-1061-11e7-b2d1-90fba685ef5f</uuid>
        </link>
        <link name="link59" internal="true" type="A">
          <target><![CDATA[/sites/default/Forms-and-SAP/Sample/MACS-IT-F0198H-v2.1-Sample.docx]]></target>
          <uuid>1816aa00-2015-11e7-b808-90fba685ef5f</uuid>
        </link>
        <link name="link60" internal="true" type="A">
          <target><![CDATA[/sites/default/Forms-and-SAP/Form/IT-F0055H-v1.2.docx]]></target>
          <uuid>0fc6ac82-1061-11e7-b2d1-90fba685ef5f</uuid>
        </link>
        <link name="link61" internal="true" type="A">
          <target><![CDATA[/sites/default/Forms-and-SAP/Sample/IT-F0055H-v1.2-Sample.docx]]></target>
          <uuid>f49ca27f-1060-11e7-b2d1-90fba685ef5f</uuid>
        </link>
        <link name="link62" internal="true" type="A">
          <target><![CDATA[/sites/default/Forms-and-SAP/Form/IT-F0058H-v1.4.docx]]></target>
          <uuid>0fd29368-1061-11e7-b2d1-90fba685ef5f</uuid>
        </link>
        <link name="link63" internal="true" type="A">
          <target><![CDATA[/sites/default/Forms-and-SAP/Sample/MNP-IT-F0058H-v1.4-Sample.docx]]></target>
          <uuid>181ceb93-2015-11e7-b808-90fba685ef5f</uuid>
        </link>
        <link name="link64" internal="true" type="A">
          <target><![CDATA[/sites/default/Forms-and-SAP/Form/IT-F0030H-v1.3.docx]]></target>
          <uuid>0f9403a7-1061-11e7-b2d1-90fba685ef5f</uuid>
        </link>
        <link name="link65" internal="true" type="A">
          <target><![CDATA[/sites/default/Forms-and-SAP/Sample/IT-F0030H-v1.3-Sample.docx]]></target>
          <uuid>f4932c96-1060-11e7-b2d1-90fba685ef5f</uuid>
        </link>
        <link name="link66" internal="true" type="A">
          <target><![CDATA[/sites/default/Forms-and-SAP/Form/IT-F0192H-v1.5.docx]]></target>
          <uuid>10b4b592-1061-11e7-b2d1-90fba685ef5f</uuid>
        </link>
        <link name="link67" internal="true" type="A">
          <target><![CDATA[/sites/default/Forms-and-SAP/Form/MVNO-Groups-and-Roles-Table.docx]]></target>
          <uuid>10f58f52-1061-11e7-b2d1-90fba685ef5f</uuid>
        </link>
        <link name="link68" internal="true" type="A">
          <target><![CDATA[/sites/default/Forms-and-SAP/Sample/MVNO-IT-F0192H-v1.5-Sample.docx]]></target>
          <uuid>18209516-2015-11e7-b808-90fba685ef5f</uuid>
        </link>
        <link name="link69" internal="true" type="A">
          <target><![CDATA[/sites/default/Forms-and-SAP/Form/IT-F0061H-v1.3.docx]]></target>
          <uuid>0fdb45fe-1061-11e7-b2d1-90fba685ef5f</uuid>
        </link>
        <link name="link70" internal="true" type="A">
          <target><![CDATA[/sites/default/Forms-and-SAP/Sample/IT-F0061H-v1.3-Sample.docx]]></target>
          <uuid>f4adb988-1060-11e7-b2d1-90fba685ef5f</uuid>
        </link>
        <link name="link71" internal="true" type="A">
          <target><![CDATA[/sites/default/Forms-and-SAP/Form/IT-F0122H-v1.1.docx]]></target>
          <uuid>105a1342-1061-11e7-b2d1-90fba685ef5f</uuid>
        </link>
        <link name="link72" internal="true" type="A">
          <target><![CDATA[/sites/default/Forms-and-SAP/Sample/IT-F0122H-v1.1-Sample.docx]]></target>
          <uuid>f502dda4-1060-11e7-b2d1-90fba685ef5f</uuid>
        </link>
        <link name="link73" internal="true" type="A">
          <target><![CDATA[/sites/default/Forms-and-SAP/Form/ITN-F0007H-v1.4.docx]]></target>
          <uuid>10ecb5a6-1061-11e7-b2d1-90fba685ef5f</uuid>
        </link>
        <link name="link74" internal="true" type="A">
          <target><![CDATA[/sites/default/Forms-and-SAP/Sample/ITN-F0007H-v1.4-Sample.docx]]></target>
          <uuid>f533ffe8-1060-11e7-b2d1-90fba685ef5f</uuid>
        </link>
        <link name="link75" internal="true" type="A">
          <target><![CDATA[/sites/default/Forms-and-SAP/Form/IT-F0045H-v1.30.docx]]></target>
          <uuid>0fa51ab3-1061-11e7-b2d1-90fba685ef5f</uuid>
        </link>
        <link name="link76" internal="true" type="A">
          <target><![CDATA[/sites/default/Forms-and-SAP/Sample/PC-Inventory-System-IT-F0045H-v1.30-Sample.docx]]></target>
          <uuid>182772ec-2015-11e7-b808-90fba685ef5f</uuid>
        </link>
        <link name="link77" internal="true" type="A">
          <target><![CDATA[/sites/default/Forms-and-SAP/Form/IT-F0127H-v1.4.docx]]></target>
          <uuid>106536db-1061-11e7-b2d1-90fba685ef5f</uuid>
        </link>
        <link name="link78" internal="true" type="A">
          <target><![CDATA[/sites/default/Forms-and-SAP/Sample/PMS-IT-F0127H-v1.4-Sample.docx]]></target>
          <uuid>182af55f-2015-11e7-b808-90fba685ef5f</uuid>
        </link>
        <link name="link79" internal="true" type="A">
          <target><![CDATA[/sites/default/Forms-and-SAP/Form/IT-F0199-v1.2.docx]]></target>
          <uuid>10db5077-1061-11e7-b2d1-90fba685ef5f</uuid>
        </link>
        <link name="link80" internal="true" type="A">
          <target><![CDATA[/sites/default/Forms-and-SAP/Sample/IT-F0199-v1.2-Sample.docx]]></target>
          <uuid>f52d9742-1060-11e7-b2d1-90fba685ef5f</uuid>
        </link>
        <link name="link81" internal="true" type="A">
          <target><![CDATA[/sites/default/Forms-and-SAP/Form/IT-F0186H-v1.2.docx]]></target>
          <uuid>10a23ef6-1061-11e7-b2d1-90fba685ef5f</uuid>
        </link>
        <link name="link82" internal="true" type="A">
          <target><![CDATA[/sites/default/Forms-and-SAP/Form/Remedy-Support-Group-.No.xlsx]]></target>
          <uuid>10fae688-1061-11e7-b2d1-90fba685ef5f</uuid>
        </link>
        <link name="link83" internal="true" type="A">
          <target><![CDATA[/sites/default/Forms-and-SAP/Sample/IT-F0186H-v1.2-Sample.docx]]></target>
          <uuid>f521d769-1060-11e7-b2d1-90fba685ef5f</uuid>
        </link>
        <link name="link84" internal="true" type="A">
          <target><![CDATA[/sites/default/Forms-and-SAP/Form/IT-F0036H-v1.3.docx]]></target>
          <uuid>0f9e15cd-1061-11e7-b2d1-90fba685ef5f</uuid>
        </link>
        <link name="link85" internal="true" type="A">
          <target><![CDATA[/sites/default/Forms-and-SAP/Sample/IT-F0041H-v1.3-Sample.docx]]></target>
          <uuid>f49660e9-1060-11e7-b2d1-90fba685ef5f</uuid>
        </link>
        <link name="link86" internal="true" type="A">
          <target><![CDATA[/sites/default/Forms-and-SAP/Form/IT-F0041H-v1.4.docx]]></target>
          <uuid>0fa19840-1061-11e7-b2d1-90fba685ef5f</uuid>
        </link>
        <link name="link87" internal="true" type="A">
          <target><![CDATA[/sites/default/Forms-and-SAP/Sample/IT-F0036H-v1.4-Sample.docx]]></target>
          <uuid>f4996e2c-1060-11e7-b2d1-90fba685ef5f</uuid>
        </link>
        <link name="link88" internal="true" type="A">
          <target><![CDATA[/sites/default/Forms-and-SAP/Form/IT-F0054H-v1.2.docx]]></target>
          <uuid>0fc3782f-1061-11e7-b2d1-90fba685ef5f</uuid>
        </link>
        <link name="link89" internal="true" type="A">
          <target><![CDATA[/sites/default/Forms-and-SAP/Sample/SPM-IT-F0054H-v1.2-Sample.docx]]></target>
          <uuid>182ec5f2-2015-11e7-b808-90fba685ef5f</uuid>
        </link>
        <link name="link90" internal="true" type="A">
          <target><![CDATA[/sites/default/Forms-and-SAP/Form/IT-F0077H-v1.5.docx]]></target>
          <uuid>0ff86b06-1061-11e7-b2d1-90fba685ef5f</uuid>
        </link>
        <link name="link91" internal="true" type="A">
          <target><![CDATA[/sites/default/Forms-and-SAP/Sample/IT-F0077H-v1.5-Sample.docx]]></target>
          <uuid>f4c62397-1060-11e7-b2d1-90fba685ef5f</uuid>
        </link>
        <link name="link92" internal="true" type="A">
          <target><![CDATA[/sites/default/Forms-and-SAP/Form/IT-F0093H-v1.4.docx]]></target>
          <uuid>102c254e-1061-11e7-b2d1-90fba685ef5f</uuid>
        </link>
        <link name="link93" internal="true" type="A">
          <target><![CDATA[/sites/default/Forms-and-SAP/Sample/IT-F0093H-v1.4-Sample.docx]]></target>
          <uuid>f4d9aaa6-1060-11e7-b2d1-90fba685ef5f</uuid>
        </link>
        <link name="link94" internal="true" type="A">
          <target><![CDATA[/sites/default/Forms-and-SAP/Form/ITN-F0191H-v1.2.docx]]></target>
          <uuid>10f3937f-1061-11e7-b2d1-90fba685ef5f</uuid>
        </link>
        <link name="link95" internal="true" type="A">
          <target><![CDATA[/sites/default/Forms-and-SAP/Sample/ITN-F0191H-v1.2-Sample.docx]]></target>
          <uuid>f540f841-1060-11e7-b2d1-90fba685ef5f</uuid>
        </link>
        <link name="link96" internal="true" type="A">
          <target><![CDATA[/sites/default/Forms-and-SAP/Form/The-Club-Web-App-Content-Management-Tool.docx]]></target>
          <uuid>5621710a-1ff5-11e7-b808-90fba685ef5f</uuid>
        </link>
        <link name="link97" internal="true" type="A">
          <target><![CDATA[/sites/default/Forms-and-SAP/Sample/The-Club-Web-App-Content-Management-Tool-IT-F0203-v1.0-Sample.docx]]></target>
          <uuid>1836dc48-2015-11e7-b808-90fba685ef5f</uuid>
        </link>
        <link name="link98" internal="true" type="A">
          <target><![CDATA[/sites/default/Forms-and-SAP/Form/IT-F0202H.docx]]></target>
          <uuid>10e562a0-1061-11e7-b2d1-90fba685ef5f</uuid>
        </link>
        <link name="link99" internal="true" type="A">
          <target><![CDATA[/sites/default/Forms-and-SAP/Sample/TMS-IT-F0202H-Sample.docx]]></target>
          <uuid>18324865-2015-11e7-b808-90fba685ef5f</uuid>
        </link>
        <link name="link100" internal="true" type="A">
          <target><![CDATA[/sites/default/Forms-and-SAP/Form/IT-F0118H-v1.4.docx]]></target>
          <uuid>104d9019-1061-11e7-b2d1-90fba685ef5f</uuid>
        </link>
        <link name="link101" internal="true" type="A">
          <target><![CDATA[/sites/default/Forms-and-SAP/Sample/IT-F0118H-v1.4-Sample.docx]]></target>
          <uuid>f4fc74fe-1060-11e7-b2d1-90fba685ef5f</uuid>
        </link>
      </links>
      <content><![CDATA[<table border="2" width="100%">
<tbody>
<tr style="height: 58px;">
<td style="height: 58px; width: 15.1066%;">
<p style="padding-left: 30px;"><strong>Application</strong></p>
</td>
<td style="height: 58px; width: 30.8934%;">
<p style="padding-left: 30px;"><strong>Form</strong></p>
</td>
<td style="height: 58px; width: 20%;">
<p style="padding-left: 30px;"><strong>Form Number</strong></p>
</td>
<td style="height: 58px; width: 25%;">
<p style="padding-left: 30px;"><strong>Sample</strong></p>
</td>
</tr>
<tr style="height: 40px;">
<td style="height: 40px; width: 15.1066%;">
<p style="padding-left: 30px;"><strong>APN</strong></p>
</td>
<td style="height: 40px; width: 30.8934%;">
<p style="padding-left: 30px;"><strong><a href="%(link0)">CSLDCN2-APN Account Registration</a></strong></p>
</td>
<td style="height: 40px; width: 20%;">
<p style="padding-left: 30px;"><strong>IT-F0085H</strong></p>
</td>
<td style="height: 40px; width: 25%;">
<p style="padding-left: 30px;"><strong><a href="%(link1)">APN Sample</a></strong></p>
</td>
</tr>
<tr style="height: 40px;">
<td style="height: 40px; width: 15.1066%;">
<p style="padding-left: 30px;"><strong>AR/ICS</strong></p>
</td>
<td style="height: 40px; width: 30.8934%;">
<p style="padding-left: 30px;"><strong><a href="%(link2)">Account Receivable Account Registration</a></strong></p>
</td>
<td style="height: 40px; width: 20%;">
<p style="padding-left: 30px;"><strong>IT-F0076H</strong></p>
</td>
<td style="height: 40px; width: 25%;">
<p style="padding-left: 30px;"><strong><a href="%(link3)">AR/ICS Sample</a></strong></p>
</td>
</tr>
<tr style="height: 40px;">
<td style="height: 40px; width: 15.1066%;">
<p style="padding-left: 30px;"><strong>BPS</strong></p>
</td>
<td style="height: 40px; width: 30.8934%;">
<p style="padding-left: 30px;"><strong><a href="%(link4)">Bill Presentation System Account Registration</a></strong></p>
</td>
<td style="height: 40px; width: 20%;">
<p style="padding-left: 30px;"><strong>IT-F0109H</strong></p>
</td>
<td style="height: 40px; width: 25%;">
<p style="padding-left: 30px;"><strong><a href="%(link5)">BPS Sample</a></strong></p>
</td>
</tr>
<tr style="height: 40px;">
<td style="height: 40px; width: 15.1066%;">
<p style="padding-left: 30px;"><strong>CCM</strong></p>
</td>
<td style="height: 40px; width: 30.8934%;">
<p style="padding-left: 30px;"><strong><a href="%(link6)">Customer Contact Manager Account Registration</a></strong></p>
</td>
<td style="height: 40px; width: 20%;">
<p style="padding-left: 30px;"><strong>IT-F0185H</strong></p>
</td>
<td style="height: 40px; width: 25%;">
<p style="padding-left: 30px;"><strong><a href="%(link7)">CCM Sample</a></strong></p>
</td>
</tr>
<tr style="height: 40px;">
<td style="height: 40px; width: 15.1066%;">
<p style="padding-left: 30px;"><strong>CDE</strong></p>
</td>
<td style="height: 40px; width: 30.8934%;">
<p style="padding-left: 30px;"><strong><a href="%(link8)">Corporate Data Enquiry Account Registration</a></strong></p>
</td>
<td style="height: 40px; width: 20%;">
<p style="padding-left: 30px;"><strong>IT-F0115H</strong></p>
</td>
<td style="height: 40px; width: 25%;">
<p style="padding-left: 30px;"><strong><a href="%(link9)">CDE Sample</a></strong></p>
</td>
</tr>
<tr style="height: 40px;">
<td style="height: 40px; width: 15.1066%;">
<p style="padding-left: 30px;"><strong>CDM</strong></p>
</td>
<td style="height: 40px; width: 30.8934%;">
<p style="padding-left: 30px;"><strong><a href="%(link10)">Campaign Data Mart Account Registration</a></strong></p>
</td>
<td style="height: 40px; width: 20%;">
<p style="padding-left: 30px;"><strong>IT-F0116H</strong></p>
</td>
<td style="height: 40px; width: 25%;">
<p style="padding-left: 30px;"><strong><a href="%(link11)">CDM Sample</a></strong></p>
</td>
</tr>
<tr style="height: 40px;">
<td style="height: 40px; width: 15.1066%;">
<p style="padding-left: 30px;"><strong>COAS/ CSH</strong></p>
</td>
<td style="height: 40px; width: 30.8934%;">
<p style="padding-left: 30px;"><strong><a href="%(link12)">Corporate Portal Account Registration</a></strong></p>
</td>
<td style="height: 40px; width: 20%;">
<p style="padding-left: 30px;"><strong>IT-F0200H</strong></p>
</td>
<td style="height: 40px; width: 25%;">
<p style="padding-left: 30px;"><strong><a href="%(link13)">COAS/ CSH Sample&nbsp;</a></strong></p>
</td>
</tr>
<tr style="height: 66px;">
<td style="height: 66px; width: 15.1066%;">
<p style="padding-left: 30px;"><strong>CORD</strong></p>
</td>
<td style="height: 66px; width: 30.8934%;">
<p style="padding-left: 30px;"><strong><a href="%(link14)">Corporate Order System Account Registration</a></strong></p>
<p style="padding-left: 60px;"><strong><a href="%(link15)">CORD Team ID</a></strong></p>
</td>
<td style="height: 66px; width: 20%;">
<p style="padding-left: 30px;"><strong>IT-F0197H</strong></p>
</td>
<td style="height: 66px; width: 25%;">
<p style="padding-left: 30px;"><strong><a href="%(link16)">CORD Sample</a></strong></p>
</td>
</tr>
<tr style="height: 40px;">
<td style="height: 40px; width: 15.1066%;">
<p style="padding-left: 30px;"><strong>CPCS</strong></p>
</td>
<td style="height: 40px; width: 30.8934%;">
<p style="padding-left: 30px;"><strong><a href="%(link17)">1010 Corp CS App - CMS Account Registration</a></strong></p>
</td>
<td style="height: 40px; width: 20%;">
<p style="padding-left: 30px;"><strong>IT-F0201</strong></p>
</td>
<td style="height: 40px; width: 25%;">
<p style="padding-left: 30px;"><strong><a href="%(link18)">CPCS Sample</a></strong></p>
</td>
</tr>
<tr style="height: 40px;">
<td style="height: 210.176px; width: 15.1066%;" rowspan="5">
<p style="padding-left: 30px;"><strong>CRM / iFE</strong></p>
</td>
<td style="height: 40px; width: 30.8934%;">
<p style="padding-left: 30px;"><strong><a href="%(link19)">iFE, ParaDM Account Registration (For General User)</a></strong></p>
</td>
<td style="height: 40px; width: 20%;">
<p style="padding-left: 30px;"><strong>IT-F0017H</strong></p>
</td>
<td style="height: 40px; width: 25%; padding-left: 30px;">
<p><strong><a href="%(link20)">iFE, ParaDM Account Registration Sample (For General User)</a></strong></p>
</td>
</tr>
<tr style="height: 40px;">
<td style="height: 40px; width: 30.8934%;">
<p style="padding-left: 30px;"><strong><a href="%(link21)">iFE, ParaDM Account Registration (For Retail User)</a></strong></p>
</td>
<td style="height: 40px; width: 20%;">
<p style="padding-left: 30px;"><strong>IT-F0091H</strong></p>
</td>
<td style="height: 40px; width: 25%; padding-left: 30px;">
<p><strong><a href="%(link22)">iFE, ParaDM Account Registration Sample (For Retail&nbsp;User)</a></strong></p>
</td>
</tr>
<tr style="height: 40px;">
<td style="height: 40px; width: 30.8934%;">
<p style="padding-left: 30px;"><strong><a href="%(link23)">iFE, ParaDM Account Registration (For CRM User)&nbsp;</a></strong></p>
</td>
<td style="height: 40px; width: 20%;">
<p style="padding-left: 30px;"><strong>IT-F0074H</strong></p>
</td>
<td style="height: 40px; width: 25%; padding-left: 30px;">
<p><strong><a href="%(link24)">iFE, ParaDM Account Registration Sample (For CRM&nbsp;User)</a></strong></p>
</td>
</tr>
<tr style="height: 25.1761px;">
<td style="height: 50.1761px; width: 30.8934%;">
<p style="padding-left: 30px;"><strong><a href="%(link25)">Group / Role / Right Registration&nbsp;</a></strong></p>
<p style="padding-left: 60px;"><strong><a href="%(link26)">iFE Right list&nbsp;</a></strong></p>
</td>
<td style="height: 50.1761px; width: 20%;">
<p style="padding-left: 30px;"><strong>IT-F0110H</strong></p>
</td>
<td style="height: 25.1761px; width: 25%; padding-left: 30px;">
<p><strong><a href="%(link27)">Create Group Sample</a></strong></p>
<p><strong><a href="%(link28)">Create Role Sample</a></strong></p>
<p><strong><a href="%(link29)">Create Right&nbsp;Sample</a></strong></p>
</td>
</tr>
<tr style="height: 40px;">
<td style="height: 40px; width: 30.8934%;">
<p style="padding-left: 30px;"><strong><a href="%(link30)">iFE (For Prepaid &amp; Wholesales Agent Only)&nbsp;</a></strong></p>
</td>
<td style="height: 40px; width: 20%;">
<p style="padding-left: 30px;"><strong>IT-F0090H</strong></p>
</td>
<td style="height: 40px; width: 25%; padding-left: 30px;">
<p><strong><a href="%(link31)">iFE Sample(For Prepaid &amp; Wholesales Agent Only)</a></strong></p>
</td>
</tr>
<tr style="height: 40px;">
<td style="height: 40px; width: 15.1066%;">
<p style="padding-left: 30px;"><strong>CTS</strong></p>
</td>
<td style="height: 40px; width: 30.8934%;">
<p style="padding-left: 30px;"><strong><a href="%(link32)">Central Ticketing System Registration</a></strong></p>
</td>
<td style="height: 40px; width: 20%;">
<p style="padding-left: 30px;"><strong>IT-F0051H</strong></p>
</td>
<td style="height: 40px; width: 25%;">
<p style="padding-left: 30px;"><strong><a href="%(link33)">CTS Sample</a></strong></p>
</td>
</tr>
<tr style="height: 40px;">
<td style="height: 40px; width: 15.1066%;">
<p style="padding-left: 30px;"><strong>DAP</strong></p>
</td>
<td style="height: 40px; width: 30.8934%;">
<p style="padding-left: 30px;"><strong><a href="%(link34)">Dynamice Analysis Platform Account Registration</a></strong></p>
</td>
<td style="height: 40px; width: 20%;">
<p style="padding-left: 30px;"><strong>IT-F0120H</strong></p>
</td>
<td style="height: 40px; width: 25%;">
<p style="padding-left: 30px;"><strong><a href="%(link35)">DAP Sample</a></strong></p>
</td>
</tr>
<tr style="height: 25px;">
<td style="height: 25px; width: 15.1066%;">
<p style="padding-left: 30px;"><strong>DCN CDE</strong></p>
</td>
<td style="height: 25px; width: 30.8934%;">
<p style="padding-left: 30px;"><strong><a href="%(link36)">DCN CDE Account Registration</a></strong></p>
</td>
<td style="height: 25px; width: 20%;">
<p style="padding-left: 30px;"><strong>IT-F0193H</strong></p>
</td>
<td style="height: 25px; width: 25%;">
<p style="padding-left: 30px;"><strong><a href="%(link37)">DCN CDE Sample</a></strong></p>
</td>
</tr>
<tr style="height: 40px;">
<td style="height: 40px; width: 15.1066%;">
<p style="padding-left: 30px;"><strong>DOC2</strong></p>
</td>
<td style="height: 40px; width: 30.8934%;">
<p style="padding-left: 30px;"><strong><a href="%(link38)">Document Management System Account Registraion</a></strong></p>
</td>
<td style="height: 40px; width: 20%;">
<p style="padding-left: 30px;"><strong>IT-F0187H</strong></p>
</td>
<td style="height: 40px; width: 25%;">
<p style="padding-left: 30px;"><strong><a href="%(link39)">DOC2 Sample</a></strong></p>
</td>
</tr>
<tr style="height: 25px;">
<td style="height: 25px; width: 15.1066%;">
<p style="padding-left: 30px;"><strong>eLearning</strong></p>
</td>
<td style="height: 25px; width: 30.8934%;">
<p style="padding-left: 30px;"><strong><a href="%(link40)">eLearning Registration</a></strong></p>
</td>
<td style="height: 25px; width: 20%;">
<p style="padding-left: 30px;"><strong>IT-F0188H</strong></p>
</td>
<td style="height: 25px; width: 25%;">
<p style="padding-left: 30px;"><strong><a href="%(link41)">eLearning Sample</a></strong></p>
</td>
</tr>
<tr style="height: 25px;">
<td style="height: 25px; width: 15.1066%;">
<p style="padding-left: 30px;"><strong>FAH</strong></p>
</td>
<td style="height: 25px; width: 30.8934%;">
<p style="padding-left: 30px;"><strong><a href="%(link42)">Fault History Account Registration</a></strong></p>
</td>
<td style="height: 25px; width: 20%;">
<p style="padding-left: 30px;"><strong>IT-F0075H</strong></p>
</td>
<td style="height: 25px; width: 25%;">
<p style="padding-left: 30px;"><strong><a href="%(link43)">FAH Sample</a></strong></p>
</td>
</tr>
<tr style="height: 40px;">
<td style="height: 40px; width: 15.1066%;">
<p style="padding-left: 30px;"><strong>FMS</strong></p>
</td>
<td style="height: 40px; width: 30.8934%;">
<p style="padding-left: 30px;"><strong><a href="%(link44)">Fault Management System Account Registration&nbsp;</a></strong></p>
</td>
<td style="height: 40px; width: 20%;">
<p style="padding-left: 30px;"><strong>IT-F0057H</strong></p>
</td>
<td style="height: 40px; width: 25%;">
<p style="padding-left: 30px;"><strong><a href="%(link45)">FMS Sample</a></strong></p>
</td>
</tr>
<tr style="height: 40px;">
<td style="height: 80px; width: 15.1066%;" rowspan="2">
<p style="padding-left: 30px;"><strong>GSMIS</strong></p>
</td>
<td style="height: 40px; width: 30.8934%;">
<p style="padding-left: 30px;"><strong><a href="%(link46)">GSMIS Backend / Development / Swap Card Account Registration</a></strong></p>
</td>
<td style="height: 40px; width: 20%;">
<p style="padding-left: 30px;"><strong>IT-F0020H</strong></p>
</td>
<td style="height: 40px; width: 25%;">
<p style="padding-left: 30px;"><strong><a href="%(link47)">GSMIS Sample</a></strong></p>
</td>
</tr>
<tr style="height: 40px;">
<td style="height: 40px; width: 30.8934%;">
<p style="padding-left: 30px;"><strong><a href="%(link48)">GSMIS - Dealer / Sub Dealer Registration&nbsp;</a></strong></p>
</td>
<td style="height: 40px; width: 20%;">
<p style="padding-left: 30px;"><strong>IT-F0086H</strong></p>
</td>
<td style="height: 40px; width: 25%;">
<p style="padding-left: 30px;"><strong><a href="%(link49)">GSMIS Sample</a></strong></p>
</td>
</tr>
<tr style="height: 40px;">
<td style="height: 40px; width: 15.1066%;">
<p style="padding-left: 30px;"><strong>HSRM</strong></p>
</td>
<td style="height: 40px; width: 30.8934%;">
<p style="padding-left: 30px;"><strong><a href="%(link50)">Handset Stock Reservation Module Account Registration</a></strong></p>
</td>
<td style="height: 40px; width: 20%;">
<p style="padding-left: 30px;"><strong>IT-F0119H</strong></p>
</td>
<td style="height: 40px; width: 25%;">
<p style="padding-left: 30px;"><strong><a href="%(link51)">HSRM Sample&nbsp;</a></strong></p>
</td>
</tr>
<tr style="height: 25px;">
<td style="height: 25px; width: 15.1066%;">
<p style="padding-left: 30px;"><strong>Hyperion</strong></p>
</td>
<td style="height: 25px; width: 30.8934%;">
<p style="padding-left: 30px;"><strong><a href="%(link52)">Hyperion Account Registration</a></strong></p>
</td>
<td style="height: 25px; width: 20%;">
<p style="padding-left: 30px;"><strong>IT-F0126H</strong></p>
</td>
<td style="height: 25px; width: 25%;">
<p style="padding-left: 30px;"><strong><a href="%(link53)">Hyperion Sample</a></strong></p>
</td>
</tr>
<tr style="height: 40px;">
<td style="height: 40px; width: 15.1066%;">
<p style="padding-left: 30px;"><strong>IDW</strong></p>
</td>
<td style="height: 40px; width: 30.8934%;">
<p style="padding-left: 30px;"><strong><a href="%(link54)">Integrated Data Warehouse Account Registration</a></strong></p>
</td>
<td style="height: 40px; width: 20%;">
<p style="padding-left: 30px;"><strong>IT-F0029H</strong></p>
</td>
<td style="height: 40px; width: 25%;">
<p style="padding-left: 30px;"><strong><a href="%(link55)">IDW Sample</a></strong></p>
</td>
</tr>
<tr style="height: 25px;">
<td style="height: 25px; width: 15.1066%;">
<p style="padding-left: 30px;"><strong>Imaging</strong></p>
</td>
<td style="height: 25px; width: 30.8934%;">
<p style="padding-left: 30px;"><strong><a href="%(link56)">Imaging Account Registration</a></strong></p>
</td>
<td style="height: 25px; width: 20%;">
<p style="padding-left: 30px;"><strong>ITN-F0021H</strong></p>
</td>
<td style="height: 25px; width: 25%;">
<p style="padding-left: 30px;"><strong><a href="%(link57)">Imaging Sample</a></strong></p>
</td>
</tr>
<tr style="height: 56px;">
<td style="height: 56px; width: 15.1066%;">
<p style="padding-left: 30px;"><strong>MACS</strong></p>
</td>
<td style="height: 56px; width: 30.8934%;">
<p style="padding-left: 30px;"><strong><a href="%(link58)">The Customer Engagement &amp; Marketing Automation System Account Registration&nbsp;</a></strong></p>
</td>
<td style="height: 56px; width: 20%;">
<p style="padding-left: 30px;"><strong>IT-F0198H</strong></p>
</td>
<td style="height: 56px; width: 25%;">
<p style="padding-left: 30px;"><strong><a href="%(link59)">MACS Sample</a></strong></p>
</td>
</tr>
<tr style="height: 40px;">
<td style="height: 40px; width: 15.1066%;">
<p style="padding-left: 30px;"><strong>MMD</strong></p>
</td>
<td style="height: 40px; width: 30.8934%;">
<p style="padding-left: 30px;"><strong><a href="%(link60)">Marketing Data Server Account Registration</a></strong></p>
</td>
<td style="height: 40px; width: 20%;">
<p style="padding-left: 30px;"><strong>IT-F0055H</strong></p>
</td>
<td style="height: 40px; width: 25%;">
<p style="padding-left: 30px;"><strong><a href="%(link61)">MMD Sample</a></strong></p>
</td>
</tr>
<tr style="height: 40px;">
<td style="height: 40px; width: 15.1066%;">
<p style="padding-left: 30px;"><strong>MNP</strong></p>
</td>
<td style="height: 40px; width: 30.8934%;">
<p style="padding-left: 30px;"><strong><a href="%(link62)">Mobile Number Portability Account Registration</a></strong></p>
</td>
<td style="height: 40px; width: 20%;">
<p style="padding-left: 30px;"><strong>IT-F0058H</strong></p>
</td>
<td style="height: 40px; width: 25%;">
<p style="padding-left: 30px;"><strong><a href="%(link63)">MNP Sample</a></strong></p>
</td>
</tr>
<tr style="height: 40px;">
<td style="height: 40px; width: 15.1066%;">
<p style="padding-left: 30px;"><strong>M-Roaming Database</strong></p>
</td>
<td style="height: 40px; width: 30.8934%;">
<p style="padding-left: 30px;"><strong><a href="%(link64)">Mobile Roaming Database Account Regisration</a></strong></p>
</td>
<td style="height: 40px; width: 20%;">
<p style="padding-left: 30px;"><strong>IT-F0030H</strong></p>
</td>
<td style="height: 40px; width: 25%;">
<p style="padding-left: 30px;"><strong><a href="%(link65)">M-Roaming Database Sample</a></strong></p>
</td>
</tr>
<tr style="height: 66px;">
<td style="height: 66px; width: 15.1066%;">
<p style="padding-left: 30px;"><strong>MVNO</strong></p>
</td>
<td style="height: 66px; width: 30.8934%;">
<p style="padding-left: 30px;"><strong><a href="%(link66)">Springboard MVNO Account Registration&nbsp;</a></strong></p>
<p style="padding-left: 60px;"><strong><a href="%(link67)">MVNO Group &amp; Role Table&nbsp;</a></strong></p>
</td>
<td style="height: 66px; width: 20%;">
<p style="padding-left: 30px;"><strong>IT-F0192H</strong></p>
</td>
<td style="height: 66px; width: 25%;">
<p style="padding-left: 30px;"><strong><a href="%(link68)">MVNO Sample</a></strong></p>
</td>
</tr>
<tr style="height: 40px;">
<td style="height: 40px; width: 15.1066%;">
<p style="padding-left: 30px;"><strong>OBS</strong></p>
</td>
<td style="height: 40px; width: 30.8934%;">
<p style="padding-left: 30px;"><strong><a href="%(link69)">Offline Bill Image Enquiry System Account Registration</a></strong></p>
</td>
<td style="height: 40px; width: 20%;">
<p style="padding-left: 30px;"><strong>IT-F0061H</strong></p>
</td>
<td style="height: 40px; width: 25%;">
<p style="padding-left: 30px;"><strong><a href="%(link70)">OBS Sample</a></strong></p>
</td>
</tr>
<tr style="height: 40px;">
<td style="height: 40px; width: 15.1066%;">
<p style="padding-left: 30px;"><strong>Online Sales Trackers</strong></p>
</td>
<td style="height: 40px; width: 30.8934%;">
<p style="padding-left: 30px;"><strong><a href="%(link71)">Online Sales Trackers Account Registration</a></strong></p>
</td>
<td style="height: 40px; width: 20%;">
<p style="padding-left: 30px;"><strong>IT-F0122H</strong></p>
</td>
<td style="height: 40px; width: 25%;">
<p style="padding-left: 30px;"><strong><a href="%(link72)">Online Sales Trackers Sample</a></strong></p>
</td>
</tr>
<tr style="height: 25px;">
<td style="height: 25px; width: 15.1066%;">
<p style="padding-left: 30px;"><strong>Paperless</strong></p>
</td>
<td style="height: 25px; width: 30.8934%;">
<p style="padding-left: 30px;"><strong><a href="%(link73)">Paperless Account Registration</a></strong></p>
</td>
<td style="height: 25px; width: 20%;">
<p style="padding-left: 30px;"><strong>IT-F0007H</strong></p>
</td>
<td style="height: 25px; width: 25%;">
<p style="padding-left: 30px;"><strong><a href="%(link74)">Paperless Sample</a></strong></p>
</td>
</tr>
<tr style="height: 40px;">
<td style="height: 40px; width: 15.1066%;">
<p style="padding-left: 30px;"><strong>PC Inventory</strong></p>
</td>
<td style="height: 40px; width: 30.8934%;">
<p style="padding-left: 30px;"><strong><a href="%(link75)">PC Inventory Account Registration</a></strong></p>
</td>
<td style="height: 40px; width: 20%;">
<p style="padding-left: 30px;"><strong>IT-F0045H</strong></p>
</td>
<td style="height: 40px; width: 25%;">
<p style="padding-left: 30px;"><strong><a href="%(link76)">PC Inventory Sample</a>&nbsp;</strong></p>
</td>
</tr>
<tr style="height: 40px;">
<td style="height: 40px; width: 15.1066%;">
<p style="padding-left: 30px;"><strong>PMS</strong></p>
</td>
<td style="height: 40px; width: 30.8934%;">
<p style="padding-left: 30px;"><strong><a href="%(link77)">Performance Management System Account Registration&nbsp;</a></strong></p>
</td>
<td style="height: 40px; width: 20%;">
<p style="padding-left: 30px;"><strong>IT-F0127H</strong></p>
</td>
<td style="height: 40px; width: 25%;">
<p style="padding-left: 30px;"><strong><a href="%(link78)">PMS Sample</a></strong></p>
</td>
</tr>
<tr style="height: 40px;">
<td style="height: 40px; width: 15.1066%;">
<p style="padding-left: 30px;"><strong>PSM</strong></p>
</td>
<td style="height: 40px; width: 30.8934%;">
<p style="padding-left: 30px;"><strong><a href="%(link79)">Prepaid Services Management System Account Registration</a></strong></p>
</td>
<td style="height: 40px; width: 20%;">
<p style="padding-left: 30px;"><strong>IT-F0199</strong></p>
</td>
<td style="height: 40px; width: 25%;">
<p style="padding-left: 30px;"><strong><a href="%(link80)">PSM Sample</a></strong></p>
</td>
</tr>
<tr style="height: 50px;">
<td style="height: 50px; width: 15.1066%;">
<p style="padding-left: 30px;"><strong>Remedy</strong></p>
</td>
<td style="height: 50px; width: 30.8934%;">
<p style="padding-left: 30px;"><strong><a href="%(link81)">Remedy Account Registration</a></strong></p>
<p style="padding-left: 30px;"><strong><a href="%(link82)">Remedy Support Group No.&nbsp;</a></strong></p>
</td>
<td style="height: 50px; width: 20%;">
<p style="padding-left: 30px;"><strong>IT-F0186H&nbsp;</strong></p>
</td>
<td style="height: 50px; width: 25%;">
<p style="padding-left: 30px;"><strong><a href="%(link83)">Remedy Sample</a></strong></p>
</td>
</tr>
<tr style="height: 40px;">
<td style="height: 80px; width: 15.1066%;" rowspan="2">
<p style="padding-left: 30px;"><strong>RSP</strong></p>
</td>
<td style="height: 40px; width: 30.8934%;">
<p style="padding-left: 30px;"><strong><a href="%(link84)">Retail Sales Platform Data Change Registration</a></strong></p>
</td>
<td style="height: 40px; width: 20%;">
<p style="padding-left: 30px;"><strong>IT-F0036H</strong></p>
</td>
<td style="height: 40px; width: 25%;">
<p style="padding-left: 30px;"><strong><a href="%(link85)">RSP Data Change Sample</a></strong></p>
</td>
</tr>
<tr style="height: 40px;">
<td style="height: 40px; width: 30.8934%;">
<p style="padding-left: 30px;"><strong><a href="%(link86)">Retail Sales Platform Account Registration</a></strong></p>
</td>
<td style="height: 40px; width: 20%;">
<p style="padding-left: 30px;"><strong>IT-F0041H</strong></p>
</td>
<td style="height: 40px; width: 25%;">
<p style="padding-left: 30px;"><strong><a href="%(link87)">RSP Sample</a></strong></p>
</td>
</tr>
<tr style="height: 40px;">
<td style="height: 40px; width: 15.1066%;">
<p style="padding-left: 30px;"><strong>SPM</strong></p>
</td>
<td style="height: 40px; width: 30.8934%;">
<p style="padding-left: 30px;"><strong><a href="%(link88)">Sales Performance Monitor Account Registration</a></strong></p>
</td>
<td style="height: 40px; width: 20%;">
<p style="padding-left: 30px;"><strong>IT-F0054H</strong></p>
</td>
<td style="height: 40px; width: 25%;">
<p style="padding-left: 30px;"><strong><a href="%(link89)">SPM Sample</a></strong></p>
</td>
</tr>
<tr style="height: 40px;">
<td style="height: 40px; width: 15.1066%;">
<p style="padding-left: 30px;"><strong>SVPN</strong></p>
</td>
<td style="height: 40px; width: 30.8934%;">
<p style="padding-left: 30px;"><strong><a href="%(link90)">Secure Virtual Private Network Account Registration</a></strong></p>
</td>
<td style="height: 40px; width: 20%;">
<p style="padding-left: 30px;"><strong>IT-F0077H</strong></p>
</td>
<td style="height: 40px; width: 25%;">
<p style="padding-left: 30px;"><strong><a href="%(link91)">SVPN Sample</a></strong></p>
</td>
</tr>
<tr style="height: 25px;">
<td style="height: 25px; width: 15.1066%;">
<p style="padding-left: 30px;"><strong>SP</strong></p>
</td>
<td style="height: 25px; width: 30.8934%;">
<p style="padding-left: 30px;"><strong><a href="%(link92)">Sales Panel Account Registration</a></strong></p>
</td>
<td style="height: 25px; width: 20%;">
<p style="padding-left: 30px;"><strong>IT-F0093H</strong></p>
</td>
<td style="height: 25px; width: 25%;">
<p style="padding-left: 30px;"><strong><a href="%(link93)">SP Sample</a></strong></p>
</td>
</tr>
<tr style="height: 40px;">
<td style="height: 40px; width: 15.1066%;">
<p style="padding-left: 30px;"><strong>The Club Redeem</strong></p>
</td>
<td style="height: 40px; width: 30.8934%;">
<p style="padding-left: 30px;"><strong><a href="%(link94)">The Club Redeem Account Registration</a></strong></p>
</td>
<td style="height: 40px; width: 20%;">
<p style="padding-left: 30px;"><strong>ITN-F0191H</strong></p>
</td>
<td style="height: 40px; width: 25%;">
<p style="padding-left: 30px;"><strong><a href="%(link95)">The Club Redeem Sample</a></strong></p>
</td>
</tr>
<tr style="height: 40px;">
<td style="height: 40px; width: 15.1066%;">
<p style="padding-left: 30px;"><strong>The Club Web / App Content</strong></p>
</td>
<td style="height: 40px; width: 30.8934%;">
<p style="padding-left: 30px;"><strong><a href="%(link96)">The Club Web / App Content Management Tool</a></strong></p>
</td>
<td style="height: 40px; width: 20%;">
<p style="padding-left: 30px;"><strong>IT-F0203</strong></p>
</td>
<td style="height: 40px; width: 25%;">
<p style="padding-left: 30px;"><strong><a href="%(link97)">The Club Web / App Content Sample</a></strong></p>
</td>
</tr>
<tr style="height: 40px;">
<td style="height: 40px; width: 15.1066%;">
<p style="padding-left: 30px;"><strong>TMS</strong></p>
</td>
<td style="height: 40px; width: 30.8934%;">
<p style="padding-left: 30px;"><strong><a href="%(link98)">Transaction Monitoring System Account Registration</a></strong></p>
</td>
<td style="height: 40px; width: 20%;">
<p style="padding-left: 30px;"><strong>IT-F0202H</strong></p>
</td>
<td style="height: 40px; width: 25%;">
<p style="padding-left: 30px;"><strong><a href="%(link99)">TMS Sample</a></strong></p>
</td>
</tr>
<tr style="height: 40px;">
<td style="height: 40px; width: 15.1066%;">
<p style="padding-left: 30px;"><strong>WFM</strong></p>
</td>
<td style="height: 40px; width: 30.8934%;">
<p style="padding-left: 30px;"><strong><a href="%(link100)">Workforce Management Account Registration</a></strong></p>
</td>
<td style="height: 40px; width: 20%;">
<p style="padding-left: 30px;"><strong>IT-F0118H</strong></p>
</td>
<td style="height: 40px; width: 25%;">
<p style="padding-left: 30px;"><strong><a href="%(link101)">WFM Sample</a></strong></p>
</td>
</tr>
</tbody>
</table>
<p><strong>&nbsp;</strong></p>]]></content>
    </Text>
  </ApolloSection>
</ApolloSections>
