<?xml version="1.0" encoding="UTF-8"?>

<ApolloSections xmlns:xsi="http://www.w3.org/2001/XMLSchema-instance" xsi:noNamespaceSchemaLocation="opencms://system/modules/org.opencms.apollo/schemas/section.xsd">
  <ApolloSection language="en">
    <Headline><![CDATA[New content section]]></Headline>
    <Text name="Text0">
      <links>
        <link name="link0" internal="true" type="A">
          <target><![CDATA[/sites/default/Project-CR-Form-IT-Applications-v2.0-3.doc]]></target>
          <uuid>f81e9547-0aed-11e7-b2d1-90fba685ef5f</uuid>
        </link>
      </links>
      <content><![CDATA[<h3>Download:&nbsp;<a href="%(link0)">Project CR Form</a></h3>]]></content>
    </Text>
  </ApolloSection>
</ApolloSections>
