<?xml version="1.0" encoding="UTF-8"?>

<ApolloSections xmlns:xsi="http://www.w3.org/2001/XMLSchema-instance" xsi:noNamespaceSchemaLocation="opencms://system/modules/org.opencms.apollo/schemas/section.xsd">
  <ApolloSection language="en">
    <Headline><![CDATA[New content section]]></Headline>
    <Text name="Text0">
      <links>
        <link name="link0" internal="true" type="A">
          <target><![CDATA[/sites/default/Policies-Files/UCM0002.doc]]></target>
          <uuid>70b07450-1dc3-11e7-b808-90fba685ef5f</uuid>
        </link>
        <link name="link1" internal="true" type="A">
          <target><![CDATA[/sites/default/Policies-Files/UCM0001.doc]]></target>
          <uuid>70ac569d-1dc3-11e7-b808-90fba685ef5f</uuid>
        </link>
        <link name="link2" internal="true" type="A">
          <target><![CDATA[/sites/default/Policies-Files/Introduction-to-the-CAB-v1.2.pptx]]></target>
          <uuid>7055f90a-1dc3-11e7-b808-90fba685ef5f</uuid>
        </link>
        <link name="link3" internal="true" type="A">
          <target><![CDATA[/sites/default/Policies-Files/CAB-Meeting-Submission-Schedule.docx]]></target>
          <uuid>d8b0e30c-1397-11e7-b2d1-90fba685ef5f</uuid>
        </link>
        <link name="link4" internal="true" type="A">
          <target><![CDATA[/sites/default/Policies-Files/CAB-Standard-Meeting-Submission-Schedule-.docx]]></target>
          <uuid>d8b3c93f-1397-11e7-b2d1-90fba685ef5f</uuid>
        </link>
        <link name="link5" internal="true" type="A">
          <target><![CDATA[/sites/default/Policies-Files/UIM0002.doc]]></target>
          <uuid>70b3cfb3-1dc3-11e7-b808-90fba685ef5f</uuid>
        </link>
        <link name="link6" internal="true" type="A">
          <target><![CDATA[/sites/default/Policies-Files/UPM0002.doc]]></target>
          <uuid>70bafba9-1dc3-11e7-b808-90fba685ef5f</uuid>
        </link>
        <link name="link7" internal="true" type="A">
          <target><![CDATA[/sites/default/Policies-Files/UPM0001.doc]]></target>
          <uuid>70b7ee66-1dc3-11e7-b808-90fba685ef5f</uuid>
        </link>
        <link name="link8" internal="true" type="A">
          <target><![CDATA[/sites/default/Policies-Files/OS0008.doc]]></target>
          <uuid>707a49f6-1dc3-11e7-b808-90fba685ef5f</uuid>
        </link>
        <link name="link9" internal="true" type="A">
          <target><![CDATA[/sites/default/Policies-Files/OI0001.doc]]></target>
          <uuid>706d9fbd-1dc3-11e7-b808-90fba685ef5f</uuid>
        </link>
      </links>
      <content><![CDATA[<table border="2" width="100%">
<tbody>
<tr>
<td width="681">
<h5 style="padding-left: 30px;"><strong>Document Name</strong></h5>
</td>
<td width="320">
<h5 style="padding-left: 30px;"><strong>File</strong></h5>
</td>
</tr>
<tr>
<td style="padding-left: 30px;" width="681">Change Management Procedure</td>
<td style="padding-left: 30px;" width="320"><a href="%(link0)">UCM0002</a></td>
</tr>
<tr>
<td style="padding-left: 30px;">Change Management Guideline for IT</td>
<td style="padding-left: 30px;"><a href="%(link1)">UCM0001</a></td>
</tr>
<tr>
<td style="padding-left: 30px;">Introduction of a Change Advisory Board (CAB)</td>
<td style="padding-left: 30px;"><a href="%(link2)">Introduction to the CAB v1.2</a></td>
</tr>
<tr>
<td style="padding-left: 30px;">Change Advisory Board (CAB) - Meeting &amp; Submission Schedule</td>
<td style="padding-left: 30px;"><a href="%(link3)">CAB Meeting Submisison Schedule</a></td>
</tr>
<tr>
<td style="padding-left: 30px;">Change Advisory Board (CAB) - Standard Meeting &amp; Submission Schedule</td>
<td style="padding-left: 30px;"><a href="%(link4)">CAB Standard Meeting Submission Schedule</a></td>
</tr>
<tr>
<td style="padding-left: 30px;">Incident Management Procedure</td>
<td style="padding-left: 30px;"><a href="%(link5)">UIM0002</a></td>
</tr>
<tr>
<td style="padding-left: 30px;">Incident/Problem Management Guideline for IT and Users</td>
<td style="padding-left: 30px;"><a href="%(link6)">UPM0002</a></td>
</tr>
<tr>
<td style="padding-left: 30px;">Problem Management Procedure</td>
<td style="padding-left: 30px;"><a href="%(link7)">UPM0001</a></td>
</tr>
<tr>
<td style="padding-left: 30px;">Data Center Physical Security Control Procedure</td>
<td style="padding-left: 30px;"><a href="%(link8)">OS0008</a></td>
</tr>
<tr>
<td style="padding-left: 30px;">IT Fixed Asset Management Flow</td>
<td style="padding-left: 30px;"><a href="%(link9)">OI0001</a></td>
</tr>
</tbody>
</table>
<p>&nbsp;</p>]]></content>
    </Text>
  </ApolloSection>
</ApolloSections>
