<?xml version="1.0" encoding="UTF-8"?>

<ApolloSections xmlns:xsi="http://www.w3.org/2001/XMLSchema-instance" xsi:noNamespaceSchemaLocation="opencms://system/modules/org.opencms.apollo/schemas/section.xsd">
  <ApolloSection language="en">
    <Headline><![CDATA[Email and Office Communicator]]></Headline>
    <Text name="Text0">
      <links/>
      <content><![CDATA[<h3 class="pull-left">Email and MOCS - Standards, Policies, Procedures and Guidelines</h3>]]></content>
    </Text>
  </ApolloSection>
</ApolloSections>
