<?xml version="1.0" encoding="UTF-8"?>

<ApolloSections xmlns:xsi="http://www.w3.org/2001/XMLSchema-instance" xsi:noNamespaceSchemaLocation="opencms://system/modules/org.opencms.apollo/schemas/section.xsd">
  <ApolloSection language="en">
    <Headline><![CDATA[New content section]]></Headline>
    <Text name="Text0">
      <links>
        <link name="link0" internal="true" type="A">
          <target><![CDATA[/sites/default/GDCN/GDCN-Software-Usage-Policy-Version-1.1.pdf]]></target>
          <uuid>a0ac7782-1db6-11e7-b808-90fba685ef5f</uuid>
        </link>
        <link name="link1" internal="true" type="A">
          <target><![CDATA[/sites/default/GDCN/GDCN-Software-Purchase-and-Adoption-Policy-Version-1.1.pdf]]></target>
          <uuid>a0a4af4f-1db6-11e7-b808-90fba685ef5f</uuid>
        </link>
        <link name="link2" internal="false" type="A">
          <target><![CDATA[http://csms.pccw.com/dls/standards/corplicense.htm]]></target>
        </link>
        <link name="link3" internal="true" type="A">
          <target><![CDATA[/sites/default/GDCN/nonstdsw.doc]]></target>
          <uuid>91daac88-1db6-11e7-b808-90fba685ef5f</uuid>
        </link>
        <link name="link4" internal="false" type="A">
          <target><![CDATA[http://csms.pccw.com/dls/standards/format.htm]]></target>
        </link>
        <link name="link5" internal="true" type="A">
          <target><![CDATA[/sites/default/Policies-Files/PSW0001.doc]]></target>
          <uuid>70a8860a-1dc3-11e7-b808-90fba685ef5f</uuid>
        </link>
        <link name="link6" internal="true" type="A">
          <target><![CDATA[/sites/default/Policies-Files/PMD0001.doc]]></target>
          <uuid>7096d2bb-1dc3-11e7-b808-90fba685ef5f</uuid>
        </link>
      </links>
      <content><![CDATA[<table style="height: 100%;" border="2" width="100%">
<tbody>
<tr>
<td style="width: 453px;">
<h5 style="padding-left: 30px;"><strong>Document Name</strong></h5>
</td>
<td style="width: 221px;">
<h5 style="padding-left: 30px;"><strong>File Name</strong></h5>
</td>
</tr>
<tr>
<td style="width: 453px; padding-left: 30px;">GDCN Software Usage Policy</td>
<td style="width: 221px; padding-left: 30px;"><a href="%(link0)">GDCN Software Usage Policy</a></td>
</tr>
<tr>
<td style="width: 453px; padding-left: 30px;">GDCN Software Purchase and Adoption Policy</td>
<td style="width: 221px; padding-left: 30px;"><a href="%(link1)">GDCN Software Purchase and Adoption Policy&nbsp;</a></td>
</tr>
<tr>
<td style="width: 453px; padding-left: 30px;">PCCW Coporate License Software</td>
<td style="width: 221px; padding-left: 30px;"><a href="%(link2)">http://csms.pccw.com/dls/standards/corplicense.htm</a></td>
</tr>
<tr>
<td style="width: 453px; padding-left: 30px;">Authorized Non-PCCW Standard Software that do not require "DLS, Service Requests" approval</td>
<td style="width: 221px; padding-left: 30px;"><a href="%(link3)">Authorized Non-PCCW Standard Software that do not require "DLS, Service Requests" approval</a></td>
</tr>
<tr>
<td style="width: 453px; padding-left: 30px;">MS Office File Formats</td>
<td style="width: 221px; padding-left: 30px;"><a href="%(link4)">http://csms.pccw.com/dls/standards/format.htm</a></td>
</tr>
<tr>
<td style="width: 453px; padding-left: 30px;">PC Software Policy for BPU IT Supported Devices</td>
<td style="width: 221px; padding-left: 30px;"><a href="%(link5)">PSW0001</a></td>
</tr>
<tr>
<td style="width: 453px; padding-left: 30px;">Mobile Application Development Standards and Guidelines</td>
<td style="width: 221px; padding-left: 30px;"><a href="%(link6)">PMD0001</a></td>
</tr>
</tbody>
</table>]]></content>
    </Text>
  </ApolloSection>
</ApolloSections>
