<?xml version="1.0" encoding="UTF-8"?>

<ApolloSections xmlns:xsi="http://www.w3.org/2001/XMLSchema-instance" xsi:noNamespaceSchemaLocation="opencms://system/modules/org.opencms.apollo/schemas/section.xsd">
  <ApolloSection language="en">
    <Headline><![CDATA[New content section]]></Headline>
    <Text name="Text0">
      <links>
        <link name="link0" internal="true" type="A">
          <target><![CDATA[/sites/default/Forms-and-SAP/Form/IT-F0130H-v1.2.docx]]></target>
          <uuid>10686b2e-1061-11e7-b2d1-90fba685ef5f</uuid>
        </link>
        <link name="link1" internal="true" type="A">
          <target><![CDATA[/sites/default/Forms-and-SAP/Sample/IT-F0130H-v1.2-Sample.docx]]></target>
          <uuid>f50cc8bd-1060-11e7-b2d1-90fba685ef5f</uuid>
        </link>
        <link name="link2" internal="true" type="A">
          <target><![CDATA[/sites/default/Forms-and-SAP/Form/IT-F0195-v1.2.docx]]></target>
          <uuid>10c445fb-1061-11e7-b2d1-90fba685ef5f</uuid>
        </link>
        <link name="link3" internal="true" type="A">
          <target><![CDATA[/sites/default/Forms-and-SAP/Sample/File-Service-IT-F0195-v1.2-Sample.docx]]></target>
          <uuid>1803e544-2015-11e7-b808-90fba685ef5f</uuid>
        </link>
        <link name="link4" internal="true" type="A">
          <target><![CDATA[/sites/default/Forms-and-SAP/Form/IT-F0194-v1.3.docx]]></target>
          <uuid>10c111a8-1061-11e7-b2d1-90fba685ef5f</uuid>
        </link>
        <link name="link5" internal="true" type="A">
          <target><![CDATA[/sites/default/Forms-and-SAP/Form/Privilege-Account-Template-v3.0.xlsx]]></target>
          <uuid>10f76415-1061-11e7-b2d1-90fba685ef5f</uuid>
        </link>
        <link name="link6" internal="true" type="A">
          <target><![CDATA[/sites/default/Forms-and-SAP/Form/IT-F0196H-v1.1.docx]]></target>
          <uuid>10cad5ae-1061-11e7-b2d1-90fba685ef5f</uuid>
        </link>
      </links>
      <content><![CDATA[<table border="2" width="100%">
<tbody>
<tr>
<td style="width: 19.5049%;">
<p style="padding-left: 30px;"><strong>Application</strong></p>
</td>
<td style="width: 32.7095%;">
<p style="padding-left: 30px;"><strong>Form&nbsp;</strong></p>
</td>
<td style="width: 17.9487%;">
<p style="padding-left: 30px;"><strong>Form Number</strong></p>
</td>
<td style="width: 26.8065%;">
<p style="padding-left: 30px;"><strong>Sample</strong></p>
</td>
</tr>
<tr>
<td style="width: 19.5049%;">
<p style="padding-left: 30px;"><strong>DIM</strong></p>
</td>
<td style="width: 32.7095%;">
<p style="padding-left: 30px;"><strong><a href="%(link0)">DCN IP Address Management System&nbsp;</a></strong></p>
</td>
<td style="width: 17.9487%;">
<p style="padding-left: 30px;"><strong>IT-F0130H</strong></p>
</td>
<td style="width: 26.8065%;">
<p style="padding-left: 30px;"><strong><a href="%(link1)">DIM Sample</a></strong></p>
</td>
</tr>
<tr>
<td style="width: 19.5049%;">
<p style="padding-left: 30px;"><strong>File Service</strong></p>
</td>
<td style="width: 32.7095%;">
<p style="padding-left: 30px;"><strong><a href="%(link2)">File Service Registration</a></strong></p>
</td>
<td style="width: 17.9487%;">
<p style="padding-left: 30px;"><strong>IT-F00195&nbsp;</strong></p>
</td>
<td style="width: 26.8065%;">
<p style="padding-left: 30px;"><strong><a href="%(link3)">File Service Sample</a></strong></p>
</td>
</tr>
<tr>
<td style="width: 19.5049%;">
<p style="padding-left: 30px;"><strong>Privilege Account</strong>&nbsp;&nbsp;</p>
<p>&nbsp;</p>
</td>
<td style="width: 32.7095%;">
<p style="padding-left: 30px;"><strong><a href="%(link4)">Privilege Account Registration</a></strong></p>
<p style="padding-left: 60px;"><strong><em><a href="%(link5)">Privilege Account Template</a></em></strong></p>
</td>
<td style="width: 17.9487%;">
<p style="padding-left: 30px;"><strong>IT-F0194H</strong></p>
<p><strong>&nbsp;</strong></p>
</td>
<td style="width: 26.8065%;">
<p style="padding-left: 30px;"><strong>N/A</strong></p>
<p>&nbsp;</p>
</td>
</tr>
<tr>
<td style="width: 19.5049%;">
<p style="padding-left: 30px;"><strong>Server Access</strong></p>
</td>
<td style="width: 32.7095%;">
<p style="padding-left: 30px;"><strong><a href="%(link6)">Server Access Registration</a></strong></p>
</td>
<td style="width: 17.9487%;">
<p style="padding-left: 30px;"><strong>IT-F0196H</strong></p>
</td>
<td style="width: 26.8065%;">
<p style="padding-left: 30px;"><strong>N/A</strong></p>
</td>
</tr>
</tbody>
</table>
<p>&nbsp;</p>
<p>&nbsp;</p>
<p>&nbsp;</p>]]></content>
    </Text>
  </ApolloSection>
</ApolloSections>
