<?xml version="1.0" encoding="UTF-8"?>

<ApolloSections xmlns:xsi="http://www.w3.org/2001/XMLSchema-instance" xsi:noNamespaceSchemaLocation="opencms://system/modules/org.opencms.apollo/schemas/section.xsd">
  <ApolloSection language="en">
    <Headline><![CDATA[Desktop]]></Headline>
    <Text name="Text0">
      <links>
        <link name="link0" internal="true" type="A">
          <target><![CDATA[/sites/default/GDCN/DesktopStandard_20161026_f.pdf]]></target>
          <uuid>2d2257f8-1db9-11e7-b808-90fba685ef5f</uuid>
        </link>
        <link name="link1" internal="true" type="A">
          <target><![CDATA[/sites/default/GDCN/GDCN-Desktop-and-Notebook-Energy-Saving-Policy-Version-1.1-1.pdf]]></target>
          <uuid>2d40dc7b-1db9-11e7-b808-90fba685ef5f</uuid>
        </link>
        <link name="link2" internal="true" type="A">
          <target><![CDATA[/sites/default/GDCN/GDCN-Desktop-and-Notebook-Security-Policy-Version-2.1.pdf]]></target>
          <uuid>d3e9f62e-1db9-11e7-b808-90fba685ef5f</uuid>
        </link>
        <link name="link3" internal="true" type="A">
          <target><![CDATA[/sites/default/GDCN/GDCN-Desktop-and-Notebook-Usage-Policy-Version-1.2.pdf]]></target>
          <uuid>2d5304f1-1db9-11e7-b808-90fba685ef5f</uuid>
        </link>
        <link name="link4" internal="true" type="A">
          <target><![CDATA[/sites/default/GDCN/GDCN-Printing-Usage-Policy-Version-1.1.pdf]]></target>
          <uuid>2d580e04-1db9-11e7-b808-90fba685ef5f</uuid>
        </link>
        <link name="link5" internal="true" type="A">
          <target><![CDATA[/sites/default/GDCN/PCMapping.pdf]]></target>
          <uuid>2d61aaf7-1db9-11e7-b808-90fba685ef5f</uuid>
        </link>
        <link name="link6" internal="true" type="A">
          <target><![CDATA[/sites/default/Policies-Files/PD0001.doc]]></target>
          <uuid>708609cf-1dc3-11e7-b808-90fba685ef5f</uuid>
        </link>
      </links>
      <content><![CDATA[<p><a href="%(link0)">Desktop PC Standard for Connection to GDCN</a></p>
<p><a href="%(link1)">GDCN Desktop and Notebook Energy Saving Policy</a></p>
<p><a href="%(link2)">GDCN Desktop and Notebook Security Policy</a></p>
<p><a href="%(link3)">GDCN Desktop and Notebook Usage Policy</a></p>
<p><a href="%(link4)">GDCN Printing Usage Policy</a></p>
<p><a href="%(link5)">PCCW Hardware Mapping Standard</a></p>
<p><a href="%(link6)">Desktop Standards and Policies for BPU IT</a></p>]]></content>
    </Text>
  </ApolloSection>
</ApolloSections>
