<?xml version="1.0" encoding="UTF-8"?>

<ApolloSections xmlns:xsi="http://www.w3.org/2001/XMLSchema-instance" xsi:noNamespaceSchemaLocation="opencms://system/modules/org.opencms.apollo/schemas/section.xsd">
  <ApolloSection language="en">
    <Headline><![CDATA[User Request(UR Request)]]></Headline>
    <Image>
      <Image>
        <link type="WEAK">
          <target><![CDATA[/sites/default/.galleries/office/UR.jpg]]></target>
          <uuid>ac527fc3-0adc-11e7-b2d1-90fba685ef5f</uuid>
        </link>
      </Image>
    </Image>
  </ApolloSection>
</ApolloSections>
