<?xml version="1.0" encoding="UTF-8"?>

<ApolloSections xmlns:xsi="http://www.w3.org/2001/XMLSchema-instance" xsi:noNamespaceSchemaLocation="opencms://system/modules/org.opencms.apollo/schemas/section.xsd">
  <ApolloSection language="en">
    <Headline><![CDATA[Project CR Form Download]]></Headline>
    <Text name="Text0">
      <links>
        <link name="link0" internal="false" type="A">
          <target><![CDATA[http://sharepoint.pccw.com/sites/BPU-IT-PUBLIC/SiteAssets/SitePages/CR%20Process/Project%20CR%20Form%20-%20IT%20Applications%20v2.0.doc]]></target>
        </link>
      </links>
      <content><![CDATA[<p><a href="%(link0)">Project CR IT Applications v2.0</a></p>]]></content>
    </Text>
  </ApolloSection>
</ApolloSections>
