<?xml version="1.0" encoding="UTF-8"?>

<ApolloSections xmlns:xsi="http://www.w3.org/2001/XMLSchema-instance" xsi:noNamespaceSchemaLocation="opencms://system/modules/org.opencms.apollo/schemas/section.xsd">
  <ApolloSection language="en">
    <Headline><![CDATA[New content section]]></Headline>
    <Text name="Text0">
      <links>
        <link name="link0" internal="true" type="A">
          <target><![CDATA[/sites/default/GDCN/Guide-for-Installation-MS-Office-2007-file-format-converters.pdf]]></target>
          <uuid>398cde4d-1dc7-11e7-b808-90fba685ef5f</uuid>
        </link>
        <link name="link1" internal="true" type="A">
          <target><![CDATA[/sites/default/Policies-Files/Access-2010.xls]]></target>
          <uuid>d878bc09-1397-11e7-b2d1-90fba685ef5f</uuid>
        </link>
        <link name="link2" internal="true" type="A">
          <target><![CDATA[/sites/default/Policies-Files/Excel-2010.xls]]></target>
          <uuid>d8bb6a62-1397-11e7-b2d1-90fba685ef5f</uuid>
        </link>
        <link name="link3" internal="true" type="A">
          <target><![CDATA[/sites/default/Policies-Files/Outlook-2010.xls]]></target>
          <uuid>d8bf3af5-1397-11e7-b2d1-90fba685ef5f</uuid>
        </link>
        <link name="link4" internal="true" type="A">
          <target><![CDATA[/sites/default/Policies-Files/Powerpoint-2010.xls]]></target>
          <uuid>d8e90a21-1397-11e7-b2d1-90fba685ef5f</uuid>
        </link>
        <link name="link5" internal="true" type="A">
          <target><![CDATA[/sites/default/Policies-Files/Word-2010.xls]]></target>
          <uuid>e479db32-1397-11e7-b2d1-90fba685ef5f</uuid>
        </link>
        <link name="link6" internal="true" type="A">
          <target><![CDATA[/sites/default/GDCN/Procedure_for_OTF_Version_2.0.x_Installation-User.pdf]]></target>
          <uuid>39a4ac13-1dc7-11e7-b808-90fba685ef5f</uuid>
        </link>
        <link name="link7" internal="true" type="A">
          <target><![CDATA[/sites/default/GDCN/Procedure-to-Migrate-to-New-OTF-Platform.pdf]]></target>
          <uuid>3998c530-1dc7-11e7-b808-90fba685ef5f</uuid>
        </link>
        <link name="link8" internal="true" type="A">
          <target><![CDATA[/sites/default/Policies-Files/UI0013.doc]]></target>
          <uuid>d9593144-1397-11e7-b2d1-90fba685ef5f</uuid>
        </link>
        <link name="link9" internal="true" type="A">
          <target><![CDATA[/sites/default/Policies-Files/UI0007.doc]]></target>
          <uuid>d950f3e1-1397-11e7-b2d1-90fba685ef5f</uuid>
        </link>
        <link name="link10" internal="true" type="A">
          <target><![CDATA[/sites/default/Policies-Files/UI0015.doc]]></target>
          <uuid>e41e2687-1397-11e7-b2d1-90fba685ef5f</uuid>
        </link>
        <link name="link11" internal="true" type="A">
          <target><![CDATA[/sites/default/Policies-Files/Sales-Channel-Hierarchy-Consumer-Group-20160211.xlsx]]></target>
          <uuid>d8f84c6a-1397-11e7-b2d1-90fba685ef5f</uuid>
        </link>
        <link name="link12" internal="true" type="A">
          <target><![CDATA[/sites/default/Policies-Files/Sales-Channel-Hierarchy-Corporate-20160620.xlsx]]></target>
          <uuid>d8fabd6d-1397-11e7-b2d1-90fba685ef5f</uuid>
        </link>
        <link name="link13" internal="true" type="A">
          <target><![CDATA[/sites/default/Policies-Files/Sales-Channel-Hierarchy-CRM-20161012.xlsx]]></target>
          <uuid>d8ec8c94-1397-11e7-b2d1-90fba685ef5f</uuid>
        </link>
        <link name="link14" internal="true" type="A">
          <target><![CDATA[/sites/default/Policies-Files/Sales-Channel-Hierarchy-CSO-20160428.xlsx]]></target>
          <uuid>d8f12077-1397-11e7-b2d1-90fba685ef5f</uuid>
        </link>
        <link name="link15" internal="true" type="A">
          <target><![CDATA[/sites/default/Policies-Files/Sales-Channel-Hierarchy-Mass-Market-20170206.xls]]></target>
          <uuid>d9003bb0-1397-11e7-b2d1-90fba685ef5f</uuid>
        </link>
        <link name="link16" internal="true" type="A">
          <target><![CDATA[/sites/default/Policies-Files/PRD0006.doc]]></target>
          <uuid>d8d02aeb-1397-11e7-b2d1-90fba685ef5f</uuid>
        </link>
        <link name="link17" internal="true" type="A">
          <target><![CDATA[/sites/default/Policies-Files/UR-System-Guidelines-for-IT-Users.ppt]]></target>
          <uuid>e43de393-1397-11e7-b2d1-90fba685ef5f</uuid>
        </link>
        <link name="link18" internal="true" type="A">
          <target><![CDATA[/sites/default/Policies-Files/UR-System-User-Guide-for-Users.doc]]></target>
          <uuid>e466c85c-1397-11e7-b2d1-90fba685ef5f</uuid>
        </link>
        <link name="link19" internal="true" type="A">
          <target><![CDATA[/sites/default/Policies-Files/UR-System-User-Guide-for-IT-Users.doc]]></target>
          <uuid>e4466f19-1397-11e7-b2d1-90fba685ef5f</uuid>
        </link>
        <link name="link20" internal="true" type="A">
          <target><![CDATA[/sites/default/Policies-Files/UR-System-Guidelines-for-Users.ppt]]></target>
          <uuid>e442c596-1397-11e7-b2d1-90fba685ef5f</uuid>
        </link>
        <link name="link21" internal="true" type="A">
          <target><![CDATA[/sites/default/Policies-Files/UR-Report-Guidelines.ppt]]></target>
          <uuid>e436426d-1397-11e7-b2d1-90fba685ef5f</uuid>
        </link>
        <link name="link22" internal="true" type="A">
          <target><![CDATA[/sites/default/Policies-Files/UR-Reports-Manual.doc]]></target>
          <uuid>e43b2470-1397-11e7-b2d1-90fba685ef5f</uuid>
        </link>
        <link name="link23" internal="true" type="A">
          <target><![CDATA[/sites/default/Policies-Files/UR-Procedure.ppt]]></target>
          <uuid>e432bffa-1397-11e7-b2d1-90fba685ef5f</uuid>
        </link>
      </links>
      <content><![CDATA[<table border="2" width="100%">
<tbody>
<tr>
<td width="681">
<h5 style="padding-left: 30px;"><strong>Document Name</strong></h5>
</td>
<td width="320">
<h5 style="padding-left: 30px;"><strong>File Name</strong></h5>
</td>
</tr>
<tr>
<td style="padding-left: 30px;" width="681">Guide for Installation MS Office 2007 file format converters</td>
<td style="padding-left: 30px;"><a href="%(link0)">Guide for Installation MS Office 2007 file format converters</a></td>
</tr>
<tr>
<td style="padding-left: 30px;">Access 2010: Menu to ribbon reference</td>
<td style="padding-left: 30px;"><a href="%(link1)">Access 2010</a></td>
</tr>
<tr>
<td style="padding-left: 30px;">Excel 2010: Menu to ribbon reference</td>
<td style="padding-left: 30px;"><a href="%(link2)">Excel 2010</a></td>
</tr>
<tr>
<td style="padding-left: 30px;">Outlook 2010: Menu to ribbon reference</td>
<td style="padding-left: 30px;"><a href="%(link3)">Outlook 2010</a></td>
</tr>
<tr>
<td style="padding-left: 30px;">Powerpoint 2010: Menu to ribbon reference</td>
<td style="padding-left: 30px;"><a href="%(link4)">Powerpoint 2010</a></td>
</tr>
<tr>
<td style="padding-left: 30px;">Word 2010: Menu to ribbon reference</td>
<td style="padding-left: 30px;"><a href="%(link5)">Word 2010</a></td>
</tr>
<tr>
<td style="padding-left: 30px;" width="681">Procedure for OTF Version 2.0.x Installation-User</td>
<td style="padding-left: 30px;"><a href="%(link6)">Procedure_for_OTF_Version_2.0.x_Installation-User</a></td>
</tr>
<tr>
<td style="padding-left: 30px;" width="681">Procedure to Migrate to New OTF Platform</td>
<td style="padding-left: 30px;"><a href="%(link7)">Procedure to Migrate to New OTF Platform</a></td>
</tr>
<tr>
<td style="padding-left: 30px;">iFE Forgotten Password User Guide</td>
<td style="padding-left: 30px;"><a href="%(link8)">UI0013</a></td>
</tr>
<tr>
<td style="padding-left: 30px;">iFE Login User Guide</td>
<td style="padding-left: 30px;"><a href="%(link9)">UI0007</a></td>
</tr>
<tr>
<td style="padding-left: 30px;">iFE Navigation Guide</td>
<td style="padding-left: 30px;"><a href="%(link10)">UI0015</a></td>
</tr>
<tr>
<td style="padding-left: 30px;">Sales Channel Hierarchy Consumer Group</td>
<td style="padding-left: 30px;"><a href="%(link11)">Sales Channel Hierarchy Consumer Group 20160211</a></td>
</tr>
<tr>
<td style="padding-left: 30px;">Sales Channel Hierarchy Corporate</td>
<td style="padding-left: 30px;"><a href="%(link12)">Sales Channel Hierarchy Corporate 20160620</a></td>
</tr>
<tr>
<td style="padding-left: 30px;">Sales Channel Hierarchy CRM</td>
<td style="padding-left: 30px;"><a href="%(link13)">Sales Channel Hierarchy CRM 20161012</a></td>
</tr>
<tr>
<td style="padding-left: 30px;">Sales Channel Hierarchy CSO</td>
<td style="padding-left: 30px;"><a href="%(link14)">Sales Channel Hierarchy CSO 20160428</a></td>
</tr>
<tr>
<td style="padding-left: 30px;">Sales Channel Hierarchy Mass Market</td>
<td style="padding-left: 30px;"><a href="%(link15)">Sales Channel Hierarchy Mass Market 20170206</a></td>
</tr>
<tr>
<td style="padding-left: 30px;">PC Inventory System (General User Guide)</td>
<td style="padding-left: 30px;"><a href="%(link16)">PRD0006</a></td>
</tr>
<tr>
<td style="padding-left: 30px;">UR System Guidelines - Guidelines for Users</td>
<td style="padding-left: 30px;"><a href="%(link17)">UR System Guidelines for IT Users</a></td>
</tr>
<tr>
<td style="padding-left: 30px;">User Manaul for UR Tools System for General Users</td>
<td style="padding-left: 30px;"><a href="%(link18)">UR System User Guide for Users</a></td>
</tr>
<tr>
<td style="padding-left: 30px;">User Manaul for UR Tools System for IT Users</td>
<td style="padding-left: 30px;"><a href="%(link19)">UR System User Guide for IT Users</a></td>
</tr>
<tr>
<td style="padding-left: 30px;">User Request System - Guidlelines for Users</td>
<td style="padding-left: 30px;"><a href="%(link20)">UR System Guidelines for Users</a></td>
</tr>
<tr>
<td style="padding-left: 30px;">User Request System - UR Reports Guidelines</td>
<td style="padding-left: 30px;"><a href="%(link21)">UR Report Guidelines</a></td>
</tr>
<tr>
<td style="padding-left: 30px;">User Request System - UR Reports Manual</td>
<td style="padding-left: 30px;"><a href="%(link22)">UR Reports Manaul</a></td>
</tr>
<tr>
<td style="padding-left: 30px;">User Request System in Paperless Office - Raise UR Process Flow</td>
<td style="padding-left: 30px;"><a href="%(link23)">UR Procedure</a></td>
</tr>
</tbody>
</table>]]></content>
    </Text>
  </ApolloSection>
</ApolloSections>
