<?xml version="1.0" encoding="UTF-8"?>

<ApolloSections xmlns:xsi="http://www.w3.org/2001/XMLSchema-instance" xsi:noNamespaceSchemaLocation="opencms://system/modules/org.opencms.apollo/schemas/section.xsd">
  <ApolloSection language="en">
    <Headline><![CDATA[IT Helpdesks]]></Headline>
    <Text name="Text0">
      <links/>
      <content><![CDATA[<h3><strong>BU</strong></h3>
<h6><span style="text-decoration: underline;">BPU, CDO, Commercial Consumer, Technology Strategy and Development (TSD) Engineering, Finance, HKT Premier, PCCW Global Regulatory Affairs</span></h6>
<h4>Contact:&nbsp;2802-7770 (7x24 Services)</h4>
<h5>&nbsp;</h5>
<h3><strong>BU</strong></h3>
<h6><span style="text-decoration: underline;">Mobile Business, Tap &amp; Go, The Club, Wireless Business</span></h6>
<h6>Contact:&nbsp;2883-9393 (7x24 Services)</h6>]]></content>
    </Text>
  </ApolloSection>
</ApolloSections>
