<?xml version="1.0" encoding="UTF-8"?>

<ApolloSections xmlns:xsi="http://www.w3.org/2001/XMLSchema-instance" xsi:noNamespaceSchemaLocation="opencms://system/modules/org.opencms.apollo/schemas/section.xsd">
  <ApolloSection language="en">
    <Headline/>
    <Text name="Text0">
      <links>
        <link name="link0" internal="false" type="A">
          <target><![CDATA[http://oms.pccw.com/public/html2/forms.htm]]></target>
        </link>
        <link name="link1" internal="false" type="A">
          <target><![CDATA[http://alsatian.hkcsl.net/abPortal/Forms/frmloginMenu.asp]]></target>
          <query><![CDATA[SysMenuID=URbar]]></query>
        </link>
      </links>
      <content><![CDATA[<p>&nbsp;</p>
<p>&nbsp;&nbsp;</p>
<table style="height: 100%; width: 100%;" border="2">
<tbody>
<tr style="height: 50px;">
<td style="height: 50px; width: 22.7857%; text-align: center;">
<h4><strong>Scope</strong></h4>
</td>
<td style="height: 50px; width: 174.214%; text-align: center;">
<h4><strong>Paper Form / User Request System</strong></h4>
</td>
</tr>
<tr style="height: 76px;">
<td style="height: 76px; width: 22.7857%; text-align: center;">
<h4>PCCW Solutions Operated Systems</h4>
</td>
<td style="height: 76px; width: 174.214%; text-align: center;">
<h4>1. Contact individual Application Team (<em>Process to be standardized</em>)&nbsp;&nbsp;</h4>
<h4>2. Submit Your Request Using <a href="%(link0)">AMS Production Service Request Form (FMAMSPSR)</a></h4>
</td>
</tr>
<tr style="height: 9px;">
<td style="height: 9px; width: 22.7857%; text-align: center;">
<h4>BPU IT Operated Systems</h4>
<h4><em>&nbsp;(IFE, GSMIS, Other Legacy Mobile Applications)</em></h4>
</td>
<td style="height: 9px; width: 174.214%; text-align: center;">
<h4><a href="%(link1)">Submit Your Request using User Request System</a></h4>
</td>
</tr>
</tbody>
</table>
<p>&nbsp;</p>
<p>&nbsp;</p>]]></content>
    </Text>
  </ApolloSection>
</ApolloSections>
