<?xml version="1.0" encoding="UTF-8"?>

<ApolloSections xmlns:xsi="http://www.w3.org/2001/XMLSchema-instance" xsi:noNamespaceSchemaLocation="opencms://system/modules/org.opencms.apollo/schemas/section.xsd">
  <ApolloSection language="en">
    <Headline><![CDATA[AMS / Production Support]]></Headline>
    <Text name="Text0">
      <links/>
      <content/>
    </Text>
    <Image>
      <Image>
        <link type="WEAK">
          <target><![CDATA[/sites/default/.galleries/office/support.jpg]]></target>
          <uuid>db3d17e7-19d2-11e7-b808-90fba685ef5f</uuid>
        </link>
      </Image>
      <Copyright><![CDATA[CC0 Public Domain / unsplash.com]]></Copyright>
    </Image>
    <Link>
      <Text/>
      <URI>
        <link internal="true" type="WEAK">
          <target><![CDATA[/sites/default/AMS-_-Production-Support/]]></target>
          <uuid>0a7c451d-0ac9-11e7-b2d1-90fba685ef5f</uuid>
        </link>
      </URI>
    </Link>
  </ApolloSection>
</ApolloSections>
