<?xml version="1.0" encoding="UTF-8"?>

<ApolloSections xmlns:xsi="http://www.w3.org/2001/XMLSchema-instance" xsi:noNamespaceSchemaLocation="opencms://system/modules/org.opencms.apollo/schemas/section.xsd">
  <ApolloSection language="en">
    <Headline><![CDATA[BPU IT Use]]></Headline>
    <Text name="Text0">
      <links>
        <link name="link0" internal="true" type="A">
          <target><![CDATA[/sites/default/Policies-Files/UPM0002.doc]]></target>
          <uuid>70bafba9-1dc3-11e7-b808-90fba685ef5f</uuid>
        </link>
        <link name="link1" internal="true" type="A">
          <target><![CDATA[/sites/default/Policies-Files/UPM0001.doc]]></target>
          <uuid>70b7ee66-1dc3-11e7-b808-90fba685ef5f</uuid>
        </link>
        <link name="link2" internal="true" type="A">
          <target><![CDATA[/sites/default/Policies-Files/Introduction-to-the-CAB-v1.2.pptx]]></target>
          <uuid>7055f90a-1dc3-11e7-b808-90fba685ef5f</uuid>
        </link>
        <link name="link3" internal="true" type="A">
          <target><![CDATA[/sites/default/Policies-Files/CAB-Meeting-Submission-Schedule.docx]]></target>
          <uuid>d8b0e30c-1397-11e7-b2d1-90fba685ef5f</uuid>
        </link>
        <link name="link4" internal="true" type="A">
          <target><![CDATA[/sites/default/Policies-Files/CAB-Standard-Meeting-Submission-Schedule-.docx]]></target>
          <uuid>d8b3c93f-1397-11e7-b2d1-90fba685ef5f</uuid>
        </link>
        <link name="link5" internal="true" type="A">
          <target><![CDATA[/sites/default/Policies-Files/UIM0002.doc]]></target>
          <uuid>70b3cfb3-1dc3-11e7-b808-90fba685ef5f</uuid>
        </link>
        <link name="link6" internal="true" type="A">
          <target><![CDATA[/sites/default/Policies-Files/UPM0002.doc]]></target>
          <uuid>70bafba9-1dc3-11e7-b808-90fba685ef5f</uuid>
        </link>
        <link name="link7" internal="true" type="A">
          <target><![CDATA[/sites/default/Policies-Files/UPM0001.doc]]></target>
          <uuid>70b7ee66-1dc3-11e7-b808-90fba685ef5f</uuid>
        </link>
        <link name="link8" internal="true" type="A">
          <target><![CDATA[/sites/default/Policies-Files/OS0008.doc]]></target>
          <uuid>707a49f6-1dc3-11e7-b808-90fba685ef5f</uuid>
        </link>
        <link name="link9" internal="true" type="A">
          <target><![CDATA[/sites/default/Policies-Files/OI0001.doc]]></target>
          <uuid>706d9fbd-1dc3-11e7-b808-90fba685ef5f</uuid>
        </link>
      </links>
      <content><![CDATA[<p><a href="%(link0)">Change Management Procedure</a></p>
<p><a href="%(link1)">Change Management Guideline for IT</a></p>
<p><a href="%(link2)">Introduction of a Change Advisory Board (CAB)</a></p>
<p><a href="%(link3)">Change Advisory Board (CAB) - Meeting &amp; Submission Schedule</a></p>
<p><a href="%(link4)">Change Advisory Board (CAB) - Standard Meeting &amp; Submission Schedule</a></p>
<p><a href="%(link5)">Incident Management Procedure</a></p>
<p><a href="%(link6)">Incident/Problem Management Guideline for IT and Users</a></p>
<p><a href="%(link7)">Problem Management Procedure</a></p>
<p><a href="%(link8)">Data Center Physical Security Control Procedure</a></p>
<p><a href="%(link9)">IT Fixed Asset Management Flow</a></p>]]></content>
    </Text>
  </ApolloSection>
</ApolloSections>
