<?xml version="1.0" encoding="UTF-8"?>

<ApolloSections xmlns:xsi="http://www.w3.org/2001/XMLSchema-instance" xsi:noNamespaceSchemaLocation="opencms://system/modules/org.opencms.apollo/schemas/section.xsd">
  <ApolloSection language="en">
    <Headline><![CDATA[New content section]]></Headline>
    <Text name="Text0">
      <links>
        <link name="link0" internal="false" type="A">
          <target><![CDATA[http://livemeeting.oa.hkcsl.net/MocsInfo]]></target>
        </link>
        <link name="link1" internal="true" type="A">
          <target><![CDATA[/sites/default/Policies-Files/UE0011.doc]]></target>
          <uuid>d93359b2-1397-11e7-b2d1-90fba685ef5f</uuid>
        </link>
        <link name="link2" internal="true" type="A">
          <target><![CDATA[/sites/default/Policies-Files/UE0017.doc]]></target>
          <uuid>d94ab24e-1397-11e7-b2d1-90fba685ef5f</uuid>
        </link>
        <link name="link3" internal="true" type="A">
          <target><![CDATA[/sites/default/Policies-Files/UE0015.doc]]></target>
          <uuid>d93d44c8-1397-11e7-b2d1-90fba685ef5f</uuid>
        </link>
        <link name="link4" internal="true" type="A">
          <target><![CDATA[/sites/default/Policies-Files/UE0008.doc]]></target>
          <uuid>d9174629-1397-11e7-b2d1-90fba685ef5f</uuid>
        </link>
        <link name="link5" internal="true" type="A">
          <target><![CDATA[/sites/default/Policies-Files/UE0013.doc]]></target>
          <uuid>d93666f5-1397-11e7-b2d1-90fba685ef5f</uuid>
        </link>
        <link name="link6" internal="true" type="A">
          <target><![CDATA[/sites/default/Policies-Files/UE0002.doc]]></target>
          <uuid>d9039713-1397-11e7-b2d1-90fba685ef5f</uuid>
        </link>
        <link name="link7" internal="true" type="A">
          <target><![CDATA[/sites/default/Policies-Files/UE0006.doc]]></target>
          <uuid>d9112ba6-1397-11e7-b2d1-90fba685ef5f</uuid>
        </link>
        <link name="link8" internal="true" type="A">
          <target><![CDATA[/sites/default/Policies-Files/UE0016.doc]]></target>
          <uuid>d940ee4b-1397-11e7-b2d1-90fba685ef5f</uuid>
        </link>
      </links>
      <content><![CDATA[<table style="width: 100%; height: 100%;" border="2">
<tbody>
<tr>
<td style="width: 192px; text-align: left;">
<h5 style="padding-left: 30px;"><strong>Application</strong></h5>
</td>
<td style="width: 640px; text-align: left; padding-left: 30px;">
<h5><strong>Template</strong></h5>
</td>
</tr>
<tr>
<td style="width: 192px; text-align: left;">
<p style="padding-left: 30px;"><strong>Microsoft Office Communications Server</strong></p>
</td>
<td style="width: 640px; text-align: left; padding-left: 30px;">
<p>&nbsp;</p>
<p><a href="%(link0)">Microsoft Office Communications Server Web Site</a></p>
<p><a href="%(link1)">Blackberry Client for use with MOCS User Guide (UE0011)&nbsp;</a></p>
<p><a href="%(link2)">How to use Microsoft OCS for multi-conferencing? (UE0017)&nbsp;</a></p>
<p><a href="%(link3)">How to save conversation history in Office Communicator 2007? &nbsp;(UE0015)&nbsp;</a></p>
<p>&nbsp;</p>
</td>
</tr>
<tr>
<td style="width: 192px; text-align: left;">
<p style="padding-left: 30px;"><strong>&nbsp;Outlook</strong></p>
</td>
<td style="width: 640px; text-align: left;">
<p style="padding-left: 30px;">&nbsp;</p>
<p style="padding-left: 30px;"><a href="%(link4)">How to backup Outlook Personal Folders and Personal Address &nbsp;Book? (UE0008)<strong><em>&nbsp;</em></strong></a></p>
<p style="padding-left: 30px;"><a href="%(link5)">How to setup and use MS Outlook Private Email? (UE0013)<strong><em>&nbsp;</em></strong></a></p>
<p style="padding-left: 30px;"><a href="%(link6)">Tips for Using Microsoft Outlook (UE0002)</a></p>
<p style="padding-left: 30px;">&nbsp;</p>
</td>
</tr>
<tr>
<td style="width: 192px; text-align: left;">
<p style="padding-left: 30px;"><strong>Outlook Web Access</strong></p>
</td>
<td style="width: 640px; text-align: left; padding-left: 30px;">
<p>&nbsp;</p>
<p><a href="%(link7)">Outlook Web Access User Guide (UE0006)</a></p>
<p><a href="%(link8)">How to retrieve archived email from OWA?(UE0016)</a></p>
<p>&nbsp;</p>
</td>
</tr>
</tbody>
</table>
<h3>&nbsp;</h3>]]></content>
    </Text>
  </ApolloSection>
</ApolloSections>
