<?xml version="1.0" encoding="UTF-8"?>

<ApolloSections xmlns:xsi="http://www.w3.org/2001/XMLSchema-instance" xsi:noNamespaceSchemaLocation="opencms://system/modules/org.opencms.apollo/schemas/section.xsd">
  <ApolloSection language="en">
    <Headline><![CDATA[Server]]></Headline>
    <Text name="Text0">
      <links>
        <link name="link0" internal="true" type="A">
          <target><![CDATA[/sites/default/GDCN/GDCN-Server-Security-Policy-Version-2.0.pdf]]></target>
          <uuid>392a9e01-1dc0-11e7-b808-90fba685ef5f</uuid>
        </link>
        <link name="link1" internal="false" type="A">
          <target><![CDATA[http://localhost:8080/opencms/PolicyProcedures-Guidelines/Security/GDCN Server Usage and Storage Policy Version 2.1]]></target>
        </link>
        <link name="link2" internal="true" type="A">
          <target><![CDATA[/sites/default/GDCN/GDCN-Server-Data-Backup-and-Restoration-Policy-Version-2.1.pdf]]></target>
          <uuid>3914a4fe-1dc0-11e7-b808-90fba685ef5f</uuid>
        </link>
        <link name="link3" internal="true" type="A">
          <target><![CDATA[/sites/default/GDCN/GDCN-Server-Data-Backup-and-Restoration-Policy-Version-2.1.pdf]]></target>
          <uuid>3914a4fe-1dc0-11e7-b808-90fba685ef5f</uuid>
        </link>
        <link name="link4" internal="true" type="A">
          <target><![CDATA[/sites/default/GDCN/GDCN-Server-Deployment-Policy-Version-1.1.pdf]]></target>
          <uuid>5552424b-1dc0-11e7-b808-90fba685ef5f</uuid>
        </link>
        <link name="link5" internal="true" type="A">
          <target><![CDATA[/sites/default/Policies-Files/PSER0001.doc]]></target>
          <uuid>70a4dc87-1dc3-11e7-b808-90fba685ef5f</uuid>
        </link>
      </links>
      <content><![CDATA[<p><a href="%(link0)">GDCN Server Security Policy</a></p>
<p><a href="%(link1)">GDCN Server Usage and Storage Policy</a></p>
<p><a href="%(link2)">GDCN Server Data Backup and Restoration Policy</a></p>
<p><a href="%(link3)">Server Backup Strategy</a></p>
<p><a href="%(link4)">GDCN Server Deployment Policy</a></p>
<p><a href="%(link5)">Policy and Operation Workflow for Project Share</a></p>]]></content>
    </Text>
  </ApolloSection>
</ApolloSections>
