<?xml version="1.0" encoding="UTF-8"?>

<ApolloSections xmlns:xsi="http://www.w3.org/2001/XMLSchema-instance" xsi:noNamespaceSchemaLocation="opencms://system/modules/org.opencms.apollo/schemas/section.xsd">
  <ApolloSection language="en">
    <Headline><![CDATA[New content section]]></Headline>
    <Text name="Text0">
      <links>
        <link name="link0" internal="true" type="A">
          <target><![CDATA[/sites/default/GDCN/GDCN-Usage-Policy-Version-2.2.pdf]]></target>
          <uuid>88eea323-1dbb-11e7-b808-90fba685ef5f</uuid>
        </link>
        <link name="link1" internal="true" type="A">
          <target><![CDATA[/sites/default/GDCN/Copyrights-Policy-Version-1.1.pdf]]></target>
          <uuid>88dca1c0-1dbb-11e7-b808-90fba685ef5f</uuid>
        </link>
        <link name="link2" internal="true" type="A">
          <target><![CDATA[/sites/default/GDCN/User-Responsibilities-Version-2.1.pdf]]></target>
          <uuid>88f9c6b9-1dbb-11e7-b808-90fba685ef5f</uuid>
        </link>
        <link name="link3" internal="true" type="A">
          <target><![CDATA[/sites/default/GDCN/User-Guide-to-Safer-Computing-at-PCCW-Version-2.1.pdf]]></target>
          <uuid>88f50bc6-1dbb-11e7-b808-90fba685ef5f</uuid>
        </link>
      </links>
      <content><![CDATA[<table border="2" width="100%">
<tbody>
<tr>
<td width="681">
<h5 style="padding-left: 30px;"><strong>Document Name</strong></h5>
</td>
<td width="320">
<h5 style="padding-left: 30px;"><strong>File Name</strong></h5>
</td>
</tr>
<tr>
<td style="padding-left: 30px;" width="681">GDCN Usage Policy</td>
<td style="padding-left: 30px;"><a href="%(link0)">GDCN Usage Policy Version 2.2</a></td>
</tr>
<tr>
<td style="padding-left: 30px;" width="681">Copyrights Policy</td>
<td style="padding-left: 30px;"><a href="%(link1)">Copyrights Policy Version 1.1&nbsp;</a></td>
</tr>
<tr>
<td style="padding-left: 30px;" width="681">User Responsibilties</td>
<td style="padding-left: 30px;"><a href="%(link2)">User Responsibilities Version 2.1&nbsp;</a></td>
</tr>
<tr>
<td style="padding-left: 30px;" width="681">User Guide to Safer Computing at PCCW</td>
<td style="padding-left: 30px;"><a href="%(link3)">User Guide to Safer Computing at PCCW Version 2.1&nbsp;</a></td>
</tr>
</tbody>
</table>]]></content>
    </Text>
  </ApolloSection>
</ApolloSections>
