<?xml version="1.0" encoding="UTF-8"?>

<ApolloSections xmlns:xsi="http://www.w3.org/2001/XMLSchema-instance" xsi:noNamespaceSchemaLocation="opencms://system/modules/org.opencms.apollo/schemas/section.xsd">
  <ApolloSection language="en">
    <Headline><![CDATA[New content section]]></Headline>
    <Text name="Text0">
      <links>
        <link name="link0" internal="true" type="A">
          <target><![CDATA[/sites/default/GDCN/email_management_v2.1.pdf]]></target>
          <uuid>aa12555e-1dba-11e7-b808-90fba685ef5f</uuid>
        </link>
        <link name="link1" internal="true" type="A">
          <target><![CDATA[/sites/default/GDCN/EmailPolicy-V2.0.pdf]]></target>
          <uuid>a9eb1e45-1dba-11e7-b808-90fba685ef5f</uuid>
        </link>
        <link name="link2" internal="true" type="A">
          <target><![CDATA[/sites/default/GDCN/GDCN-E-Mail-Security-Policy-Version-1.1.pdf]]></target>
          <uuid>aa064768-1dba-11e7-b808-90fba685ef5f</uuid>
        </link>
        <link name="link3" internal="true" type="A">
          <target><![CDATA[/sites/default/GDCN/GDCN-E-Mail-Usage-Policy-Version-1.3.pdf]]></target>
          <uuid>aa0d735b-1dba-11e7-b808-90fba685ef5f</uuid>
        </link>
        <link name="link4" internal="true" type="A">
          <target><![CDATA[/sites/default/Policies-Files/PE0001.doc]]></target>
          <uuid>708a0172-1dc3-11e7-b808-90fba685ef5f</uuid>
        </link>
        <link name="link5" internal="true" type="A">
          <target><![CDATA[/sites/default/Policies-Files/PE0002.doc]]></target>
          <uuid>708e6e45-1dc3-11e7-b808-90fba685ef5f</uuid>
        </link>
        <link name="link6" internal="true" type="A">
          <target><![CDATA[/sites/default/Policies-Files/PE0003.doc]]></target>
          <uuid>70923ed8-1dc3-11e7-b808-90fba685ef5f</uuid>
        </link>
      </links>
      <content><![CDATA[<p>&nbsp;</p>
<table border="2" width="100%">
<tbody>
<tr style="height: 15px;">
<td style="height: 15px;" width="681">
<h5 style="padding-left: 30px;"><strong>Document Name</strong></h5>
</td>
<td style="height: 15px;" width="320">
<h5 style="padding-left: 30px;"><strong>File Name</strong></h5>
</td>
</tr>
<tr style="height: 15px;">
<td style="height: 15px; padding-left: 30px;" width="681">PCCW Email Policy and Guidelines</td>
<td style="height: 15px; padding-left: 30px;"><a href="%(link0)">email_management_v2.1</a></td>
</tr>
<tr style="height: 15px;">
<td style="height: 15px; padding-left: 30px;" width="681">Policies &amp; Guidelines for Email Management</td>
<td style="height: 15px; padding-left: 30px;"><a href="%(link1)">EmailPolicy V2.0</a></td>
</tr>
<tr style="height: 15px;">
<td style="height: 15px; padding-left: 30px;" width="681">GDCN Email Security Policy</td>
<td style="height: 15px; padding-left: 30px;"><a href="%(link2)">GDCN E-Mail Security Policy Version 1.1</a></td>
</tr>
<tr style="height: 15px;">
<td style="height: 15px; padding-left: 30px;" width="681">GDCN Email Usage Policy</td>
<td style="height: 15px; padding-left: 30px;"><a href="%(link3)">GDCN E-Mail Usage Policy Version 1.3&nbsp;</a></td>
</tr>
<tr style="height: 15px;">
<td style="height: 15px; padding-left: 30px;">Email Policy and Guidelines for @hkcsl.com Email Users</td>
<td style="height: 15px; padding-left: 30px;"><a href="%(link4)">PE0001</a></td>
</tr>
<tr style="height: 15px;">
<td style="height: 15px; padding-left: 30px;">OA-HKCSL-NET AD Account Policy and Guidelines</td>
<td style="height: 15px; padding-left: 30px;"><a href="%(link5)">PE0002</a></td>
</tr>
<tr style="height: 15px;">
<td style="height: 15px; padding-left: 30px;">MOCS Policy and Guidelines</td>
<td style="height: 15px; padding-left: 30px;"><a href="%(link6)">PE0003</a></td>
</tr>
</tbody>
</table>]]></content>
    </Text>
  </ApolloSection>
</ApolloSections>
