<?xml version="1.0" encoding="UTF-8"?>

<ApolloSections xmlns:xsi="http://www.w3.org/2001/XMLSchema-instance" xsi:noNamespaceSchemaLocation="opencms://system/modules/org.opencms.apollo/schemas/section.xsd">
  <ApolloSection language="en">
    <Headline><![CDATA[BAU Operation Supports]]></Headline>
    <Text name="Text0">
      <links>
        <link name="link0" internal="false" type="IMG">
          <target><![CDATA[http://intranet.hkcsl.net/intranet/images/department/InformationTechnology/Image/BAU%20Support%20-%20UR%20Request.png]]></target>
        </link>
        <link name="link1" internal="false" type="A">
          <target><![CDATA[http://alsatian.hkcsl.net/abPortal/Forms/frmloginMenu.asp]]></target>
          <query><![CDATA[SysMenuID=URbar]]></query>
        </link>
        <link name="link2" internal="false" type="A">
          <target><![CDATA[http://intranet.hkcsl.net/intranet/index.php]]></target>
          <query><![CDATA[option=com_content&view=article&id=512:paperless-ur-system&catid=269&Itemid=534&lang=en]]></query>
        </link>
        <link name="link3" internal="false" type="A">
          <target><![CDATA[http://intranet.hkcsl.net/intranet/images/department/InformationTechnology/Document/UR%20System%20User%20Guide%20for%20Users.doc]]></target>
        </link>
        <link name="link4" internal="false" type="A">
          <target><![CDATA[http://home.cslintra.com/intranet/eng/departments/it_services/files/PO_URTools_IT_User_v2.4.doc]]></target>
        </link>
        <link name="link5" internal="false" type="A">
          <target><![CDATA[http://intranet.hkcsl.net/intranet/index.php]]></target>
          <anchor><![CDATA[IT]]></anchor>
          <query><![CDATA[option=com_content&view=article&id=1140:it-services-2&catid=269&Itemid=534&lang=en]]></query>
        </link>
      </links>
      <content><![CDATA[<h2>The list below is to show any UR requests which is unnecessary to raise Pipeline:</h2>
<p><img src="%(link0)" alt="" width="470" height="535" /></p>
<h2>How to raise UR Request?&nbsp;</h2>
<p>Log in&nbsp;<strong><a href="%(link1)">Paperless office</a></strong>!</p>
<p>(To know more, please <strong><a href="%(link2)">click</a></strong> for more information.)&nbsp;</p>
<p>&nbsp;</p>
<h2>If you encounter any difficulties on filling the UR form, please find the User Guide below:</h2>
<div class="O1"><strong>•&nbsp;<a href="%(link3)">UR System User Guide for Users</a><br /></strong></div>
<div class="O1"><strong>•&nbsp;<a href="%(link4)">UR System User Guide for IT Users</a><br /></strong></div>
<p><br />Please feel free to contact <a href="%(link5)"><strong>IT Portfolio Services Team</strong></a> for any uncertainties.</p>]]></content>
    </Text>
  </ApolloSection>
</ApolloSections>
