<?xml version="1.0" encoding="UTF-8"?>

<ApolloSections xmlns:xsi="http://www.w3.org/2001/XMLSchema-instance" xsi:noNamespaceSchemaLocation="opencms://system/modules/org.opencms.apollo/schemas/section.xsd">
  <ApolloSection language="en">
    <Headline><![CDATA[Policy, Procedure and Guidelines]]></Headline>
    <Text name="Text0">
      <links/>
      <content/>
    </Text>
    <Image>
      <Image>
        <link type="WEAK">
          <target><![CDATA[/sites/default/.galleries/office/Policy.jpg]]></target>
          <uuid>0bf7b8f0-19d2-11e7-b808-90fba685ef5f</uuid>
        </link>
      </Image>
      <Copyright><![CDATA[CC0 Public Domain / unsplash.com]]></Copyright>
    </Image>
    <Link>
      <Text/>
      <URI>
        <link internal="true" type="WEAK">
          <target><![CDATA[/sites/default/Policy-Procedure-and-Guideline/]]></target>
          <uuid>3249a1c7-0ac9-11e7-b2d1-90fba685ef5f</uuid>
        </link>
      </URI>
    </Link>
  </ApolloSection>
</ApolloSections>
