<?xml version="1.0" encoding="UTF-8"?>

<ApolloSections xmlns:xsi="http://www.w3.org/2001/XMLSchema-instance" xsi:noNamespaceSchemaLocation="opencms://system/modules/org.opencms.apollo/schemas/section.xsd">
  <ApolloSection language="en">
    <Headline><![CDATA[New content section]]></Headline>
    <Text name="Text0">
      <links>
        <link name="link0" internal="true" type="A">
          <target><![CDATA[/sites/default/Useful_Forms/IT-Internal-Use/]]></target>
          <uuid>c0acebbc-129e-11e7-b2d1-90fba685ef5f</uuid>
        </link>
      </links>
      <content><![CDATA[<h5><a href="%(link0)">IT Internal Use</a></h5>]]></content>
    </Text>
  </ApolloSection>
</ApolloSections>
