<?xml version="1.0" encoding="UTF-8"?>

<ApolloSections xmlns:xsi="http://www.w3.org/2001/XMLSchema-instance" xsi:noNamespaceSchemaLocation="opencms://system/modules/org.opencms.apollo/schemas/section.xsd">
  <ApolloSection language="en">
    <Headline><![CDATA[New content section]]></Headline>
    <Text name="Text0">
      <links>
        <link name="link0" internal="false" type="A">
          <target><![CDATA[http://alsatian.hkcsl.net/abPortal/Forms/frmloginMenu.asp]]></target>
          <query><![CDATA[SysMenuID=URbar]]></query>
        </link>
      </links>
      <content><![CDATA[<h2>How to raise UR Request?</h2>
<h5>Log in&nbsp;<strong><a href="%(link0)">Paperless office</a></strong>!&nbsp;</h5>]]></content>
    </Text>
  </ApolloSection>
</ApolloSections>
