<?xml version="1.0" encoding="UTF-8"?>

<ApolloSections xmlns:xsi="http://www.w3.org/2001/XMLSchema-instance" xsi:noNamespaceSchemaLocation="opencms://system/modules/org.opencms.apollo/schemas/section.xsd">
  <ApolloSection language="en">
    <Headline><![CDATA[New content section]]></Headline>
    <Text name="Text0">
      <links>
        <link name="link0" internal="true" type="A">
          <target><![CDATA[/sites/default/PolicyProcedures-Guidelines/Policy-Procedure-and-Governance-/]]></target>
          <uuid>5fa3232d-1d9c-11e7-b808-90fba685ef5f</uuid>
        </link>
      </links>
      <content><![CDATA[<h5><a href="%(link0)">Policy, Procedure and Governance</a>&nbsp;</h5>]]></content>
    </Text>
  </ApolloSection>
</ApolloSections>
