<?xml version="1.0" encoding="UTF-8"?>

<ApolloSections xmlns:xsi="http://www.w3.org/2001/XMLSchema-instance" xsi:noNamespaceSchemaLocation="opencms://system/modules/org.opencms.apollo/schemas/section.xsd">
  <ApolloSection language="en">
    <Headline/>
    <Text name="Text0">
      <links>
        <link name="link0" internal="false" type="A">
          <target><![CDATA[mailto:yuk-chor.chan@pccw.com]]></target>
        </link>
        <link name="link1" internal="false" type="A">
          <target><![CDATA[mailto:Eric.cl.lau@hkcsl.com]]></target>
        </link>
        <link name="link2" internal="false" type="A">
          <target><![CDATA[mailto:ken.h.kong@hkcsl.com]]></target>
        </link>
        <link name="link3" internal="false" type="A">
          <target><![CDATA[mailto:Kai-tak.so@pccw.com]]></target>
        </link>
        <link name="link4" internal="false" type="A">
          <target><![CDATA[mailto:Stanley.ky.ng@hkcsl.com]]></target>
        </link>
        <link name="link5" internal="false" type="A">
          <target><![CDATA[mailto:Eric.cl.lau@hkcsl.com]]></target>
        </link>
        <link name="link6" internal="false" type="A">
          <target><![CDATA[mailto:William.wc.lee@hkcsl.com]]></target>
        </link>
        <link name="link7" internal="false" type="A">
          <target><![CDATA[mailto:Kai-tak.so@pccw.com]]></target>
        </link>
        <link name="link8" internal="false" type="A">
          <target><![CDATA[mailto:Steve.km.chung@hkcsl.com]]></target>
        </link>
        <link name="link9" internal="false" type="A">
          <target><![CDATA[mailto:Vincent.wk.chiu@hkcsl.com]]></target>
        </link>
        <link name="link10" internal="false" type="A">
          <target><![CDATA[mailto:Kai-tak.so@pccw.com]]></target>
        </link>
        <link name="link11" internal="false" type="A">
          <target><![CDATA[mailto:Ken.kh.chan@pccw.com]]></target>
        </link>
        <link name="link12" internal="false" type="A">
          <target><![CDATA[mailto:Chun-wai.ming@pccw.com]]></target>
        </link>
        <link name="link13" internal="false" type="A">
          <target><![CDATA[mailto:Ken.kh.chan@pccw.com]]></target>
        </link>
        <link name="link14" internal="false" type="A">
          <target><![CDATA[mailto:Chun-Keung.Chan@pccw.com]]></target>
        </link>
        <link name="link15" internal="false" type="A">
          <target><![CDATA[mailto:Joseph.HF.Kwok@pccw.com]]></target>
        </link>
        <link name="link16" internal="false" type="A">
          <target><![CDATA[mailto:William.wc.lee@hkcsl.com]]></target>
        </link>
        <link name="link17" internal="false" type="A">
          <target><![CDATA[mailto:William.wc.lee@hkcsl.com]]></target>
        </link>
        <link name="link18" internal="false" type="A">
          <target><![CDATA[mailto:Vincent.wk.chiu@hkcsl.com]]></target>
        </link>
        <link name="link19" internal="false" type="A">
          <target><![CDATA[mailto:Ken.kh.chan@pccw.com]]></target>
        </link>
        <link name="link20" internal="false" type="A">
          <target><![CDATA[mailto:Sue.ks.lee@hkcsl.com]]></target>
        </link>
      </links>
      <content><![CDATA[<table border="2" width="856">
<tbody>
<tr>
<td style="text-align: center;" width="132">
<h6><strong>BU</strong></h6>
</td>
<td style="text-align: center;" width="184">
<h6><strong>BPU IT Partner</strong></h6>
</td>
<td style="text-align: center;" width="279">
<h6><strong>Email</strong></h6>
</td>
<td style="text-align: center;" width="123">
<h6><strong>Phone</strong></h6>
<h6><strong>(Mobile)</strong></h6>
</td>
<td style="text-align: center;" width="137">
<h6><strong>Phone</strong></h6>
<h6><strong>(Fixed Line)</strong></h6>
</td>
</tr>
<tr>
<td style="text-align: center;" width="132">
<h6><strong>Commercial</strong></h6>
</td>
<td style="text-align: center;" width="184">
<h5>YC Chan</h5>
<h5>Eric Lau</h5>
</td>
<td style="text-align: center;" width="279">
<h5><u><a href="%(link0)">yuk-chor.chan@pccw.com</a></u></h5>
<h5><u><a href="%(link1)">Eric.cl.lau@pccw.com</a></u></h5>
</td>
<td style="text-align: center;" width="123">
<h5>9026 6672</h5>
<h5>9033 1426</h5>
</td>
<td style="text-align: center;" width="137">
<h5>2888 7919</h5>
<h5>2883 8035</h5>
</td>
</tr>
<tr>
<td style="text-align: center;" width="132">
<h6><strong>Consumer</strong></h6>
</td>
<td style="text-align: center;" width="184">
<h5>Ken Kong</h5>
<h5>KT So</h5>
</td>
<td style="text-align: center;" width="279">
<h5><u><a href="%(link2)">ken.h.kong@pccw.com</a></u></h5>
<h5><u><a href="%(link3)">Kai-tak.so@pccw.com</a></u></h5>
</td>
<td style="text-align: center;" width="123">
<h5>9192 9093</h5>
<h5>9236 2383</h5>
</td>
<td style="text-align: center;" width="137">
<h5>2883 6236</h5>
<h5>2883 5388</h5>
</td>
</tr>
<tr>
<td style="text-align: center;" width="132">
<h6><strong>Mobile</strong></h6>
</td>
<td style="text-align: center;" width="184">
<h5>Stanley Ng</h5>
<h5>Eric Lau</h5>
</td>
<td style="text-align: center;" width="279">
<h5><u><a href="%(link4)">Stanley.ky.ng@pccw.com</a></u></h5>
<h5><u><a href="%(link5)">Eric.cl.lau@pccw.com</a></u></h5>
</td>
<td style="text-align: center;" width="123">
<h5>9235 2046</h5>
<h5>9033 1426</h5>
</td>
<td style="text-align: center;" width="137">
<h5>2883 3159</h5>
<h5>2883 8035</h5>
</td>
</tr>
<tr>
<td style="text-align: center;" width="132">
<h6><strong>Premier</strong></h6>
</td>
<td style="text-align: center;" width="184">
<h5>William Lee</h5>
<h5>KT So</h5>
</td>
<td style="text-align: center;" width="279">
<h5><u><a href="%(link6)">William.wc.lee@pccw.com</a></u></h5>
<h5><u><a href="%(link7)">Kai-tak.so@pccw.com</a></u></h5>
</td>
<td style="text-align: center;" width="123">
<h5>9091 1911</h5>
<h5>9236 2383</h5>
</td>
<td style="text-align: center;" width="137">
<h5>2888 6594</h5>
<h5>2883 5388</h5>
</td>
</tr>
<tr>
<td style="text-align: center;" width="132">
<h6><strong>Wireless</strong></h6>
</td>
<td style="text-align: center;" width="184">
<h5>Steve Chung</h5>
<h5>Vincent Chiu</h5>
</td>
<td style="text-align: center;" width="279">
<h5><u><a href="%(link8)">Steve.km.chung@pccw.com</a></u></h5>
<h5><u><a href="%(link9)">Vincent.wk.chiu@pccw.com</a></u></h5>
</td>
<td style="text-align: center;" width="123">
<h5>9613 3242</h5>
<h5>9020 4008</h5>
</td>
<td style="text-align: center;" width="137">
<h5>2883 0797</h5>
<h5>2888 4128</h5>
</td>
</tr>
<tr>
<td style="text-align: center;" width="132">
<h6><strong>Engineering</strong></h6>
</td>
<td style="text-align: center;" width="184">
<h5>KT So</h5>
<h5>Ken Chan</h5>
</td>
<td style="text-align: center;" width="279">
<h5><u><a href="%(link10)">Kai-tak.so@pccw.com</a></u></h5>
<h5><u><a href="%(link11)">Ken.kh.chan@pccw.com</a></u></h5>
</td>
<td style="text-align: center;" width="123">
<h5>9236 2383</h5>
<h5>9032 4781</h5>
</td>
<td style="text-align: center;" width="137">
<h5>2883 5388</h5>
<h5>2888 4248</h5>
</td>
</tr>
<tr>
<td style="text-align: center;" width="132">
<h6><strong>PCCW Global</strong></h6>
</td>
<td style="text-align: center;" width="184">
<h5>CW Ming</h5>
<h5>Ken Chan</h5>
</td>
<td style="text-align: center;" width="279">
<h5><u><a href="%(link12)">Chun-wai.ming@pccw.com</a></u></h5>
<h5><u><a href="%(link13)">Ken.kh.chan@pccw.com</a></u></h5>
</td>
<td style="text-align: center;" width="123">
<h5>9185 8286</h5>
<h5>9032 4781</h5>
</td>
<td style="text-align: center;" width="137">
<h5>2888 4700</h5>
<h5>2888 4248</h5>
</td>
</tr>
<tr>
<td style="text-align: center;" width="132">
<h6><strong>Tap &amp; Go</strong></h6>
</td>
<td style="text-align: center;" width="184">
<h5>CK Chan</h5>
<h5>Joseph Kwok</h5>
<h5>William Lee</h5>
</td>
<td style="text-align: center;" width="279">
<h5><u><a href="%(link14)">Chun-Keung.Chan@pccw.com</a></u></h5>
<h5><u><a href="%(link15)">Joseph.HF.Kwok@pccw.com</a></u></h5>
<h5><u><a href="%(link16)">William.wc.lee@pccw.com</a></u></h5>
</td>
<td style="text-align: center;" width="123">
<h5>9195 0432</h5>
<h5>5321 2604</h5>
<h5>9091 1911</h5>
</td>
<td style="text-align: center;" width="137">
<h5>2888 2826</h5>
<h5>2888 1612</h5>
<h5>2888 6594</h5>
</td>
</tr>
<tr>
<td style="text-align: center;" width="132">
<h6><strong>The Club</strong></h6>
</td>
<td style="text-align: center;" width="184">
<h5>William Lee</h5>
<h5>Vincent Chiu</h5>
</td>
<td style="text-align: center;" width="279">
<h5><u><a href="%(link17)">William.wc.lee@pccw.com</a></u></h5>
<h5><u><a href="%(link18)">Vincent.wk.chiu@pccw.com</a></u></h5>
</td>
<td style="text-align: center;" width="123">
<h5>9091 1911</h5>
<h5>9020 4008</h5>
</td>
<td style="text-align: center;" width="137">
<h5>2888 6594</h5>
<h5>2888 4128</h5>
</td>
</tr>
<tr>
<td style="text-align: center;" width="132">
<h6><strong>Corporate</strong></h6>
</td>
<td style="text-align: center;" width="184">
<h5>Ken Chan</h5>
<h5>Sue Lee</h5>
</td>
<td style="text-align: center;" width="279">
<h5><u><a href="%(link19)">Ken.kh.chan@pccw.com</a></u></h5>
<h5><u><a href="%(link20)">Sue.ks.lee@pccw.com</a></u></h5>
</td>
<td style="text-align: center;" width="123">
<h5>9032 4781</h5>
<h5>6756 7640</h5>
</td>
<td style="text-align: center;" width="137">
<h5>2888 4248</h5>
<h5>2888 6798</h5>
</td>
</tr>
</tbody>
</table>]]></content>
    </Text>
  </ApolloSection>
</ApolloSections>
