<?xml version="1.0" encoding="UTF-8"?>

<ApolloSections xmlns:xsi="http://www.w3.org/2001/XMLSchema-instance" xsi:noNamespaceSchemaLocation="opencms://system/modules/org.opencms.apollo/schemas/section.xsd">
  <ApolloSection language="en">
    <Headline><![CDATA[Desktop]]></Headline>
    <Text name="Text0">
      <links>
        <link name="link0" internal="true" type="A">
          <target><![CDATA[/sites/default/GDCN/desktop_guidelines_to_all_gdcn_users.pdf]]></target>
          <uuid>3c327118-1dc9-11e7-b808-90fba685ef5f</uuid>
        </link>
        <link name="link1" internal="true" type="A">
          <target><![CDATA[/sites/default/GDCN/Compatibility-View-Settings-of-IE11-for-SSLVPN.pdf]]></target>
          <uuid>3bc6b6da-1dc9-11e7-b808-90fba685ef5f</uuid>
        </link>
        <link name="link2" internal="true" type="A">
          <target><![CDATA[/sites/default/GDCN/Guide-for-Rename-Computer-Name.pdf]]></target>
          <uuid>3beb07c0-1dc9-11e7-b808-90fba685ef5f</uuid>
        </link>
        <link name="link3" internal="true" type="A">
          <target><![CDATA[/sites/default/GDCN/Import_the_digital_certificate_to_your_notebook_for_GDCN_WPA.pdf]]></target>
          <uuid>3bf3ba53-1dc9-11e7-b808-90fba685ef5f</uuid>
        </link>
        <link name="link4" internal="true" type="A">
          <target><![CDATA[/sites/default/Policies-Files/PRD0010.doc]]></target>
          <uuid>d8e141ee-1397-11e7-b2d1-90fba685ef5f</uuid>
        </link>
        <link name="link5" internal="true" type="A">
          <target><![CDATA[/sites/default/GDCN/Recommendation_of_Encrypted_USB_Flash_Drive_for_GDCN_Users.pdf]]></target>
          <uuid>3bfd7e56-1dc9-11e7-b808-90fba685ef5f</uuid>
        </link>
        <link name="link6" internal="true" type="A">
          <target><![CDATA[/sites/default/Policies-Files/US0009.docx]]></target>
          <uuid>e473246f-1397-11e7-b2d1-90fba685ef5f</uuid>
        </link>
        <link name="link7" internal="false" type="A">
          <target><![CDATA[http://csms.pccw.com/dls/otherdoc/GDCN_WLAN_Sites.htm]]></target>
        </link>
        <link name="link8" internal="true" type="A">
          <target><![CDATA[/sites/default/GDCN/GDCN_WiFi-FAQs_V3.0.pdf]]></target>
          <uuid>3be16acd-1dc9-11e7-b808-90fba685ef5f</uuid>
        </link>
        <link name="link9" internal="true" type="A">
          <target><![CDATA[/sites/default/GDCN/Wlan_Userguide_Win7_V6_for_PC_joining_corphq_domain.pdf]]></target>
          <uuid>3c10430c-1dc9-11e7-b808-90fba685ef5f</uuid>
        </link>
        <link name="link10" internal="true" type="A">
          <target><![CDATA[/sites/default/GDCN/Wlan_Userguide_Win7_V6_for_PC_joining_other_domain.pdf]]></target>
          <uuid>3c196acf-1dc9-11e7-b808-90fba685ef5f</uuid>
        </link>
        <link name="link11" internal="true" type="A">
          <target><![CDATA[/sites/default/GDCN/Wlan_Userguide_Win8_V3_for_PC_joining_corphq_domain.pdf]]></target>
          <uuid>3c22e0b2-1dc9-11e7-b808-90fba685ef5f</uuid>
        </link>
        <link name="link12" internal="true" type="A">
          <target><![CDATA[/sites/default/GDCN/Wlan_Userguide_Win8_V3_for_PC_joining_other_domain.pdf]]></target>
          <uuid>3c29e595-1dc9-11e7-b808-90fba685ef5f</uuid>
        </link>
        <link name="link13" internal="true" type="A">
          <target><![CDATA[/sites/default/GDCN/WLAN_Userguide_WinXP_v6.pdf]]></target>
          <uuid>3c0630e9-1dc9-11e7-b808-90fba685ef5f</uuid>
        </link>
      </links>
      <content><![CDATA[<p><a href="%(link0)">Desktop Guidelines to All GDCN Users</a></p>
<p><a href="%(link1)">Compatibility View Settings of IE11 for SSLVPN</a></p>
<p><a href="%(link2)">Guide for Rename Computer Name</a></p>
<p><a href="%(link3)">Import the digital certificate to your notebook for GDCN WPA</a></p>
<p><a href="%(link4)">User Guide of Fixed IP Configuration on Desktop</a></p>
<p><a href="%(link5)">Recommendation of Encrypted USB Flash Drive for GDCN Users</a></p>
<p><a href="%(link6)">Hard Disk Encryption User Guide</a></p>
<p><a href="%(link7)">Current GDCN WLAN Sites</a></p>
<p><a href="%(link8)">GDCN WiFi Service FAQs V3.0</a></p>
<p><a href="%(link9)">Wireless LAN - GDCN WPA Setup Guide for Win 7 - For PC Joining CORPHQ-HK-PCCW domain</a></p>
<p><a href="%(link10)">Wireless LAN - GDCN WPA Setup Guide for Win 7 - For PC joining other domain (e.g. CORP, Mandarin domain)</a></p>
<p><a href="%(link11)">Wireless LAN - GDCN WPA Setup Guide for Windows 8 for PC Joining CORPHQ Domain</a></p>
<p><a href="%(link12)">Wireless LAN - GDCN WPA Setup Guide for Windows 8 for PC Joining Other Domain</a></p>
<p><a href="%(link13)">Wireless LAN - GDCN WPA Setup Guide for Windows 8 for PC Joining CORPHQ Domain</a></p>]]></content>
    </Text>
  </ApolloSection>
</ApolloSections>
