<?xml version="1.0" encoding="UTF-8"?>

<ApolloSections xmlns:xsi="http://www.w3.org/2001/XMLSchema-instance" xsi:noNamespaceSchemaLocation="opencms://system/modules/org.opencms.apollo/schemas/section.xsd">
  <ApolloSection language="en">
    <Headline><![CDATA[General Guidelines]]></Headline>
    <Text name="Text0">
      <links>
        <link name="link0" internal="true" type="A">
          <target><![CDATA[/sites/default/GDCN/GDCN-Usage-Policy-Version-2.2.pdf]]></target>
          <uuid>88eea323-1dbb-11e7-b808-90fba685ef5f</uuid>
        </link>
        <link name="link1" internal="true" type="A">
          <target><![CDATA[/sites/default/GDCN/Copyrights-Policy-Version-1.1.pdf]]></target>
          <uuid>88dca1c0-1dbb-11e7-b808-90fba685ef5f</uuid>
        </link>
        <link name="link2" internal="true" type="A">
          <target><![CDATA[/sites/default/GDCN/User-Responsibilities-Version-2.1.pdf]]></target>
          <uuid>88f9c6b9-1dbb-11e7-b808-90fba685ef5f</uuid>
        </link>
        <link name="link3" internal="true" type="A">
          <target><![CDATA[/sites/default/GDCN/User-Guide-to-Safer-Computing-at-PCCW-Version-2.1.pdf]]></target>
          <uuid>88f50bc6-1dbb-11e7-b808-90fba685ef5f</uuid>
        </link>
      </links>
      <content><![CDATA[<p><a href="%(link0)">GDCN Usage Policy</a></p>
<p><a href="%(link1)">Copyrights Policy</a></p>
<p><a href="%(link2)">User Responsibilties</a></p>
<p><a href="%(link3)">User Guide to Safer Computing at PCCW</a></p>]]></content>
    </Text>
  </ApolloSection>
</ApolloSections>
