<?xml version="1.0" encoding="UTF-8"?>

<ApolloSections xmlns:xsi="http://www.w3.org/2001/XMLSchema-instance" xsi:noNamespaceSchemaLocation="opencms://system/modules/org.opencms.apollo/schemas/section.xsd">
  <ApolloSection language="en">
    <Headline><![CDATA[New content section]]></Headline>
    <Text name="Text0">
      <links>
        <link name="link0" internal="true" type="A">
          <target><![CDATA[/sites/default/Forms-and-SAP/Form/IT-F0084H-v1.2.docx]]></target>
          <uuid>10167a5c-1061-11e7-b2d1-90fba685ef5f</uuid>
        </link>
        <link name="link1" internal="false" type="A">
          <target><![CDATA[http://intranet.hkcsl.net/intranet/images/department/InformationTechnology/Document/IT-F0062H-v1.1.docx]]></target>
        </link>
        <link name="link2" internal="true" type="A">
          <target><![CDATA[/sites/default/Forms-and-SAP/Sample/IT-F0062H-v1.1-Sample.docx]]></target>
          <uuid>f4b2265b-1060-11e7-b2d1-90fba685ef5f</uuid>
        </link>
        <link name="link3" internal="true" type="A">
          <target><![CDATA[/sites/default/Forms-and-SAP/Form/IT-F0082H-v1.2.docx]]></target>
          <uuid>0ffbc669-1061-11e7-b2d1-90fba685ef5f</uuid>
        </link>
        <link name="link4" internal="true" type="A">
          <target><![CDATA[/sites/default/Forms-and-SAP/Sample/IT-F0082H-v1.2-Sample.docx]]></target>
          <uuid>f4c97efa-1060-11e7-b2d1-90fba685ef5f</uuid>
        </link>
        <link name="link5" internal="true" type="A">
          <target><![CDATA[/sites/default/Forms-and-SAP/Form/IT-F0047H-v1.2.docx]]></target>
          <uuid>0faa23c6-1061-11e7-b2d1-90fba685ef5f</uuid>
        </link>
        <link name="link6" internal="true" type="A">
          <target><![CDATA[/sites/default/Forms-and-SAP/Form/IT-F0087H-v1.20.docx]]></target>
          <uuid>10206575-1061-11e7-b2d1-90fba685ef5f</uuid>
        </link>
        <link name="link7" internal="true" type="A">
          <target><![CDATA[/sites/default/Forms-and-SAP/Sample/IT-F0087H-v1.20-Sample.docx]]></target>
          <uuid>f4d3b733-1060-11e7-b2d1-90fba685ef5f</uuid>
        </link>
        <link name="link8" internal="true" type="A">
          <target><![CDATA[/sites/default/Forms-and-SAP/Form/IT-F0111H-v1.20.docx]]></target>
          <uuid>103af26a-1061-11e7-b2d1-90fba685ef5f</uuid>
        </link>
        <link name="link9" internal="true" type="A">
          <target><![CDATA[/sites/default/Forms-and-SAP/Sample/IT-F0111H-v1.20-Sample.docx]]></target>
          <uuid>f4e913ff-1060-11e7-b2d1-90fba685ef5f</uuid>
        </link>
        <link name="link10" internal="true" type="A">
          <target><![CDATA[/sites/default/Forms-and-SAP/Form/ITN-F0016H-v1.20.docx]]></target>
          <uuid>10ef26a9-1061-11e7-b2d1-90fba685ef5f</uuid>
        </link>
        <link name="link11" internal="true" type="A">
          <target><![CDATA[/sites/default/Forms-and-SAP/Sample/ITN-F0016H-v1.20-Sample.docx]]></target>
          <uuid>f53a688b-1060-11e7-b2d1-90fba685ef5f</uuid>
        </link>
        <link name="link12" internal="true" type="A">
          <target><![CDATA[/sites/default/Forms-and-SAP/Form/IT-F0034H-v1.20.docx]]></target>
          <uuid>0f98978a-1061-11e7-b2d1-90fba685ef5f</uuid>
        </link>
        <link name="link13" internal="true" type="A">
          <target><![CDATA[/sites/default/Forms-and-SAP/Form/IT-F0014H-v1.1.docx]]></target>
          <uuid>0f7a12fb-1061-11e7-b2d1-90fba685ef5f</uuid>
        </link>
        <link name="link14" internal="true" type="A">
          <target><![CDATA[/sites/default/Forms-and-SAP/Form/IT-F0125H-v1.3.docx]]></target>
          <uuid>105f1c55-1061-11e7-b2d1-90fba685ef5f</uuid>
        </link>
        <link name="link15" internal="true" type="A">
          <target><![CDATA[/sites/default/Forms-and-SAP/Sample/IT-F0125H-v1.3-Sample.docx]]></target>
          <uuid>f5063907-1060-11e7-b2d1-90fba685ef5f</uuid>
        </link>
        <link name="link16" internal="true" type="A">
          <target><![CDATA[/sites/default/Forms-and-SAP/Form/ITN-F0006H-v1.2.docx]]></target>
          <uuid>10e9cf73-1061-11e7-b2d1-90fba685ef5f</uuid>
        </link>
        <link name="link17" internal="true" type="A">
          <target><![CDATA[/sites/default/Forms-and-SAP/Form/ITN-F0006H-v1.2.docx]]></target>
          <uuid>10e9cf73-1061-11e7-b2d1-90fba685ef5f</uuid>
        </link>
        <link name="link18" internal="true" type="A">
          <target><![CDATA[/sites/default/Forms-and-SAP/Form/IT-F0131H-v1.30.docx]]></target>
          <uuid>106b9f81-1061-11e7-b2d1-90fba685ef5f</uuid>
        </link>
        <link name="link19" internal="true" type="A">
          <target><![CDATA[/sites/default/Forms-and-SAP/Sample/PC-Inventory-Record-Update-IT-F0131H-v1.30-Sample.docx]]></target>
          <uuid>1823f079-2015-11e7-b808-90fba685ef5f</uuid>
        </link>
        <link name="link20" internal="true" type="A">
          <target><![CDATA[/sites/default/Forms-and-SAP/Form/IT-F0064H-v1.4.docx]]></target>
          <uuid>0fe7a217-1061-11e7-b2d1-90fba685ef5f</uuid>
        </link>
        <link name="link21" internal="true" type="A">
          <target><![CDATA[/sites/default/Forms-and-SAP/Form/IT-F0190H-v1.2.docx]]></target>
          <uuid>10ab3faf-1061-11e7-b2d1-90fba685ef5f</uuid>
        </link>
        <link name="link22" internal="true" type="A">
          <target><![CDATA[/sites/default/Forms-and-SAP/Sample/IT-F0190H-v1.2-Sample.docx]]></target>
          <uuid>f529517f-1060-11e7-b2d1-90fba685ef5f</uuid>
        </link>
        <link name="link23" internal="true" type="A">
          <target><![CDATA[/sites/default/Forms-and-SAP/Form/IT-F0184H-v1.2.docx]]></target>
          <uuid>1098a200-1061-11e7-b2d1-90fba685ef5f</uuid>
        </link>
        <link name="link24" internal="true" type="A">
          <target><![CDATA[/sites/default/Forms-and-SAP/Sample/IT-F0184H-v1.2-Sample.docx]]></target>
          <uuid>f51b20a3-1060-11e7-b2d1-90fba685ef5f</uuid>
        </link>
        <link name="link25" internal="true" type="A">
          <target><![CDATA[/sites/default/Forms-and-SAP/Form/IT-F0113H-v1.2.docx]]></target>
          <uuid>10415b10-1061-11e7-b2d1-90fba685ef5f</uuid>
        </link>
        <link name="link26" internal="true" type="A">
          <target><![CDATA[/sites/default/Forms-and-SAP/Sample/IT-F0113H-v1.2-Sample.docx]]></target>
          <uuid>f4efa3b5-1060-11e7-b2d1-90fba685ef5f</uuid>
        </link>
      </links>
      <content><![CDATA[<table border="2" width="100%">
<tbody>
<tr style="height: 47.4006px;">
<td style="height: 47.4006px; width: 17%; padding-left: 30px;"><strong>Application</strong></td>
<td style="height: 47.4006px; width: 32%; padding-left: 30px;"><strong>Form&nbsp;</strong></td>
<td style="height: 47.4006px; width: 16.5682%; padding-left: 30px;"><strong>Form Number</strong></td>
<td style="height: 47.4006px; width: 26.4318%; padding-left: 30px;"><strong>Sample</strong></td>
</tr>
<tr style="height: 47.4006px;">
<td style="height: 47.4006px; width: 17%; padding-left: 30px;"><strong>Contractor Registration</strong></td>
<td style="height: 47.4006px; width: 32%; padding-left: 30px;"><strong><a href="%(link0)">Registration of Authorized Contractor of Non-HKT Staff request</a></strong></td>
<td style="height: 47.4006px; width: 16.5682%; padding-left: 30px;"><strong>IT-F0084H</strong></td>
<td style="height: 47.4006px; width: 26.4318%; padding-left: 30px;"><strong>N/A</strong></td>
</tr>
<tr style="height: 47.4006px;">
<td style="height: 47.4006px; width: 17%; padding-left: 30px;"><strong>DCN Access</strong></td>
<td style="height: 47.4006px; width: 32%; padding-left: 30px;"><strong><a href="%(link1)">Network Access for Guests, Vendors and Contractors Registration Form</a></strong></td>
<td style="height: 47.4006px; width: 16.5682%; padding-left: 30px;"><strong>IT-F0062H</strong></td>
<td style="height: 47.4006px; width: 26.4318%; padding-left: 30px;"><strong><a href="%(link2)">DCN Access Sample</a></strong></td>
</tr>
<tr style="height: 47.4006px;">
<td style="height: 47.4006px; width: 17%; padding-left: 30px;"><strong>Domain</strong></td>
<td style="height: 47.4006px; width: 32%; padding-left: 30px;"><strong><a href="%(link3)">MONENG Domain Account Registration</a></strong></td>
<td style="height: 47.4006px; width: 16.5682%; padding-left: 30px;"><strong>IT-F0082H</strong></td>
<td style="height: 47.4006px; width: 26.4318%; padding-left: 30px;"><strong><a href="%(link4)">MONENG Domain Sample</a></strong></td>
</tr>
<tr style="height: 30px;">
<td style="height: 79px; width: 17%; padding-left: 30px;" rowspan="4"><strong>Engineer Common</strong><br /><strong> Drive / Server</strong></td>
<td style="height: 30px; width: 32%; padding-left: 30px;">
<p><strong><a href="%(link5)">Oracle Database Registration (Corporate Oracle License Agreement)</a></strong></p>
</td>
<td style="height: 30px; width: 16.5682%; padding-left: 30px;">
<p><strong>IT-F0047H</strong><strong>&nbsp;</strong></p>
</td>
<td style="height: 30px; width: 26.4318%;">
<p style="padding-left: 30px;"><strong>N/A</strong></p>
</td>
</tr>
<tr style="height: 4px;">
<td style="height: 4px; width: 32%; padding-left: 30px;"><strong><a href="%(link6)">Engineering Common Drive Account Registration</a></strong></td>
<td style="height: 4px; width: 16.5682%; padding-left: 30px;">
<p><strong>IT-F0087H</strong></p>
</td>
<td style="height: 4px; width: 26.4318%; padding-left: 30px;"><strong><a href="%(link7)">Engineer Common<br />Drive / Server Sample</a></strong></td>
</tr>
<tr style="height: 15px;">
<td style="height: 15px; width: 32%;">
<p style="padding-left: 30px;"><strong><a href="%(link8)">WSWEB09 Common Server</a></strong></p>
</td>
<td style="height: 15px; width: 16.5682%;">
<p style="padding-left: 30px;"><strong>IT-F0111H</strong></p>
</td>
<td style="height: 15px; width: 26.4318%;">
<p style="padding-left: 30px;"><strong><a href="%(link9)">WSWEB09 Common Server Sample</a></strong></p>
</td>
</tr>
<tr style="height: 30px;">
<td style="height: 30px; width: 32%; padding-left: 30px;"><strong><a href="%(link10)">NWPCS Common Drive</a></strong></td>
<td style="height: 30px; width: 16.5682%;">
<p style="padding-left: 30px;"><strong>ITN-F0016H</strong></p>
</td>
<td style="height: 30px; width: 26.4318%; padding-left: 30px;"><strong><a href="%(link11)">NWPCS Common Drive Sample</a></strong></td>
</tr>
<tr style="height: 30px;">
<td style="height: 30px; width: 17%; padding-left: 30px;">
<p><strong>Email</strong><strong>&nbsp;</strong></p>
</td>
<td style="height: 30px; width: 32%; padding-left: 30px;">
<p><strong><a href="%(link12)">Functional Email Server / Blacklist / Whitelist Registration</a></strong><strong>&nbsp;</strong></p>
</td>
<td style="height: 30px; width: 16.5682%; padding-left: 30px;">
<p><strong>IT-F0034H</strong><strong>&nbsp;</strong></p>
</td>
<td style="height: 30px; width: 26.4318%; padding-left: 30px;">
<p><strong>N/A</strong></p>
</td>
</tr>
<tr style="height: 30px;">
<td style="height: 30px; width: 17%; padding-left: 30px;">
<p><strong>Firewall</strong></p>
</td>
<td style="height: 30px; width: 32%; padding-left: 30px;">
<p><strong><a href="%(link13)">Firewall Rules Change Request Registration</a></strong></p>
</td>
<td style="height: 30px; width: 16.5682%; padding-left: 30px;">
<p><strong>IT-F0014H</strong></p>
</td>
<td style="height: 30px; width: 26.4318%; padding-left: 30px;">
<p><strong>N/A</strong></p>
</td>
</tr>
<tr style="height: 30px;">
<td style="height: 30px; width: 17%; padding-left: 30px;">
<p><strong>Mobile Application&nbsp;</strong></p>
</td>
<td style="height: 30px; width: 32%; padding-left: 30px;">
<p><strong><a href="%(link14)">Mobile Application Account Registration</a></strong></p>
</td>
<td style="height: 30px; width: 16.5682%; padding-left: 30px;">
<p><strong>IT-F0125H</strong></p>
</td>
<td style="height: 30px; width: 26.4318%; padding-left: 30px;">
<p><strong><a href="%(link15)">Mobile Application Sample</a></strong></p>
</td>
</tr>
<tr style="height: 30px;">
<td style="height: 30px; width: 17%; padding-left: 30px;"><strong>NWPCS Domain</strong></td>
<td style="height: 30px; width: 32%; padding-left: 30px;"><strong><a href="%(link16)">NWPCS Domain Account Registration</a></strong></td>
<td style="height: 30px; width: 16.5682%; padding-left: 30px;"><strong>ITN-F0006H</strong></td>
<td style="height: 30px; width: 26.4318%; padding-left: 30px;"><strong><a href="%(link17)">NWPCS Domain Sample</a></strong></td>
</tr>
<tr style="height: 15px;">
<td style="height: 45px; width: 17%; padding-left: 30px;">
<p><strong>PC Inventory</strong></p>
</td>
<td style="height: 15px; width: 32%; padding-left: 30px;"><strong><a href="%(link18)">PC Inventory Record Update Request</a></strong></td>
<td style="height: 15px; width: 16.5682%; padding-left: 30px;"><strong>IT-F0131H</strong></td>
<td style="height: 15px; width: 26.4318%; padding-left: 30px;"><strong><a href="%(link19)">PC Inventory Record Update Sample</a></strong></td>
</tr>
<tr style="height: 30px;">
<td style="height: 30px; width: 17%; padding-left: 30px;"><strong>Registration</strong></td>
<td style="height: 30px; width: 32%; padding-left: 30px;"><strong><a href="%(link20)">Registration of Authorized - IT Applications&nbsp;</a></strong></td>
<td style="height: 30px; width: 16.5682%; padding-left: 30px;"><strong>IT-F0064H</strong></td>
<td style="height: 30px; width: 26.4318%; padding-left: 30px;"><strong>N/A</strong></td>
</tr>
<tr style="height: 30px;">
<td style="height: 30px; width: 17%; padding-left: 30px;"><strong>PC Inventory</strong></td>
<td style="height: 30px; width: 32%; padding-left: 30px;">
<p><strong><a href="%(link21)">Equipment Transfer Form</a></strong></p>
<p><strong>(Only for following BU: Mobile Business, Wireless Business, Tap &amp; Go, The Club)</strong></p>
</td>
<td style="height: 30px; width: 16.5682%; padding-left: 30px;"><strong>IT-F0190H</strong></td>
<td style="height: 30px; width: 26.4318%; padding-left: 30px;"><strong><a href="%(link22)">Equipment Transfer Sample</a></strong></td>
</tr>
<tr style="height: 30px;">
<td style="height: 30px; width: 17%; padding-left: 30px;"><strong>Power User</strong></td>
<td style="height: 30px; width: 32%; padding-left: 30px;">
<p><strong><a href="%(link23)">Power User and AD Exceptional user Form</a></strong></p>
<p><strong>(Only for following BU: Mobile Business, Wireless Business, Tap &amp; Go, The Club)</strong></p>
</td>
<td style="height: 30px; width: 16.5682%; padding-left: 30px;"><strong>IT-F0184H</strong></td>
<td style="height: 30px; width: 26.4318%; padding-left: 30px;"><strong><a href="%(link24)">Power User Sample</a></strong></td>
</tr>
<tr style="height: 30px;">
<td style="height: 30px; width: 17%; padding-left: 30px;"><strong>Windows &amp; Office&nbsp;License</strong></td>
<td style="height: 30px; width: 32%; padding-left: 30px;">
<p><strong><a href="%(link25)">Windows &amp; Office Request</a></strong></p>
<p><strong>(Only for following BU: Mobile Business, Wireless Business, Tap &amp; Go, The Club)</strong></p>
</td>
<td style="height: 30px; width: 16.5682%; padding-left: 30px;"><strong>IT-F0113H</strong></td>
<td style="height: 30px; width: 26.4318%; padding-left: 30px;"><strong><a href="%(link26)">Windows &amp; Office Request Sample</a>&nbsp;</strong></td>
</tr>
</tbody>
</table>]]></content>
    </Text>
  </ApolloSection>
</ApolloSections>
