<?xml version="1.0" encoding="UTF-8"?>

<ApolloSections xmlns:xsi="http://www.w3.org/2001/XMLSchema-instance" xsi:noNamespaceSchemaLocation="opencms://system/modules/org.opencms.apollo/schemas/section.xsd">
  <ApolloSection language="en">
    <Headline><![CDATA[New content section]]></Headline>
    <Text name="Text0">
      <links>
        <link name="link0" internal="false" type="A">
          <target><![CDATA[http://intranet.hkcsl.net/intranet/images/department/InformationTechnology/Document/UN0003-v1.7.doc]]></target>
        </link>
        <link name="link1" internal="false" type="A">
          <target><![CDATA[http://intranet.hkcsl.net/intranet/images/department/InformationTechnology/Document/PS0005-v1.5.doc]]></target>
        </link>
        <link name="link2" internal="false" type="A">
          <target><![CDATA[http://intranet.hkcsl.net/intranet/images/department/InformationTechnology/Document/PS0004-v1.9.doc]]></target>
        </link>
        <link name="link3" internal="false" type="A">
          <target><![CDATA[http://intranet.hkcsl.net/intranet/images/department/InformationTechnology/Document/OS0009-v1.4.doc]]></target>
        </link>
        <link name="link4" internal="false" type="A">
          <target><![CDATA[http://intranet.hkcsl.net/intranet/images/department/InformationTechnology/Document/US0007-v1.7.doc]]></target>
        </link>
        <link name="link5" internal="false" type="A">
          <target><![CDATA[http://intranet.hkcsl.net/intranet/images/department/InformationTechnology/Document/US0005-v2.4.doc]]></target>
        </link>
        <link name="link6" internal="false" type="A">
          <target><![CDATA[http://intranet.hkcsl.net/intranet/images/department/InformationTechnology/Document/US0008-v2.2.docx]]></target>
        </link>
        <link name="link7" internal="false" type="A">
          <target><![CDATA[http://intranet.hkcsl.net/intranet/images/department/InformationTechnology/Document/US0008.docx]]></target>
        </link>
      </links>
      <content><![CDATA[<table style="height: 374px;" border="2" width="852">
<tbody>
<tr>
<td style="width: 411px;">
<h5 style="padding-left: 30px;"><strong>Application</strong></h5>
</td>
<td style="padding-left: 30px; width: 396px;">
<h5><strong>Template</strong></h5>
</td>
</tr>
<tr>
<td style="padding-left: 30px; width: 382px;">
<p><strong>Network Access Guideline</strong></p>
</td>
<td style="padding-left: 30px; width: 396px;">
<p><a href="%(link0)">DCN Network Access Guideline (UN0003)</a></p>
</td>
</tr>
<tr>
<td style="padding-left: 30px; width: 382px;">
<p><strong>Wireless LAN</strong></p>
</td>
<td style="padding-left: 30px; width: 396px;">
<p><a href="%(link1)">Wireless LAN Security Policy (PS0005)</a></p>
</td>
</tr>
<tr>
<td style="padding-left: 30px; width: 382px;">
<p><strong>Remote Access</strong></p>
</td>
<td style="width: 425px;">
<p>&nbsp; &nbsp; &nbsp; &nbsp; &nbsp;<span style="text-decoration: underline;"><strong>Remote Access Policy</strong></span></p>
<p style="padding-left: 30px;"><a href="%(link2)">Remote Access Standards and Policy (PS0004)</a></p>
</td>
</tr>
<tr>
<td style="padding-left: 30px; width: 382px;">
<p><strong>CSL DCN APN</strong></p>
</td>
<td style="width: 425px;">
<p style="padding-left: 30px;"><a href="%(link3)">CSLDCN APN User Account Request and Account Administration Procedure (OS0009)&nbsp;</a></p>
<p style="padding-left: 30px;"><a href="%(link4)">CSLDCN APN Configuration User Guide (US0007)</a>&nbsp;</p>
</td>
</tr>
<tr>
<td style="padding-left: 30px; width: 382px;">
<p><strong>SVPN</strong></p>
</td>
<td style="width: 425px;">
<p style="padding-left: 30px;"><a href="%(link5)">Using CSL SVPN Service with SMS Token (US0005)</a></p>
<p style="padding-left: 30px;"><a href="%(link6)">Using CSL SVPN Service Thru XenApp For Vendor (US0008</a><a href="%(link7)">)</a></p>
</td>
</tr>
</tbody>
</table>
<h3>&nbsp;</h3>]]></content>
    </Text>
  </ApolloSection>
</ApolloSections>
