<?xml version="1.0" encoding="UTF-8"?>

<ApolloSections xmlns:xsi="http://www.w3.org/2001/XMLSchema-instance" xsi:noNamespaceSchemaLocation="opencms://system/modules/org.opencms.apollo/schemas/section.xsd">
  <ApolloSection language="en">
    <Headline><![CDATA[Security]]></Headline>
    <Text name="Text0">
      <links>
        <link name="link0" internal="true" type="A">
          <target><![CDATA[/sites/default/GDCN/Apache-Tomcat-5.5-Hardening-Guide-v1.0.0.pdf]]></target>
          <uuid>f8129cd3-1dcd-11e7-b808-90fba685ef5f</uuid>
        </link>
        <link name="link1" internal="true" type="A">
          <target><![CDATA[/sites/default/GDCN/CheckPoint-Firewall-Hardening-Guide-v1.0.pdf]]></target>
          <uuid>f82efe76-1dcd-11e7-b808-90fba685ef5f</uuid>
        </link>
        <link name="link2" internal="true" type="A">
          <target><![CDATA[/sites/default/GDCN/Cisco-IOS-12-Hardening-Guide-v1.0.pdf]]></target>
          <uuid>f83c6bf9-1dcd-11e7-b808-90fba685ef5f</uuid>
        </link>
        <link name="link3" internal="true" type="A">
          <target><![CDATA[/sites/default/GDCN/Cisco-IOS-15-Hardening-Guide-v1.0.pdf]]></target>
          <uuid>f846f34c-1dcd-11e7-b808-90fba685ef5f</uuid>
        </link>
        <link name="link4" internal="true" type="A">
          <target><![CDATA[/sites/default/GDCN/Juniper-JUNOS-Hardening-Guide-v1.0.pdf]]></target>
          <uuid>f8512c7f-1dcd-11e7-b808-90fba685ef5f</uuid>
        </link>
        <link name="link5" internal="true" type="A">
          <target><![CDATA[/sites/default/GDCN/Juniper-ScreenOS-Hardening-Guide-v1.0.pdf]]></target>
          <uuid>f85b8cc2-1dcd-11e7-b808-90fba685ef5f</uuid>
        </link>
        <link name="link6" internal="true" type="A">
          <target><![CDATA[/sites/default/GDCN/Microsoft-Windows-7-Hardening-Guide-v1.0.pdf]]></target>
          <uuid>f887a5d5-1dcd-11e7-b808-90fba685ef5f</uuid>
        </link>
        <link name="link7" internal="true" type="A">
          <target><![CDATA[/sites/default/GDCN/Microsoft-Windows-8-Hardening-Guide-v1.0.pdf]]></target>
          <uuid>f890f4a8-1dcd-11e7-b808-90fba685ef5f</uuid>
        </link>
        <link name="link8" internal="true" type="A">
          <target><![CDATA[/sites/default/GDCN/Microsoft-Windows-8.1-Hardening-Guide-v1.0.pdf]]></target>
          <uuid>f89bf12b-1dcd-11e7-b808-90fba685ef5f</uuid>
        </link>
        <link name="link9" internal="true" type="A">
          <target><![CDATA[/sites/default/GDCN/Websphere-8.5-Hardening-Guide-v1.0.0.pdf]]></target>
          <uuid>f8a73bce-1dcd-11e7-b808-90fba685ef5f</uuid>
        </link>
      </links>
      <content><![CDATA[<p><a href="%(link0)">Apache Tomcat 5.5 Hardening Guide v1.0.0</a></p>
<p><a href="%(link1)">CheckPoint Firewall Hardening Guide v1.0</a></p>
<p><a href="%(link2)">Cisco IOS 12 Hardening Guide v1.0</a></p>
<p><a href="%(link3)">Cisco IOS 15 Hardening Guide v1.0</a></p>
<p><a href="%(link4)">Juniper JUNOS Hardening Guide v1.0</a></p>
<p><a href="%(link5)">Juniper ScreenOS Hardening Guide v1.0</a></p>
<p><a href="%(link6)">Microsoft Windows 7 Hardening Guide v1.0</a></p>
<p><a href="%(link7)">Microsoft Windows 8 Hardening Guide v1.0</a></p>
<p><a href="%(link8)">Microsoft Windows 8.1 Hardening Guide v1.0</a></p>
<p><a href="%(link9)">Websphere 8.5 Hardening Guide v1.0.0</a></p>]]></content>
    </Text>
  </ApolloSection>
</ApolloSections>
