<?xml version="1.0" encoding="UTF-8"?>

<ApolloSections xmlns:xsi="http://www.w3.org/2001/XMLSchema-instance" xsi:noNamespaceSchemaLocation="opencms://system/modules/org.opencms.apollo/schemas/section.xsd">
  <ApolloSection language="en">
    <Headline><![CDATA[New content section]]></Headline>
    <Text name="Text0">
      <links>
        <link name="link0" internal="true" type="A">
          <target><![CDATA[/sites/default/Forms-and-SAP/Form/IT-F0195-v1.2.docx]]></target>
          <uuid>10c445fb-1061-11e7-b2d1-90fba685ef5f</uuid>
        </link>
        <link name="link1" internal="true" type="A">
          <target><![CDATA[/sites/default/Forms-and-SAP/Form/ITN-F0016H-v1.20.docx]]></target>
          <uuid>10ef26a9-1061-11e7-b2d1-90fba685ef5f</uuid>
        </link>
        <link name="link2" internal="true" type="A">
          <target><![CDATA[/sites/default/Forms-and-SAP/Form/IT-F0087H-v1.20.docx]]></target>
          <uuid>10206575-1061-11e7-b2d1-90fba685ef5f</uuid>
        </link>
        <link name="link3" internal="true" type="A">
          <target><![CDATA[/sites/default/Forms-and-SAP/Form/IT-F0111H-v1.20.docx]]></target>
          <uuid>103af26a-1061-11e7-b2d1-90fba685ef5f</uuid>
        </link>
        <link name="link4" internal="true" type="A">
          <target><![CDATA[/sites/default/Forms-and-SAP/Form/ITN-F0016H-v1.20.docx]]></target>
          <uuid>10ef26a9-1061-11e7-b2d1-90fba685ef5f</uuid>
        </link>
        <link name="link5" internal="true" type="A">
          <target><![CDATA[/sites/default/Forms-and-SAP/Sample/ITN-F0016H-v1.20-Sample.docx]]></target>
          <uuid>f53a688b-1060-11e7-b2d1-90fba685ef5f</uuid>
        </link>
        <link name="link6" internal="true" type="A">
          <target><![CDATA[/sites/default/Forms-and-SAP/Sample/IT-F0087H-v1.20-Sample.docx]]></target>
          <uuid>f4d3b733-1060-11e7-b2d1-90fba685ef5f</uuid>
        </link>
        <link name="link7" internal="true" type="A">
          <target><![CDATA[/sites/default/Forms-and-SAP/Sample/IT-F0111H-v1.20-Sample.docx]]></target>
          <uuid>f4e913ff-1060-11e7-b2d1-90fba685ef5f</uuid>
        </link>
        <link name="link8" internal="true" type="A">
          <target><![CDATA[/sites/default/Forms-and-SAP/Sample/ITN-F0016H-v1.20-Sample.docx]]></target>
          <uuid>f53a688b-1060-11e7-b2d1-90fba685ef5f</uuid>
        </link>
      </links>
      <content><![CDATA[<table style="height: 100%; width: 100%; padding-left: 30px;" border="2">
<tbody style="padding-left: 30px;">
<tr style="height: 38px; padding-left: 30px;">
<td style="width: 14.5062%; height: 38px; text-align: left; padding-left: 30px;">
<h3 style="text-align: left;"><strong>HKT App / Function</strong></h3>
</td>
<td style="height: 38px; text-align: left; padding-left: 30px; width: 43.4938%;">
<h3 style="text-align: left;"><strong>Form / Service Application Portal Request</strong></h3>
</td>
<td style="width: 21%; height: 38px; text-align: left;">
<h3 style="text-align: left; padding-left: 30px;"><strong>Guide / Sample</strong></h3>
</td>
</tr>
<tr style="height: 42px;">
<td style="width: 14.5062%; height: 42px; text-align: left;">
<p style="padding-left: 30px;"><strong>File Service</strong></p>
</td>
<td style="width: 43.4938%; height: 42px; text-align: left; padding-left: 30px;">
<p>IT-F00195&nbsp;<a href="%(link0)">File Service Registration</a></p>
</td>
<td style="width: 21%; height: 42px; text-align: left; padding-left: 30px;">N/A</td>
</tr>
<tr style="height: 85px; padding-left: 30px;">
<td style="width: 14.5062%; height: 85px; text-align: left; padding-left: 30px;">
<p><strong>Engineer Common</strong></p>
<p><strong> Drive / Server</strong></p>
</td>
<td style="width: 43.4938%; height: 85px; text-align: left; padding-left: 30px;">
<p>IT-F0016H&nbsp;<a href="%(link1)">Oracle Database Registration (Corporate Oracle License Agreement)&nbsp;</a></p>
<p>IT-F0087H <a href="%(link2)">Engineering Common Drive Account Registration</a></p>
<p>IT-F0111H <a href="%(link3)">WSWEB09 Common Server</a></p>
<p>ITN-F0016H <a href="%(link4)">User Registration Request –&nbsp;NWPCS Common Drive</a></p>
</td>
<td style="width: 21%; height: 85px; text-align: left; padding-left: 30px;">
<p>IT-F0016H&nbsp;<a href="%(link5)">Oracle Database Registration (Corporate Oracle License Agreement)</a></p>
<p>IT-F0087H&nbsp;<a href="%(link6)">Engineering Common Drive Account Registration</a></p>
<p>IT-F0111H&nbsp;<a href="%(link7)">WSWEB09 Common Server</a></p>
<p>ITN-F0016H&nbsp;<a href="%(link8)">User Registration Request –&nbsp;NWPCS Common Drive</a>&nbsp;</p>
</td>
</tr>
</tbody>
</table>]]></content>
    </Text>
  </ApolloSection>
</ApolloSections>
