<?xml version="1.0" encoding="UTF-8"?>

<ApolloSections xmlns:xsi="http://www.w3.org/2001/XMLSchema-instance" xsi:noNamespaceSchemaLocation="opencms://system/modules/org.opencms.apollo/schemas/section.xsd">
  <ApolloSection language="en">
    <Headline/>
    <Text name="Text0">
      <links>
        <link name="link0" internal="true" type="A">
          <target><![CDATA[/sites/default/IT-Partners/]]></target>
          <uuid>fcc18f56-0ac8-11e7-b2d1-90fba685ef5f</uuid>
        </link>
      </links>
      <content><![CDATA[<h3>&nbsp;</h3>
<h3>Effective from 1<sup>st</sup> February 2017, new projects or initiatives requiring IT support will be managed through the Project / CR process&nbsp;and Project CR Form. Please talk to your <a href="%(link0)">IT Partners</a>&nbsp;if you have any new ideas or requirements.&nbsp;</h3>
<p>&nbsp;</p>]]></content>
    </Text>
  </ApolloSection>
</ApolloSections>
