<?xml version="1.0" encoding="UTF-8"?>

<ApolloSections xmlns:xsi="http://www.w3.org/2001/XMLSchema-instance" xsi:noNamespaceSchemaLocation="opencms://system/modules/org.opencms.apollo/schemas/section.xsd">
  <ApolloSection language="en">
    <Headline><![CDATA[New content section]]></Headline>
    <Text name="Text0">
      <links>
        <link name="link0" internal="false" type="A">
          <target><![CDATA[https://sap.pccw.com/]]></target>
        </link>
        <link name="link1" internal="true" type="A">
          <target><![CDATA[/sites/default/Useful-Forms/]]></target>
          <uuid>2e74f30b-0ac9-11e7-b2d1-90fba685ef5f</uuid>
        </link>
      </links>
      <content><![CDATA[<table style="height: 100%; width: 100%;" border="2">
<tbody>
<tr style="height: 50px;">
<td style="height: 50px; width: 22.7857%; text-align: center;">
<h3><strong>Scope</strong></h3>
</td>
<td style="height: 50px; width: 174.214%; text-align: center;">
<h3><strong>&nbsp;Links</strong></h3>
</td>
</tr>
<tr style="height: 76px;">
<td style="height: 76px; width: 22.7857%; text-align: center;">
<h4>Service Application Portal</h4>
</td>
<td style="height: 76px; width: 174.214%; text-align: center;">
<h4><a href="%(link0)">https://sap.pccw.com/</a></h4>
</td>
</tr>
<tr style="height: 9px;">
<td style="height: 9px; width: 22.7857%; text-align: center;">
<h5>Paper Forms</h5>
<p>(To be migarted to SAP)</p>
</td>
<td style="height: 9px; width: 174.214%; text-align: center;">
<h4><a href="%(link1)">Useful Forms (Paper Forms)&nbsp;</a></h4>
</td>
</tr>
<tr style="height: 9px;">
<td style="height: 9px; width: 22.7857%; text-align: center;">
<h4>PCCWS Operated System</h4>
</td>
<td style="height: 9px; width: 174.214%; text-align: center;">&nbsp;</td>
</tr>
</tbody>
</table>]]></content>
    </Text>
  </ApolloSection>
</ApolloSections>
