<?xml version="1.0" encoding="UTF-8"?>

<ApolloSections xmlns:xsi="http://www.w3.org/2001/XMLSchema-instance" xsi:noNamespaceSchemaLocation="opencms://system/modules/org.opencms.apollo/schemas/section.xsd">
  <ApolloSection language="en">
    <Headline><![CDATA[Domain / Email / Instant Message]]></Headline>
    <Text name="Text0">
      <links>
        <link name="link0" internal="true" type="A">
          <target><![CDATA[/sites/default/GDCN/Procedure_to_Change_Domain_User_Password.pdf]]></target>
          <uuid>55cca113-1dcb-11e7-b808-90fba685ef5f</uuid>
        </link>
        <link name="link1" internal="true" type="A">
          <target><![CDATA[/sites/default/Policies-Files/UE0010.doc]]></target>
          <uuid>d92ca2ef-1397-11e7-b2d1-90fba685ef5f</uuid>
        </link>
        <link name="link2" internal="true" type="A">
          <target><![CDATA[/sites/default/GDCN/Installation_Guide_Outlook_2002.doc]]></target>
          <uuid>55abd397-1dcb-11e7-b808-90fba685ef5f</uuid>
        </link>
        <link name="link3" internal="true" type="A">
          <target><![CDATA[/sites/default/GDCN/Installation_Guide_Outlook_2003.pdf]]></target>
          <uuid>55b1ee1a-1dcb-11e7-b808-90fba685ef5f</uuid>
        </link>
        <link name="link4" internal="true" type="A">
          <target><![CDATA[/sites/default/GDCN/OLK2003UserGuide.pdf]]></target>
          <uuid>55b8f2fd-1dcb-11e7-b808-90fba685ef5f</uuid>
        </link>
        <link name="link5" internal="true" type="A">
          <target><![CDATA[/sites/default/GDCN/How-to-setup-outlook-express-for-e2k3-v1.1.pdf]]></target>
          <uuid>559d7bb4-1dcb-11e7-b808-90fba685ef5f</uuid>
        </link>
        <link name="link6" internal="true" type="A">
          <target><![CDATA[/sites/default/GDCN/Configuring_Outlook_2007_for_Exchange_Email.pdf]]></target>
          <uuid>558b7a4b-1dcb-11e7-b808-90fba685ef5f</uuid>
        </link>
        <link name="link7" internal="true" type="A">
          <target><![CDATA[/sites/default/GDCN/configuring_thunderbird_mail_for_exchange_2010_email_account.pdf]]></target>
          <uuid>55d6da46-1dcb-11e7-b808-90fba685ef5f</uuid>
        </link>
        <link name="link8" internal="true" type="A">
          <target><![CDATA[/sites/default/GDCN/Configuring_Outlook_2010_for_Exchange_2010.pdf]]></target>
          <uuid>5590d17e-1dcb-11e7-b808-90fba685ef5f</uuid>
        </link>
        <link name="link9" internal="true" type="A">
          <target><![CDATA[/sites/default/GDCN/eMailClient_exchange.pdf]]></target>
          <uuid>55dc5889-1dcb-11e7-b808-90fba685ef5f</uuid>
        </link>
        <link name="link10" internal="true" type="A">
          <target><![CDATA[/sites/default/Policies-Files/UE0008.doc]]></target>
          <uuid>d9174629-1397-11e7-b2d1-90fba685ef5f</uuid>
        </link>
        <link name="link11" internal="true" type="A">
          <target><![CDATA[/sites/default/Policies-Files/UE0002.doc]]></target>
          <uuid>d9039713-1397-11e7-b2d1-90fba685ef5f</uuid>
        </link>
        <link name="link12" internal="true" type="A">
          <target><![CDATA[/sites/default/Policies-Files/UE0013.doc]]></target>
          <uuid>d93666f5-1397-11e7-b2d1-90fba685ef5f</uuid>
        </link>
        <link name="link13" internal="true" type="A">
          <target><![CDATA[/sites/default/GDCN/mailbox_housekeeping_v1.1.pdf]]></target>
          <uuid>55e2730c-1dcb-11e7-b808-90fba685ef5f</uuid>
        </link>
        <link name="link14" internal="true" type="A">
          <target><![CDATA[/sites/default/Policies-Files/UE0016.doc]]></target>
          <uuid>d940ee4b-1397-11e7-b2d1-90fba685ef5f</uuid>
        </link>
        <link name="link15" internal="true" type="A">
          <target><![CDATA[/sites/default/Policies-Files/UE0006.doc]]></target>
          <uuid>d9112ba6-1397-11e7-b2d1-90fba685ef5f</uuid>
        </link>
        <link name="link16" internal="true" type="A">
          <target><![CDATA[/sites/default/GDCN/Anti_Spam.pdf]]></target>
          <uuid>557de5b8-1dcb-11e7-b808-90fba685ef5f</uuid>
        </link>
        <link name="link17" internal="true" type="A">
          <target><![CDATA[/sites/default/GDCN/Anti_Spam.pdf]]></target>
          <uuid>557de5b8-1dcb-11e7-b808-90fba685ef5f</uuid>
        </link>
        <link name="link18" internal="true" type="A">
          <target><![CDATA[/sites/default/Policies-Files/UE0009.doc]]></target>
          <uuid>d9254fec-1397-11e7-b2d1-90fba685ef5f</uuid>
        </link>
        <link name="link19" internal="true" type="A">
          <target><![CDATA[/sites/default/GDCN/Guideline-for-Use-of-IM-ver1.1.pdf]]></target>
          <uuid>55978841-1dcb-11e7-b808-90fba685ef5f</uuid>
        </link>
        <link name="link20" internal="true" type="A">
          <target><![CDATA[/sites/default/Policies-Files/UE0015.doc]]></target>
          <uuid>d93d44c8-1397-11e7-b2d1-90fba685ef5f</uuid>
        </link>
        <link name="link21" internal="true" type="A">
          <target><![CDATA[/sites/default/Policies-Files/UE0017.doc]]></target>
          <uuid>d94ab24e-1397-11e7-b2d1-90fba685ef5f</uuid>
        </link>
        <link name="link22" internal="true" type="A">
          <target><![CDATA[/sites/default/Policies-Files/UE0011.doc]]></target>
          <uuid>d93359b2-1397-11e7-b2d1-90fba685ef5f</uuid>
        </link>
      </links>
      <content><![CDATA[<p><a href="%(link0)">Procedure to Change Domain User Password</a></p>
<p><a href="%(link1)">How to Change OA-HKCSL-NET AD Domain Password</a></p>
<p><a href="%(link2)">Remote Exchange Offering Outlook 2002 Setup Guide</a></p>
<p><a href="%(link3)">Outlook 2003 Installation Guide</a></p>
<p><a href="%(link4)">Outlook 2003 User Guide</a></p>
<p><a href="%(link5)">How to setup MS Outlook Express POP3 client for Exchange 2003</a></p>
<p><a href="%(link6)">Configuring Outlook 2007 for Exchange Email</a></p>
<p><a href="%(link7)">Configuring Thunderbird Mail for Exchange 2010 eMail Account</a></p>
<p><a href="%(link8)">Configuring Outlook 2010 for Exchange 2010 Email</a></p>
<p><a href="%(link9)">Latest Service Pack Information of eMail Client for accessing Microsoft Exchange Server 2010 Mail System</a></p>
<p><a href="%(link10)">How to Backup Outlook 2010 Personal Folders?</a></p>
<p><a href="%(link11)">Tips on Using Microsoft Outlook 2010</a></p>
<p><a href="%(link12)">How to setup and use MS Outlook Private Email</a></p>
<p><a href="%(link13)">Mail Management - How to housekeep your mailbox</a></p>
<p><a href="%(link14)">How to retrieve archived email from OWA and Outlook</a></p>
<p><a href="%(link15)">Outlook Web Access User Guide for @hkcsl.com Email Users</a></p>
<p><a href="%(link16)">PCCW Anti-Spam Infrastructure Quick User Guide</a></p>
<p><a href="%(link17)">PCCW Anti-Spam System User Guide</a></p>
<p><a href="%(link18)">User Guide of Anti-Spam Gateway for @hkcsl.com Email Users</a></p>
<p><a href="%(link19)">Guideline for use of Instant Messaging ("IM") communication</a></p>
<p><a href="%(link20)">How to save conversation history in Office Communicator 2007 (MOCS)?</a></p>
<p><a href="%(link21)">How to use Microsoft OCS for multi-conferencing?</a></p>
<p><a href="%(link22)">Blackberry Client for use with MOCS User Guide</a></p>]]></content>
    </Text>
  </ApolloSection>
</ApolloSections>
