<?xml version="1.0" encoding="UTF-8"?>

<ApolloSections xmlns:xsi="http://www.w3.org/2001/XMLSchema-instance" xsi:noNamespaceSchemaLocation="opencms://system/modules/org.opencms.apollo/schemas/section.xsd">
  <ApolloSection language="en">
    <Headline><![CDATA[New content section]]></Headline>
    <Text name="Text0">
      <links>
        <link name="link0" internal="true" type="A">
          <target><![CDATA[/sites/default/GDCN/GDCN-Security-Policy-Version-1.2.pdf]]></target>
          <uuid>a08874bc-1db6-11e7-b808-90fba685ef5f</uuid>
        </link>
        <link name="link1" internal="true" type="A">
          <target><![CDATA[/sites/default/GDCN/GDCN-Remote-Access-Policy-Version-1.1.pdf]]></target>
          <uuid>dce099f8-1dc1-11e7-b808-90fba685ef5f</uuid>
        </link>
        <link name="link2" internal="true" type="A">
          <target><![CDATA[/sites/default/GDCN/GDCN-User-Password-Policy-Version-1.3.pdf]]></target>
          <uuid>dd2284fb-1dc1-11e7-b808-90fba685ef5f</uuid>
        </link>
      </links>
      <content><![CDATA[<table border="2" width="100%">
<tbody>
<tr style="height: 58px;">
<td style="height: 58px;" width="681">
<h5 style="padding-left: 30px;"><strong>Document Name</strong></h5>
</td>
<td style="height: 58px;" width="320">
<h5 style="padding-left: 30px;"><strong>File Name</strong></h5>
</td>
</tr>
<tr style="height: 15px;">
<td style="height: 15px; padding-left: 30px;" width="681">GDCN Security Policy</td>
<td style="height: 15px; padding-left: 30px;"><a href="%(link0)">GDCN Security Policy Version 1.2</a></td>
</tr>
<tr style="height: 15px;">
<td style="height: 15px; padding-left: 30px;" width="681">GDCN Remote Access Policy</td>
<td style="height: 15px; padding-left: 30px;"><a href="%(link1)">GDCN Remote Access Policy Version 1.1</a></td>
</tr>
<tr style="height: 15px;">
<td style="height: 15px; padding-left: 30px;" width="681">GDCN User Password Policy</td>
<td style="height: 15px; padding-left: 30px;"><a href="%(link2)">GDCN User Password Policy Version 1.3&nbsp;</a></td>
</tr>
</tbody>
</table>]]></content>
    </Text>
  </ApolloSection>
</ApolloSections>
