<?xml version="1.0" encoding="UTF-8"?>

<ApolloSections xmlns:xsi="http://www.w3.org/2001/XMLSchema-instance" xsi:noNamespaceSchemaLocation="opencms://system/modules/org.opencms.apollo/schemas/section.xsd">
  <ApolloSection language="en">
    <Headline><![CDATA[Service Request Form ]]></Headline>
    <Text name="Text0">
      <links>
        <link name="link0" internal="false" type="A">
          <target><![CDATA[https://sap.pccw.com/]]></target>
        </link>
      </links>
      <content><![CDATA[<p>All BU: <a href="%(link0)">https://sap.pccw.com/</a></p>]]></content>
    </Text>
  </ApolloSection>
</ApolloSections>
