<?xml version="1.0" encoding="UTF-8"?>

<ApolloSections xmlns:xsi="http://www.w3.org/2001/XMLSchema-instance" xsi:noNamespaceSchemaLocation="opencms://system/modules/org.opencms.apollo/schemas/section.xsd">
  <ApolloSection language="en">
    <Headline><![CDATA[New content section]]></Headline>
    <Text name="Text0">
      <links>
        <link name="link0" internal="true" type="A">
          <target><![CDATA[/sites/default/Policies-Files/UE0010.doc]]></target>
          <uuid>d92ca2ef-1397-11e7-b2d1-90fba685ef5f</uuid>
        </link>
      </links>
      <content><![CDATA[<table style="height: 100%; padding-left: 30px;" border="2" width="100%">
<tbody>
<tr style="height: 58px;">
<td style="height: 58px; width: 427px;">
<h5 style="padding-left: 30px;"><strong>Application</strong></h5>
</td>
<td style="height: 58px; width: 398px; padding-left: 30px;">
<h5><strong>Template</strong></h5>
</td>
</tr>
<tr style="height: 15px;">
<td style="height: 15px; width: 427px;">
<p style="padding-left: 30px;"><strong>Corporate Domain</strong></p>
</td>
<td style="height: 15px; width: 398px;">
<p style="padding-left: 30px;">&nbsp;</p>
<p style="padding-left: 30px;"><a href="%(link0)">How to change CSL AD Domain (OA-HKCSL-NET) Password? (UE0010)</a></p>
<p style="padding-left: 30px;">&nbsp;</p>
</td>
</tr>
</tbody>
</table>
<p>&nbsp;</p>]]></content>
    </Text>
  </ApolloSection>
</ApolloSections>
