<?xml version="1.0" encoding="UTF-8"?>

<ApolloSections xmlns:xsi="http://www.w3.org/2001/XMLSchema-instance" xsi:noNamespaceSchemaLocation="opencms://system/modules/org.opencms.apollo/schemas/section.xsd">
  <ApolloSection language="en">
    <Headline/>
    <Text name="Text0">
      <links>
        <link name="link0" internal="true" type="A">
          <target><![CDATA[/sites/default/Forms-and-SAP/Form/IT-F0064H-v1.4.docx]]></target>
          <uuid>0fe7a217-1061-11e7-b2d1-90fba685ef5f</uuid>
        </link>
        <link name="link1" internal="true" type="A">
          <target><![CDATA[/sites/default/Forms-and-SAP/Form/IT-F0084H-v1.2.docx]]></target>
          <uuid>10167a5c-1061-11e7-b2d1-90fba685ef5f</uuid>
        </link>
        <link name="link2" internal="true" type="A">
          <target><![CDATA[/sites/default/Forms-and-SAP/Form/IT-F0047H-v1.2.docx]]></target>
          <uuid>0faa23c6-1061-11e7-b2d1-90fba685ef5f</uuid>
        </link>
      </links>
      <content><![CDATA[<table style="height: 100%; width: 100%; padding-left: 30px;" border="2">
<tbody style="padding-left: 30px;">
<tr style="height: 41px; padding-left: 30px;">
<td style="width: 21.0556%; height: 41px; text-align: left; padding-left: 30px;">
<h3 style="text-align: left;"><strong>HKT App / Function</strong></h3>
</td>
<td style="width: 50.9444%; height: 41px; text-align: left; padding-left: 30px;">
<h3 style="text-align: left;"><strong>Form / Service Application Portal Request</strong></h3>
</td>
<td style="width: 14%; height: 41px; text-align: left;">
<h3 style="text-align: left; padding-left: 30px;"><strong>Guide / Sample</strong></h3>
</td>
</tr>
<tr style="height: 33px;">
<td style="width: 21.0556%; height: 33px; text-align: left;">
<p style="padding-left: 30px; text-align: left;"><strong>Registration </strong></p>
</td>
<td style="width: 50.9444%; height: 33px; text-align: left;">
<p style="padding-left: 30px;">IT-F0064H <a href="%(link0)">Registration of Authorized - IT Applications&nbsp;</a>&nbsp;</p>
</td>
<td style="width: 14%; height: 33px; text-align: left; padding-left: 30px;">&nbsp;N/A</td>
</tr>
<tr style="height: 29px;">
<td style="width: 21.0556%; height: 29px; text-align: left;">
<p style="padding-left: 30px;"><strong>Contractor Registration</strong></p>
</td>
<td style="width: 50.9444%; height: 29px; text-align: left; padding-left: 30px;">
<p>IT-F0084H&nbsp;<a href="%(link1)">Registration of Authorized Contractor of Non-HKT Staff request</a></p>
</td>
<td style="width: 14%; height: 29px; text-align: left; padding-left: 30px;">&nbsp;N/A</td>
</tr>
<tr style="height: 52px;">
<td style="width: 21.0556%; height: 52px; text-align: left;">
<p style="padding-left: 30px;"><strong>Oracle</strong></p>
</td>
<td style="width: 50.9444%; height: 52px; text-align: left; padding-left: 30px;">
<p>IT-F0047H <a href="%(link2)">Oracle Database Registration (Corporate Oracle License Agreement)&nbsp;</a></p>
</td>
<td style="width: 14%; height: 52px; text-align: left; padding-left: 30px;">&nbsp;N/A</td>
</tr>
</tbody>
</table>]]></content>
    </Text>
  </ApolloSection>
</ApolloSections>
