<?xml version="1.0" encoding="UTF-8"?>

<ApolloSections xmlns:xsi="http://www.w3.org/2001/XMLSchema-instance" xsi:noNamespaceSchemaLocation="opencms://system/modules/org.opencms.apollo/schemas/section.xsd">
  <ApolloSection language="en">
    <Headline><![CDATA[New content section]]></Headline>
    <Text name="Text0">
      <links>
        <link name="link0" internal="true" type="A">
          <target><![CDATA[/sites/default/Forms-and-SAP/Form/IT-F0125H-v1.3.docx]]></target>
          <uuid>105f1c55-1061-11e7-b2d1-90fba685ef5f</uuid>
        </link>
        <link name="link1" internal="true" type="A">
          <target><![CDATA[/sites/default/Forms-and-SAP/Sample/IT-F0125H-v1.3-Sample.docx]]></target>
          <uuid>f5063907-1060-11e7-b2d1-90fba685ef5f</uuid>
        </link>
      </links>
      <content><![CDATA[<table style="height: 100%; width: 100%; padding-left: 30px;" border="2">
<tbody style="padding-left: 30px;">
<tr style="height: 100%; padding-left: 30px;">
<td style="width: 19%; height: 100%; text-align: left; padding-left: 30px;">
<h3 style="text-align: left;"><strong>HKT App / Function</strong></h3>
</td>
<td style="width: 40.451%; height: 100%; text-align: left; padding-left: 30px;">
<h3 style="text-align: left;"><strong>Form / Service Application Portal Request</strong></h3>
</td>
<td style="width: 33.549%; height: 100%; text-align: left;">
<h3 style="text-align: left; padding-left: 30px;"><strong>Guide / Sample</strong></h3>
</td>
</tr>
<tr style="height: 100%;">
<td style="width: 19%; height: 100%; text-align: left;">
<p style="padding-left: 30px; text-align: left;"><strong>Mobile Application&nbsp;</strong></p>
</td>
<td style="text-align: left; padding-left: 30px; width: 40.451%;">&nbsp;IT-F0125H <a href="%(link0)">Mobile Application Account Registration</a></td>
<td style="text-align: left; padding-left: 30px; width: 33.549%;">
<p>&nbsp;</p>
<p>IT-F0125H <a href="%(link1)">Mobile Application Account Registration</a></p>
<p>&nbsp;</p>
</td>
</tr>
</tbody>
</table>
<p>&nbsp;</p>]]></content>
    </Text>
  </ApolloSection>
</ApolloSections>
