<?xml version="1.0" encoding="UTF-8"?>

<ApolloSections xmlns:xsi="http://www.w3.org/2001/XMLSchema-instance" xsi:noNamespaceSchemaLocation="opencms://system/modules/org.opencms.apollo/schemas/section.xsd">
  <ApolloSection language="en">
    <Headline><![CDATA[New content section]]></Headline>
    <Text name="Text0">
      <links>
        <link name="link0" internal="true" type="A">
          <target><![CDATA[/sites/default/GDCN/GDCN-Server-Security-Policy-Version-2.0.pdf]]></target>
          <uuid>392a9e01-1dc0-11e7-b808-90fba685ef5f</uuid>
        </link>
        <link name="link1" internal="true" type="A">
          <target><![CDATA[/sites/default/GDCN/GDCN-Server-Usage-and-Storage-Policy-Version-2.1.pdf]]></target>
          <uuid>392f0ad4-1dc0-11e7-b808-90fba685ef5f</uuid>
        </link>
        <link name="link2" internal="true" type="A">
          <target><![CDATA[/sites/default/GDCN/GDCN-Server-Data-Backup-and-Restoration-Policy-Version-2.1.pdf]]></target>
          <uuid>3914a4fe-1dc0-11e7-b808-90fba685ef5f</uuid>
        </link>
        <link name="link3" internal="true" type="A">
          <target><![CDATA[/sites/default/GDCN/bstratgy.pdf]]></target>
          <uuid>3934d737-1dc0-11e7-b808-90fba685ef5f</uuid>
        </link>
        <link name="link4" internal="true" type="A">
          <target><![CDATA[/sites/default/GDCN/GDCN-Server-Deployment-Policy-Version-1.1.pdf]]></target>
          <uuid>5552424b-1dc0-11e7-b808-90fba685ef5f</uuid>
        </link>
        <link name="link5" internal="true" type="A">
          <target><![CDATA[/sites/default/Policies-Files/PSER0001.doc]]></target>
          <uuid>70a4dc87-1dc3-11e7-b808-90fba685ef5f</uuid>
        </link>
      </links>
      <content><![CDATA[<table border="2" width="100%">
<tbody>
<tr style="height: 58px;">
<td style="height: 58px;" width="681">
<h5 style="padding-left: 30px;"><strong>Document Name</strong></h5>
</td>
<td style="height: 58px;" width="320">
<h5 style="padding-left: 30px;"><strong>File Name</strong></h5>
</td>
</tr>
<tr style="height: 15px;">
<td style="height: 15px; padding-left: 30px;" width="681">GDCN Server Security Policy</td>
<td style="height: 15px; padding-left: 30px;"><a href="%(link0)">GDCN Server Security Policy Version 2.0</a></td>
</tr>
<tr style="height: 15px;">
<td style="height: 15px; padding-left: 30px;" width="681">GDCN Server Usage and Storage Policy</td>
<td style="height: 15px; padding-left: 30px;"><a href="%(link1)">GDCN Server Usage and Storage Policy Version 2.1</a></td>
</tr>
<tr style="height: 15px;">
<td style="height: 15px; padding-left: 30px;" width="681">GDCN Server Data Backup and Restoration Policy</td>
<td style="height: 15px; padding-left: 30px;"><a href="%(link2)">GDCN Server Data Backup and Restoration Policy Version 2.1</a></td>
</tr>
<tr style="height: 15px;">
<td style="height: 15px; padding-left: 30px;" width="681">Server Backup Strategy</td>
<td style="height: 15px; padding-left: 30px;"><a href="%(link3)">bstratgy</a></td>
</tr>
<tr style="height: 15px;">
<td style="height: 15px; padding-left: 30px;" width="681">GDCN Server Deployment Policy</td>
<td style="height: 15px; padding-left: 30px;"><a href="%(link4)">GDCN Server Deployment Policy Version 1.1</a></td>
</tr>
<tr style="height: 15px;">
<td style="height: 15px; padding-left: 30px;">Policy and Operation Workflow for Project Share</td>
<td style="height: 15px; padding-left: 30px;"><a href="%(link5)">PSER0001</a></td>
</tr>
</tbody>
</table>]]></content>
    </Text>
  </ApolloSection>
</ApolloSections>
