<?xml version="1.0" encoding="UTF-8"?>

<ApolloSections xmlns:xsi="http://www.w3.org/2001/XMLSchema-instance" xsi:noNamespaceSchemaLocation="opencms://system/modules/org.opencms.apollo/schemas/section.xsd">
  <ApolloSection language="en">
    <Headline><![CDATA[New content section]]></Headline>
    <Text name="Text0">
      <links>
        <link name="link0" internal="true" type="A">
          <target><![CDATA[/sites/default/Forms-and-SAP/Form/IT-F0077H-v1.5.docx]]></target>
          <uuid>0ff86b06-1061-11e7-b2d1-90fba685ef5f</uuid>
        </link>
        <link name="link1" internal="true" type="A">
          <target><![CDATA[/sites/default/Forms-and-SAP/Sample/IT-F0077H-v1.5-Sample.docx]]></target>
          <uuid>f4c62397-1060-11e7-b2d1-90fba685ef5f</uuid>
        </link>
        <link name="link2" internal="true" type="A">
          <target><![CDATA[/sites/default/Forms-and-SAP/Form/IT-F0130H-v1.2.docx]]></target>
          <uuid>10686b2e-1061-11e7-b2d1-90fba685ef5f</uuid>
        </link>
        <link name="link3" internal="true" type="A">
          <target><![CDATA[/sites/default/Forms-and-SAP/Sample/IT-F0130H-v1.2-Sample.docx]]></target>
          <uuid>f50cc8bd-1060-11e7-b2d1-90fba685ef5f</uuid>
        </link>
        <link name="link4" internal="true" type="A">
          <target><![CDATA[/sites/default/Forms-and-SAP/Form/IT-F0193H-v1.1.docx]]></target>
          <uuid>10bca4d5-1061-11e7-b2d1-90fba685ef5f</uuid>
        </link>
        <link name="link5" internal="true" type="A">
          <target><![CDATA[/sites/default/Forms-and-SAP/Form/IT-F0085H-v1.5.docx]]></target>
          <uuid>1019d5bf-1061-11e7-b2d1-90fba685ef5f</uuid>
        </link>
        <link name="link6" internal="true" type="A">
          <target><![CDATA[/sites/default/Forms-and-SAP/Sample/IT-F0085H-v1.5-Sample.docx]]></target>
          <uuid>f4ccda5d-1060-11e7-b2d1-90fba685ef5f</uuid>
        </link>
        <link name="link7" internal="true" type="A">
          <target><![CDATA[/sites/default/Forms-and-SAP/Form/IT-F0014H-v1.1.docx]]></target>
          <uuid>0f7a12fb-1061-11e7-b2d1-90fba685ef5f</uuid>
        </link>
        <link name="link8" internal="true" type="A">
          <target><![CDATA[/sites/default/Forms-and-SAP/Form/IT-F0059H-v1.3.docx]]></target>
          <uuid>0fd7ea9b-1061-11e7-b2d1-90fba685ef5f</uuid>
        </link>
        <link name="link9" internal="true" type="A">
          <target><![CDATA[/sites/default/Forms-and-SAP/Form/IT-F0062H-v1.1.docx]]></target>
          <uuid>0fdea161-1061-11e7-b2d1-90fba685ef5f</uuid>
        </link>
        <link name="link10" internal="true" type="A">
          <target><![CDATA[/sites/default/Forms-and-SAP/Sample/IT-F0059H-v1.3-Sample.docx]]></target>
          <uuid>f4aa1005-1060-11e7-b2d1-90fba685ef5f</uuid>
        </link>
        <link name="link11" internal="true" type="A">
          <target><![CDATA[/sites/default/Forms-and-SAP/Sample/IT-F0062H-v1.1-Sample.docx]]></target>
          <uuid>f4b2265b-1060-11e7-b2d1-90fba685ef5f</uuid>
        </link>
      </links>
      <content><![CDATA[<table style="height: 100%; width: 100%; padding-left: 30px;" border="2">
<tbody style="padding-left: 30px;">
<tr style="height: 46px; padding-left: 30px;">
<td style="width: 17%; height: 46px; text-align: left; padding-left: 30px;">
<h3 style="text-align: left;"><strong>HKT App / Function</strong></h3>
</td>
<td style="width: 38.8642%; height: 46px; text-align: left; padding-left: 30px;">
<h3 style="text-align: left;"><strong>Form / Service Application Portal Request</strong></h3>
</td>
<td style="width: 24.1358%; height: 46px; text-align: left;">
<h3 style="text-align: left; padding-left: 30px;"><strong>Guide / Sample</strong></h3>
</td>
</tr>
<tr style="height: 50px;">
<td style="width: 17%; height: 50px; text-align: left;">
<p style="padding-left: 30px; text-align: left;"><strong>SVPN</strong></p>
</td>
<td style="width: 38.8642%; height: 50px; text-align: left;">
<p style="padding-left: 30px;">IT-0077H <a href="%(link0)">Secure Virtual Private Network Account Registrtaion</a></p>
</td>
<td style="width: 24.1358%; height: 50px; text-align: left; padding-left: 30px;">&nbsp;
<p style="text-align: left;">IT-0077H</p>
<p style="text-align: left;"><a href="%(link1)">Secure Virtual Private Network Account Registrtaion</a></p>
<p style="text-align: left;">&nbsp;</p>
</td>
</tr>
<tr style="height: 65px;">
<td style="width: 17%; height: 65px; text-align: left; padding-left: 30px;"><strong>&nbsp;DIM</strong></td>
<td style="width: 38.8642%; height: 65px; text-align: left; padding-left: 30px;">&nbsp;IT-F0130H <a href="%(link2)">DCN IP Address Management System&nbsp;</a></td>
<td style="width: 24.1358%; height: 65px; text-align: left; padding-left: 30px;">
<p>&nbsp;</p>
<p>IT-F0130H</p>
<p><a href="%(link3)">DCN IP Address Management System</a></p>
<p>&nbsp;</p>
</td>
</tr>
<tr style="height: 65px;">
<td style="width: 17%; height: 65px; text-align: left; padding-left: 30px;"><strong>&nbsp;DCN CDE</strong></td>
<td style="width: 38.8642%; height: 65px; text-align: left; padding-left: 30px;">IT-F0193H <a href="%(link4)">DCN CDE Account Registration</a></td>
<td style="width: 24.1358%; height: 65px; text-align: left; padding-left: 30px;">&nbsp;N/A</td>
</tr>
<tr style="height: 65px;">
<td style="width: 17%; height: 65px; text-align: left; padding-left: 30px;"><strong>&nbsp;APN</strong></td>
<td style="width: 38.8642%; height: 65px; text-align: left; padding-left: 30px;">IT-F0085H <a href="%(link5)">CSLDCN2-APN Account Registration</a></td>
<td style="width: 24.1358%; height: 65px; text-align: left; padding-left: 30px;">
<p>&nbsp;</p>
<p>IT-F0085H</p>
<p><a href="%(link6)">CSLDCN2-APN Account Registration</a></p>
<p>&nbsp;</p>
</td>
</tr>
<tr style="height: 65px; padding-left: 30px;">
<td style="width: 17%; height: 65px; text-align: left; padding-left: 30px;">
<p><strong>Firewall</strong></p>
</td>
<td style="width: 38.8642%; height: 65px; text-align: left; padding-left: 30px;">IT-F0014H <a href="%(link7)">Firewall Rules Change Request Registration</a></td>
<td style="width: 24.1358%; height: 65px; text-align: left; padding-left: 30px;">&nbsp;&nbsp;N/A</td>
</tr>
<tr style="height: 65px; padding-left: 30px;">
<td style="width: 17%; height: 65px; text-align: left; padding-left: 30px;">
<p><strong> DCN Access</strong></p>
</td>
<td style="width: 38.8642%; height: 65px; text-align: left; padding-left: 30px;">
<p>&nbsp;</p>
<p>IT-F0059H <a href="%(link8)">LAN Security (802.1) ACS Account Registration&nbsp;</a></p>
<p>IT-F0062H <a href="%(link9)">Netwrok Access for Guesat, Vendors &amp; Contractor Registration</a></p>
<p>&nbsp;</p>
</td>
<td style="width: 24.1358%; height: 65px; text-align: left; padding-left: 30px;">
<p>&nbsp;</p>
<p>IT-F0059H</p>
<p><a href="%(link10)">LAN Security (802.1) ACS Account Registration&nbsp;</a></p>
<p>IT-F0062H</p>
<p><a href="%(link11)">Netwrok Access for Guesat, Vendors &amp; Contractor Registration</a></p>
<p>&nbsp;</p>
</td>
</tr>
</tbody>
</table>]]></content>
    </Text>
  </ApolloSection>
</ApolloSections>
