<?xml version="1.0" encoding="UTF-8"?>

<ApolloSections xmlns:xsi="http://www.w3.org/2001/XMLSchema-instance" xsi:noNamespaceSchemaLocation="opencms://system/modules/org.opencms.apollo/schemas/section.xsd">
  <ApolloSection language="en">
    <Headline><![CDATA[Built with OpenCms 10.5]]></Headline>
    <Text name="Text0">
      <links>
        <link name="link0" internal="false" type="A">
          <target><![CDATA[http://opencms.org]]></target>
        </link>
      </links>
      <content><![CDATA[<p><a class="text-grey" href="%(link0)">Built with OpenCms 10.5</a></p>]]></content>
    </Text>
    <GalleryTitle><![CDATA[Footer Built with OpenCms 10.5]]></GalleryTitle>
  </ApolloSection>
</ApolloSections>
