<?xml version="1.0" encoding="UTF-8"?>

<ApolloSections xmlns:xsi="http://www.w3.org/2001/XMLSchema-instance" xsi:noNamespaceSchemaLocation="opencms://system/modules/org.opencms.apollo/schemas/section.xsd">
  <ApolloSection language="en">
    <Headline><![CDATA[Domain / Email / Instant Message]]></Headline>
    <Text name="Text0">
      <links>
        <link name="link0" internal="true" type="A">
          <target><![CDATA[/sites/default/GDCN/email_management_v2.1.pdf]]></target>
          <uuid>aa12555e-1dba-11e7-b808-90fba685ef5f</uuid>
        </link>
        <link name="link1" internal="true" type="A">
          <target><![CDATA[/sites/default/GDCN/EmailPolicy-V2.0.pdf]]></target>
          <uuid>a9eb1e45-1dba-11e7-b808-90fba685ef5f</uuid>
        </link>
        <link name="link2" internal="true" type="A">
          <target><![CDATA[/sites/default/GDCN/GDCN-E-Mail-Security-Policy-Version-1.1.pdf]]></target>
          <uuid>aa064768-1dba-11e7-b808-90fba685ef5f</uuid>
        </link>
        <link name="link3" internal="false" type="A">
          <target><![CDATA[http://localhost:8080/opencms/PolicyProcedures-Guidelines/Security/GDCN E-Mail Usage Policy Version 1.3]]></target>
        </link>
        <link name="link4" internal="true" type="A">
          <target><![CDATA[/sites/default/Policies-Files/PE0001.doc]]></target>
          <uuid>708a0172-1dc3-11e7-b808-90fba685ef5f</uuid>
        </link>
        <link name="link5" internal="true" type="A">
          <target><![CDATA[/sites/default/Policies-Files/PE0002.doc]]></target>
          <uuid>708e6e45-1dc3-11e7-b808-90fba685ef5f</uuid>
        </link>
        <link name="link6" internal="true" type="A">
          <target><![CDATA[/sites/default/Policies-Files/PE0003.doc]]></target>
          <uuid>70923ed8-1dc3-11e7-b808-90fba685ef5f</uuid>
        </link>
      </links>
      <content><![CDATA[<p><a href="%(link0)">PCCW Email Policy and Guidelines</a></p>
<p><a href="%(link1)">Policies &amp; Guidelines for Email Management</a></p>
<p><a href="%(link2)">GDCN Email Security Policy</a></p>
<p><a href="%(link3)">GDCN Email Usage Policy</a></p>
<p><a href="%(link4)">Email Policy and Guidelines for @hkcsl.com Email Users</a></p>
<p><a href="%(link5)">OA-HKCSL-NET AD Account Policy and Guidelines</a></p>
<p><a href="%(link6)">MOCS Policy and Guidelines</a></p>
<p>&nbsp;</p>]]></content>
    </Text>
  </ApolloSection>
</ApolloSections>
