<?xml version="1.0" encoding="UTF-8"?>

<ApolloSections xmlns:xsi="http://www.w3.org/2001/XMLSchema-instance" xsi:noNamespaceSchemaLocation="opencms://system/modules/org.opencms.apollo/schemas/section.xsd">
  <ApolloSection language="en">
    <Headline><![CDATA[IT helpdesks]]></Headline>
    <Text name="Text0">
      <links/>
      <content><![CDATA[<table border="2">
<tbody>
<tr>
<td width="367">
<h4><strong>BU</strong></h4>
</td>
<td width="319">
<h4><strong>Service Hotline</strong></h4>
</td>
</tr>
<tr>
<td width="367">
<h4>BPU</h4>
</td>
<td rowspan="10" width="319">
<h4>&nbsp;</h4>
<h4>&nbsp;</h4>
<h4>&nbsp;</h4>
<h4>&nbsp;</h4>
<h4>2802-7770 (7x24 Services)</h4>
</td>
</tr>
<tr>
<td width="367">
<h4>CDO</h4>
</td>
</tr>
<tr>
<td width="367">
<h4>Commercial</h4>
</td>
</tr>
<tr>
<td width="367">
<h4>Consumer</h4>
</td>
</tr>
<tr>
<td width="367">
<h4>Technology Strategy and Development</h4>
<h4>(TSD)</h4>
</td>
</tr>
<tr>
<td width="367">
<h4>Engineering</h4>
</td>
</tr>
<tr>
<td width="367">
<h4>Finance</h4>
</td>
</tr>
<tr>
<td width="367">
<h4>HKT Premier</h4>
</td>
</tr>
<tr>
<td width="367">
<h4>PCCW Global</h4>
</td>
</tr>
<tr>
<td width="367">
<h4>Regulatory Affairs</h4>
</td>
</tr>
<tr>
<td width="367">
<h4>Mobile Business</h4>
</td>
<td rowspan="4" width="319">
<h4>&nbsp;</h4>
<h4>2883-9393 (7x24 Services)</h4>
</td>
</tr>
<tr>
<td width="367">
<h4>Tap &amp; Go</h4>
</td>
</tr>
<tr>
<td width="367">
<h4>The Club</h4>
</td>
</tr>
<tr>
<td width="367">
<h4>Wireless Business</h4>
</td>
</tr>
</tbody>
</table>
<p><span class="CmCaReT" style="display: none;">�</span></p>
<p>&nbsp;</p>
<p>&nbsp;</p>]]></content>
    </Text>
  </ApolloSection>
</ApolloSections>
