<?xml version="1.0" encoding="UTF-8"?>

<ApolloSections xmlns:xsi="http://www.w3.org/2001/XMLSchema-instance" xsi:noNamespaceSchemaLocation="opencms://system/modules/org.opencms.apollo/schemas/section.xsd">
  <ApolloSection language="en">
    <Headline><![CDATA[New content section]]></Headline>
    <Text name="Text0">
      <links>
        <link name="link0" internal="true" type="A">
          <target><![CDATA[/sites/default/Forms-and-SAP/Form/IT-F0184H-v1.2.docx]]></target>
          <uuid>1098a200-1061-11e7-b2d1-90fba685ef5f</uuid>
        </link>
        <link name="link1" internal="true" type="A">
          <target><![CDATA[/sites/default/Forms-and-SAP/Sample/IT-F0184H-v1.2-Sample.docx]]></target>
          <uuid>f51b20a3-1060-11e7-b2d1-90fba685ef5f</uuid>
        </link>
        <link name="link2" internal="true" type="A">
          <target><![CDATA[/sites/default/Forms-and-SAP/Form/IT-F0113H-v1.2.docx]]></target>
          <uuid>10415b10-1061-11e7-b2d1-90fba685ef5f</uuid>
        </link>
        <link name="link3" internal="true" type="A">
          <target><![CDATA[/sites/default/Forms-and-SAP/Sample/IT-F0113H-v1.2-Sample.docx]]></target>
          <uuid>f4efa3b5-1060-11e7-b2d1-90fba685ef5f</uuid>
        </link>
        <link name="link4" internal="true" type="A">
          <target><![CDATA[/sites/default/Forms-and-SAP/Form/IT-F0045H-v1.30.docx]]></target>
          <uuid>0fa51ab3-1061-11e7-b2d1-90fba685ef5f</uuid>
        </link>
        <link name="link5" internal="true" type="A">
          <target><![CDATA[/sites/default/Forms-and-SAP/Form/IT-F0131H-v1.30.docx]]></target>
          <uuid>106b9f81-1061-11e7-b2d1-90fba685ef5f</uuid>
        </link>
        <link name="link6" internal="true" type="A">
          <target><![CDATA[/sites/default/Forms-and-SAP/Form/IT-F0190H-v1.2.docx]]></target>
          <uuid>10ab3faf-1061-11e7-b2d1-90fba685ef5f</uuid>
        </link>
        <link name="link7" internal="true" type="A">
          <target><![CDATA[/sites/default/Forms-and-SAP/Sample/IT-F0190H-v1.2-Sample.docx]]></target>
          <uuid>f529517f-1060-11e7-b2d1-90fba685ef5f</uuid>
        </link>
        <link name="link8" internal="true" type="A">
          <target><![CDATA[/sites/default/Forms-and-SAP/Form/IT-F0125H-v1.3.docx]]></target>
          <uuid>105f1c55-1061-11e7-b2d1-90fba685ef5f</uuid>
        </link>
        <link name="link9" internal="true" type="A">
          <target><![CDATA[/sites/default/Forms-and-SAP/Sample/IT-F0125H-v1.3-Sample.docx]]></target>
          <uuid>f5063907-1060-11e7-b2d1-90fba685ef5f</uuid>
        </link>
      </links>
      <content><![CDATA[<table border="2" width="100%">
<tbody>
<tr style="height: 58px;">
<td style="height: 58px; width: 17.867%;">
<p style="padding-left: 30px;"><strong>HKT App/ Function</strong></p>
</td>
<td style="height: 58px; width: 33.133%;">
<p style="padding-left: 30px;"><strong>Form / Service Application Portal Request</strong></p>
</td>
<td style="height: 58px; width: 151%;">
<p style="padding-left: 30px;"><strong>Guide / Sample</strong></p>
</td>
</tr>
<tr style="height: 40px;">
<td style="height: 40px; width: 17.867%;">
<p style="padding-left: 30px;"><strong>Power User</strong></p>
</td>
<td style="height: 40px; width: 33.133%;">
<p style="padding-left: 30px;">IT-F0184H&nbsp;<a href="%(link0)">Power User and AD Exceptional user Form</a>&nbsp;</p>
</td>
<td style="height: 40px; width: 151%;">
<p style="padding-left: 30px;">IT-F0184H&nbsp;<a href="%(link1)">Power User and AD Exceptional user Form</a>&nbsp;</p>
</td>
</tr>
<tr style="height: 4px;">
<td style="height: 4px; width: 17.867%;">
<p style="padding-left: 30px;"><strong>Windows &amp; Office&nbsp;License</strong></p>
</td>
<td style="height: 4px; width: 33.133%;">
<p style="padding-left: 30px;">IT-F0113H&nbsp;<a href="%(link2)">Windows &amp; Office Request</a></p>
</td>
<td style="height: 4px; width: 151%;">
<p style="padding-left: 30px;">IT-F0113H&nbsp;<a href="%(link3)">Windows &amp; Office Request&nbsp;</a></p>
</td>
</tr>
<tr style="height: 25px;">
<td style="height: 25px; width: 17.867%;">
<p style="padding-left: 30px;"><strong>PC Inventory</strong></p>
</td>
<td style="height: 25px; width: 33.133%;">
<p style="padding-left: 30px;">IT-F0045H <a href="%(link4)">PC Inventory Account Registration</a></p>
<p style="padding-left: 30px;">IT-F0131H <a href="%(link5)">PC Inventory Record Update Request&nbsp;</a></p>
<p style="padding-left: 30px;">IT-F0190H <a href="%(link6)">Equipment Transfer Form</a></p>
</td>
<td style="height: 25px; width: 151%;">
<p style="padding-left: 30px;">IT-F0190H&nbsp;<a href="%(link7)">Equipment Transfer Form</a></p>
</td>
</tr>
<tr style="height: 22px;">
<td style="height: 22px; width: 17.867%;">
<p style="padding-left: 30px;"><strong>Mobile Application&nbsp;</strong></p>
</td>
<td style="height: 22px; width: 33.133%;">
<p style="padding-left: 30px;">&nbsp;IT-F0125H&nbsp;<a href="%(link8)">Mobile Application Account Registration</a></p>
</td>
<td style="height: 22px; width: 151%;">
<p style="padding-left: 30px;">IT-F0125H&nbsp;<a href="%(link9)">Mobile Application Account Registration</a>&nbsp;</p>
</td>
</tr>
</tbody>
</table>]]></content>
    </Text>
  </ApolloSection>
</ApolloSections>
