<?xml version="1.0" encoding="UTF-8"?>

<ApolloSections xmlns:xsi="http://www.w3.org/2001/XMLSchema-instance" xsi:noNamespaceSchemaLocation="opencms://system/modules/org.opencms.apollo/schemas/section.xsd">
  <ApolloSection language="en">
    <Headline><![CDATA[Application and Software]]></Headline>
    <Text name="Text0">
      <links>
        <link name="link0" internal="true" type="A">
          <target><![CDATA[/sites/default/GDCN/Guide-for-Installation-MS-Office-2007-file-format-converters.pdf]]></target>
          <uuid>398cde4d-1dc7-11e7-b808-90fba685ef5f</uuid>
        </link>
        <link name="link1" internal="true" type="A">
          <target><![CDATA[/sites/default/Policies-Files/Access-2010.xls]]></target>
          <uuid>d878bc09-1397-11e7-b2d1-90fba685ef5f</uuid>
        </link>
        <link name="link2" internal="true" type="A">
          <target><![CDATA[/sites/default/Policies-Files/Excel-2010.xls]]></target>
          <uuid>d8bb6a62-1397-11e7-b2d1-90fba685ef5f</uuid>
        </link>
        <link name="link3" internal="true" type="A">
          <target><![CDATA[/sites/default/Policies-Files/Outlook-2010.xls]]></target>
          <uuid>d8bf3af5-1397-11e7-b2d1-90fba685ef5f</uuid>
        </link>
        <link name="link4" internal="true" type="A">
          <target><![CDATA[/sites/default/Policies-Files/Powerpoint-2010.xls]]></target>
          <uuid>d8e90a21-1397-11e7-b2d1-90fba685ef5f</uuid>
        </link>
        <link name="link5" internal="true" type="A">
          <target><![CDATA[/sites/default/Policies-Files/Word-2010.xls]]></target>
          <uuid>e479db32-1397-11e7-b2d1-90fba685ef5f</uuid>
        </link>
        <link name="link6" internal="true" type="A">
          <target><![CDATA[/sites/default/GDCN/Procedure_for_OTF_Version_2.0.x_Installation-User.pdf]]></target>
          <uuid>39a4ac13-1dc7-11e7-b808-90fba685ef5f</uuid>
        </link>
        <link name="link7" internal="true" type="A">
          <target><![CDATA[/sites/default/GDCN/Procedure-to-Migrate-to-New-OTF-Platform.pdf]]></target>
          <uuid>3998c530-1dc7-11e7-b808-90fba685ef5f</uuid>
        </link>
        <link name="link8" internal="true" type="A">
          <target><![CDATA[/sites/default/Policies-Files/UI0013.doc]]></target>
          <uuid>d9593144-1397-11e7-b2d1-90fba685ef5f</uuid>
        </link>
        <link name="link9" internal="true" type="A">
          <target><![CDATA[/sites/default/Policies-Files/UI0007.doc]]></target>
          <uuid>d950f3e1-1397-11e7-b2d1-90fba685ef5f</uuid>
        </link>
        <link name="link10" internal="true" type="A">
          <target><![CDATA[/sites/default/Policies-Files/UI0015.doc]]></target>
          <uuid>e41e2687-1397-11e7-b2d1-90fba685ef5f</uuid>
        </link>
        <link name="link11" internal="true" type="A">
          <target><![CDATA[/sites/default/Policies-Files/Sales-Channel-Hierarchy-Consumer-Group-20160211.xlsx]]></target>
          <uuid>d8f84c6a-1397-11e7-b2d1-90fba685ef5f</uuid>
        </link>
        <link name="link12" internal="true" type="A">
          <target><![CDATA[/sites/default/Policies-Files/Sales-Channel-Hierarchy-Corporate-20160620.xlsx]]></target>
          <uuid>d8fabd6d-1397-11e7-b2d1-90fba685ef5f</uuid>
        </link>
        <link name="link13" internal="true" type="A">
          <target><![CDATA[/sites/default/Policies-Files/Sales-Channel-Hierarchy-CRM-20161012.xlsx]]></target>
          <uuid>d8ec8c94-1397-11e7-b2d1-90fba685ef5f</uuid>
        </link>
        <link name="link14" internal="true" type="A">
          <target><![CDATA[/sites/default/Policies-Files/Sales-Channel-Hierarchy-CSO-20160428.xlsx]]></target>
          <uuid>d8f12077-1397-11e7-b2d1-90fba685ef5f</uuid>
        </link>
        <link name="link15" internal="true" type="A">
          <target><![CDATA[/sites/default/Policies-Files/Sales-Channel-Hierarchy-Mass-Market-20170206.xls]]></target>
          <uuid>d9003bb0-1397-11e7-b2d1-90fba685ef5f</uuid>
        </link>
        <link name="link16" internal="true" type="A">
          <target><![CDATA[/sites/default/Policies-Files/PRD0006.doc]]></target>
          <uuid>d8d02aeb-1397-11e7-b2d1-90fba685ef5f</uuid>
        </link>
        <link name="link17" internal="true" type="A">
          <target><![CDATA[/sites/default/Policies-Files/UR-System-Guidelines-for-IT-Users.ppt]]></target>
          <uuid>e43de393-1397-11e7-b2d1-90fba685ef5f</uuid>
        </link>
        <link name="link18" internal="true" type="A">
          <target><![CDATA[/sites/default/Policies-Files/UR-System-User-Guide-for-Users.doc]]></target>
          <uuid>e466c85c-1397-11e7-b2d1-90fba685ef5f</uuid>
        </link>
        <link name="link19" internal="true" type="A">
          <target><![CDATA[/sites/default/Policies-Files/UR-System-User-Guide-for-IT-Users.doc]]></target>
          <uuid>e4466f19-1397-11e7-b2d1-90fba685ef5f</uuid>
        </link>
        <link name="link20" internal="true" type="A">
          <target><![CDATA[/sites/default/Policies-Files/UR-System-Guidelines-for-Users.ppt]]></target>
          <uuid>e442c596-1397-11e7-b2d1-90fba685ef5f</uuid>
        </link>
        <link name="link21" internal="true" type="A">
          <target><![CDATA[/sites/default/Policies-Files/UR-Report-Guidelines.ppt]]></target>
          <uuid>e436426d-1397-11e7-b2d1-90fba685ef5f</uuid>
        </link>
        <link name="link22" internal="true" type="A">
          <target><![CDATA[/sites/default/Policies-Files/UR-Reports-Manual.doc]]></target>
          <uuid>e43b2470-1397-11e7-b2d1-90fba685ef5f</uuid>
        </link>
        <link name="link23" internal="true" type="A">
          <target><![CDATA[/sites/default/Policies-Files/UR-Procedure.ppt]]></target>
          <uuid>e432bffa-1397-11e7-b2d1-90fba685ef5f</uuid>
        </link>
      </links>
      <content><![CDATA[<p><a href="%(link0)">Guide for Installation MS Office 2007 file format converters</a></p>
<p><a href="%(link1)">Access 2010: Menu to ribbon reference</a></p>
<p><a href="%(link2)">Excel 2010: Menu to ribbon reference</a></p>
<p><a href="%(link3)">Outlook 2010: Menu to ribbon reference</a></p>
<p><a href="%(link4)">Powerpoint 2010: Menu to ribbon reference</a></p>
<p><a href="%(link5)">Word 2010: Menu to ribbon reference</a></p>
<p><a href="%(link6)">Procedure for OTF Version 2.0.x Installation-User</a></p>
<p><a href="%(link7)">Procedure to Migrate to New OTF Platform</a></p>
<p><a href="%(link8)">iFE Forgotten Password User Guide</a></p>
<p><a href="%(link9)">iFE Login User Guide</a></p>
<p><a href="%(link10)">iFE Navigation Guide</a></p>
<p><a href="%(link11)">Sales Channel Hierarchy Consumer Group</a></p>
<p><a href="%(link12)">Sales Channel Hierarchy Corporate</a></p>
<p><a href="%(link13)">Sales Channel Hierarchy CRM</a></p>
<p><a href="%(link14)">Sales Channel Hierarchy CSO</a></p>
<p><a href="%(link15)">Sales Channel Hierarchy Mass Market</a></p>
<p><a href="%(link16)">PC Inventory System (General User Guide)</a></p>
<p><a href="%(link17)">UR System Guidelines - Guidelines for Users</a></p>
<p><a href="%(link18)">User Manaul for UR Tools System for General Users</a></p>
<p><a href="%(link19)">User Manaul for UR Tools System for IT Users</a></p>
<p><a href="%(link20)">User Request System - Guidlelines for Users</a></p>
<p><a href="%(link21)">User Request System - UR Reports Guidelines</a></p>
<p><a href="%(link22)">User Request System - UR Reports Manual</a></p>
<p><a href="%(link23)">User Request System in Paperless Office - Raise UR Process Flow</a></p>]]></content>
    </Text>
  </ApolloSection>
</ApolloSections>
