<?xml version="1.0" encoding="UTF-8"?>

<ApolloSections xmlns:xsi="http://www.w3.org/2001/XMLSchema-instance" xsi:noNamespaceSchemaLocation="opencms://system/modules/org.opencms.apollo/schemas/section.xsd">
  <ApolloSection language="en">
    <Headline><![CDATA[IT helpdesks]]></Headline>
    <Text name="Text0">
      <links/>
      <content><![CDATA[<table style="width: 841px;" border="2">
<tbody>
<tr style="height: 25px;">
<td style="height: 25px; width: 460px;">
<h4 style="text-align: center; padding-left: 60px;"><strong>&nbsp; Business Unit &nbsp; &nbsp; &nbsp; &nbsp; &nbsp;&nbsp;</strong></h4>
</td>
<td style="height: 25px; width: 375px;">
<h4 style="text-align: center;"><strong>Service Hotline (7x24 Services)</strong></h4>
</td>
</tr>
<tr style="height: 25px;">
<td style="height: 25px; width: 460px;">
<h4 style="text-align: center;">Mobile Business</h4>
</td>
<td style="height: 100px; width: 375px;" rowspan="4">
<h4 style="text-align: center;">2883-9393</h4>
</td>
</tr>
<tr style="height: 25px;">
<td style="height: 25px; text-align: center; width: 460px;">
<h4>Wireless Business</h4>
</td>
</tr>
<tr style="height: 25px;">
<td style="height: 25px; text-align: center; width: 460px;">
<h4>Tap &amp; Go</h4>
</td>
</tr>
<tr style="height: 25px;">
<td style="height: 25px; text-align: center; width: 460px;">
<h4>The Club</h4>
</td>
</tr>
<tr style="height: 25px;">
<td style="height: 25px; text-align: center; width: 460px;">
<h4>Commercial Group</h4>
</td>
<td style="width: 375px;" rowspan="9">
<h4 style="text-align: center;">2802-7770</h4>
</td>
</tr>
<tr style="height: 25px;">
<td style="height: 25px; text-align: center; width: 460px;">
<h4>Consumer Group</h4>
</td>
</tr>
<tr style="height: 25px;">
<td style="height: 25px; text-align: center; width: 460px;">
<h4>HKT Premier</h4>
</td>
</tr>
<tr style="height: 25px;">
<td style="height: 25px; text-align: center; width: 460px;">
<h4>Engineering</h4>
</td>
</tr>
<tr style="height: 25px;">
<td style="height: 25px; text-align: center; width: 460px;">
<h4>PCCW Global</h4>
</td>
</tr>
<tr style="height: 25px;">
<td style="height: 25px; text-align: center; width: 460px;">
<h4>Technology Strategy and Development</h4>
</td>
</tr>
<tr style="height: 25px;">
<td style="height: 25px; text-align: center; width: 460px;">
<h4>Finance</h4>
</td>
</tr>
<tr style="height: 25px;">
<td style="height: 25px; text-align: center; width: 460px;">
<h4>Regulatory Affairs</h4>
</td>
</tr>
<tr>
<td style="text-align: center; width: 460px;">
<h4>Business Process Unit</h4>
</td>
</tr>
</tbody>
</table>
<p>&nbsp;</p>
<p>&nbsp;</p>]]></content>
    </Text>
  </ApolloSection>
</ApolloSections>
