<?xml version="1.0" encoding="UTF-8"?>

<export>
	<info>
		<creator>Admin</creator>
		<opencms_version>10.5.1</opencms_version>
		<createdate>Tue, 18 Apr 2017 06:38:32 GMT</createdate>
		<infoproject>Offline</infoproject>
		<export_version>10</export_version>
	</info>
	<files>
		<file>
			<destination>Useful_Forms</destination>
			<type>subsitemap</type>
			<uuidstructure>0bdd9ade-0869-11e7-affc-90fba685ef5f</uuidstructure>
			<datelastmodified>Fri, 07 Apr 2017 06:13:46 GMT</datelastmodified>
			<userlastmodified>Admin</userlastmodified>
			<datecreated>Tue, 14 Mar 2017 03:48:12 GMT</datecreated>
			<usercreated>Admin</usercreated>
			<flags>0</flags>
			<properties>
				<property>
					<name>NavInfo</name>
					<value><![CDATA[ignoreInDefaultNav]]></value>
				</property>
				<property>
					<name>NavPos</name>
					<value><![CDATA[0.018437497]]></value>
				</property>
				<property>
					<name>NavText</name>
					<value><![CDATA[Useful Forms]]></value>
				</property>
				<property>
					<name>Title</name>
					<value><![CDATA[Useful Forms]]></value>
				</property>
				<property>
					<name>default-file</name>
					<value><![CDATA[##navigation_level_folder##]]></value>
				</property>
			</properties>
			<relations/>
			<accesscontrol/>
		</file>
		<file>
			<source>Useful_Forms/index.html</source>
			<destination>Useful_Forms/index.html</destination>
			<type>htmlredirect</type>
			<uuidstructure>0be9cfe4-0869-11e7-affc-90fba685ef5f</uuidstructure>
			<uuidresource>0be9cfe5-0869-11e7-affc-90fba685ef5f</uuidresource>
			<datelastmodified>Tue, 14 Mar 2017 03:48:12 GMT</datelastmodified>
			<userlastmodified>Admin</userlastmodified>
			<datecreated>Tue, 14 Mar 2017 03:48:12 GMT</datecreated>
			<usercreated>Admin</usercreated>
			<flags>0</flags>
			<properties>
				<property>
					<name>Title</name>
					<value><![CDATA[page]]></value>
				</property>
				<property>
					<name>locale-available</name>
					<value><![CDATA[en]]></value>
				</property>
				<property>
					<name>search.exclude</name>
					<value><![CDATA[all]]></value>
				</property>
				<property type="shared">
					<name>template-elements</name>
					<value><![CDATA[/system/modules/org.opencms.ade.sitemap/pages/redirect-detail.jsp]]></value>
				</property>
			</properties>
			<relations/>
			<accesscontrol/>
		</file>
		<file>
			<destination>Useful_Forms/.content</destination>
			<type>content_folder</type>
			<uuidstructure>48095988-0869-11e7-affc-90fba685ef5f</uuidstructure>
			<datelastmodified>Tue, 14 Mar 2017 03:49:53 GMT</datelastmodified>
			<userlastmodified>Admin</userlastmodified>
			<datecreated>Tue, 14 Mar 2017 03:49:53 GMT</datecreated>
			<usercreated>Admin</usercreated>
			<flags>0</flags>
			<properties/>
			<relations/>
			<accesscontrol/>
		</file>
		<file>
			<source>Useful_Forms/.content/.config</source>
			<destination>Useful_Forms/.content/.config</destination>
			<type>sitemap_config</type>
			<uuidstructure>4809809a-0869-11e7-affc-90fba685ef5f</uuidstructure>
			<uuidresource>4809809b-0869-11e7-affc-90fba685ef5f</uuidresource>
			<datelastmodified>Tue, 14 Mar 2017 03:32:14 GMT</datelastmodified>
			<userlastmodified>Admin</userlastmodified>
			<datecreated>Tue, 14 Mar 2017 03:49:53 GMT</datecreated>
			<usercreated>Admin</usercreated>
			<flags>512</flags>
			<properties>
				<property>
					<name>Title</name>
					<value><![CDATA[Sitemap configuration file]]></value>
				</property>
				<property>
					<name>locale</name>
					<value><![CDATA[en]]></value>
				</property>
				<property>
					<name>locale-available</name>
					<value><![CDATA[en]]></value>
				</property>
				<property>
					<name>search.exclude</name>
					<value><![CDATA[all]]></value>
				</property>
			</properties>
			<relations/>
			<accesscontrol/>
		</file>
		<file>
			<destination>Useful_Forms/BPU-IT-Operated-System</destination>
			<type>folder</type>
			<uuidstructure>d711a5f8-129e-11e7-b2d1-90fba685ef5f</uuidstructure>
			<datelastmodified>Fri, 07 Apr 2017 08:25:58 GMT</datelastmodified>
			<userlastmodified>Admin</userlastmodified>
			<datecreated>Mon, 27 Mar 2017 03:38:28 GMT</datecreated>
			<usercreated>Admin</usercreated>
			<flags>0</flags>
			<properties>
				<property>
					<name>NavPos</name>
					<value><![CDATA[0.00390625]]></value>
				</property>
				<property>
					<name>Title</name>
					<value><![CDATA[BPU Operated System]]></value>
				</property>
				<property type="shared">
					<name>Title</name>
					<value><![CDATA[page]]></value>
				</property>
			</properties>
			<relations/>
			<accesscontrol/>
		</file>
		<file>
			<source>Useful_Forms/BPU-IT-Operated-System/index.html</source>
			<destination>Useful_Forms/BPU-IT-Operated-System/index.html</destination>
			<type>containerpage</type>
			<uuidstructure>d72777ee-129e-11e7-b2d1-90fba685ef5f</uuidstructure>
			<uuidresource>d72777ef-129e-11e7-b2d1-90fba685ef5f</uuidresource>
			<datelastmodified>Fri, 07 Apr 2017 08:23:34 GMT</datelastmodified>
			<userlastmodified>Admin</userlastmodified>
			<datecreated>Mon, 27 Mar 2017 03:38:28 GMT</datecreated>
			<usercreated>Admin</usercreated>
			<flags>0</flags>
			<properties>
				<property>
					<name>Description_de</name>
					<value><![CDATA[Klassisches Layout mit linker Navigationsspalte.]]></value>
				</property>
				<property>
					<name>Title</name>
					<value><![CDATA[BPU IT Operated System]]></value>
				</property>
				<property>
					<name>Title_de</name>
					<value><![CDATA[Apollo Template: Navigation links]]></value>
				</property>
				<property>
					<name>apollo.title.prefix</name>
					<value><![CDATA[BPU Intranet |]]></value>
				</property>
			</properties>
			<relations/>
			<accesscontrol/>
		</file>
		<file>
			<destination>Useful_Forms/file-servers</destination>
			<type>folder</type>
			<uuidstructure>09adb0d0-129e-11e7-b2d1-90fba685ef5f</uuidstructure>
			<datelastmodified>Mon, 27 Mar 2017 03:39:18 GMT</datelastmodified>
			<userlastmodified>Admin</userlastmodified>
			<datecreated>Mon, 27 Mar 2017 03:32:43 GMT</datecreated>
			<usercreated>Admin</usercreated>
			<flags>0</flags>
			<properties>
				<property>
					<name>NavPos</name>
					<value><![CDATA[0.01171875]]></value>
				</property>
				<property>
					<name>NavText</name>
					<value><![CDATA[File/ Servers]]></value>
				</property>
				<property>
					<name>Title</name>
					<value><![CDATA[File/ Servers]]></value>
				</property>
				<property type="shared">
					<name>Title</name>
					<value><![CDATA[page]]></value>
				</property>
			</properties>
			<relations/>
			<accesscontrol/>
		</file>
		<file>
			<source>Useful_Forms/file-servers/index.html</source>
			<destination>Useful_Forms/file-servers/index.html</destination>
			<type>containerpage</type>
			<uuidstructure>09be2b96-129e-11e7-b2d1-90fba685ef5f</uuidstructure>
			<uuidresource>09be2b97-129e-11e7-b2d1-90fba685ef5f</uuidresource>
			<datelastmodified>Tue, 28 Mar 2017 10:03:43 GMT</datelastmodified>
			<userlastmodified>Admin</userlastmodified>
			<datecreated>Mon, 27 Mar 2017 03:32:43 GMT</datecreated>
			<usercreated>Admin</usercreated>
			<flags>0</flags>
			<properties>
				<property>
					<name>Description_de</name>
					<value><![CDATA[Klassisches Layout mit linker Navigationsspalte.]]></value>
				</property>
				<property>
					<name>NavText</name>
					<value><![CDATA[File Servers]]></value>
				</property>
				<property>
					<name>Title</name>
					<value><![CDATA[File Servers]]></value>
				</property>
				<property>
					<name>Title_de</name>
					<value><![CDATA[Apollo Template: Navigation links]]></value>
				</property>
				<property>
					<name>apollo.title.prefix</name>
					<value><![CDATA[BPU Intranet |]]></value>
				</property>
			</properties>
			<relations/>
			<accesscontrol/>
		</file>
		<file>
			<destination>Useful_Forms/forms-in-sap</destination>
			<type>folder</type>
			<uuidstructure>f2b35c1b-1b6f-11e7-b808-90fba685ef5f</uuidstructure>
			<datelastmodified>Fri, 07 Apr 2017 08:55:48 GMT</datelastmodified>
			<userlastmodified>Admin</userlastmodified>
			<datecreated>Fri, 07 Apr 2017 08:55:28 GMT</datecreated>
			<usercreated>Admin</usercreated>
			<flags>0</flags>
			<properties>
				<property>
					<name>NavPos</name>
					<value><![CDATA[2.0]]></value>
				</property>
				<property>
					<name>NavText</name>
					<value><![CDATA[Forms in SAP]]></value>
				</property>
				<property>
					<name>Title</name>
					<value><![CDATA[Forms in SAP]]></value>
				</property>
			</properties>
			<relations/>
			<accesscontrol/>
		</file>
		<file>
			<source>Useful_Forms/forms-in-sap/index.html</source>
			<destination>Useful_Forms/forms-in-sap/index.html</destination>
			<type>containerpage</type>
			<uuidstructure>f2c361b0-1b6f-11e7-b808-90fba685ef5f</uuidstructure>
			<uuidresource>f2c361b1-1b6f-11e7-b808-90fba685ef5f</uuidresource>
			<datelastmodified>Fri, 07 Apr 2017 09:05:09 GMT</datelastmodified>
			<userlastmodified>Admin</userlastmodified>
			<datecreated>Fri, 07 Apr 2017 08:55:28 GMT</datecreated>
			<usercreated>Admin</usercreated>
			<flags>0</flags>
			<properties>
				<property>
					<name>Description_de</name>
					<value><![CDATA[Klassisches Layout mit linker Navigationsspalte.]]></value>
				</property>
				<property>
					<name>Title</name>
					<value><![CDATA[Forms in SAP]]></value>
				</property>
				<property>
					<name>Title_de</name>
					<value><![CDATA[Apollo Template: Navigation links]]></value>
				</property>
				<property>
					<name>apollo.title.prefix</name>
					<value><![CDATA[BPU Intranet |]]></value>
				</property>
			</properties>
			<relations/>
			<accesscontrol/>
		</file>
		<file>
			<destination>Useful_Forms/it-application</destination>
			<type>folder</type>
			<uuidstructure>9bac1c92-129e-11e7-b2d1-90fba685ef5f</uuidstructure>
			<datelastmodified>Mon, 27 Mar 2017 03:36:52 GMT</datelastmodified>
			<userlastmodified>Admin</userlastmodified>
			<datecreated>Mon, 27 Mar 2017 03:36:48 GMT</datecreated>
			<usercreated>Admin</usercreated>
			<flags>0</flags>
			<properties>
				<property>
					<name>NavPos</name>
					<value><![CDATA[0.0625]]></value>
				</property>
				<property>
					<name>NavText</name>
					<value><![CDATA[IT Application]]></value>
				</property>
				<property>
					<name>Title</name>
					<value><![CDATA[IT Application]]></value>
				</property>
				<property type="shared">
					<name>Title</name>
					<value><![CDATA[page]]></value>
				</property>
			</properties>
			<relations/>
			<accesscontrol/>
		</file>
		<file>
			<source>Useful_Forms/it-application/index.html</source>
			<destination>Useful_Forms/it-application/index.html</destination>
			<type>containerpage</type>
			<uuidstructure>9bbc7048-129e-11e7-b2d1-90fba685ef5f</uuidstructure>
			<uuidresource>9bbc7049-129e-11e7-b2d1-90fba685ef5f</uuidresource>
			<datelastmodified>Tue, 28 Mar 2017 10:00:22 GMT</datelastmodified>
			<userlastmodified>Admin</userlastmodified>
			<datecreated>Mon, 27 Mar 2017 03:36:48 GMT</datecreated>
			<usercreated>Admin</usercreated>
			<flags>0</flags>
			<properties>
				<property>
					<name>Description_de</name>
					<value><![CDATA[Klassisches Layout mit linker Navigationsspalte.]]></value>
				</property>
				<property>
					<name>Title</name>
					<value><![CDATA[IT Application]]></value>
				</property>
				<property>
					<name>Title_de</name>
					<value><![CDATA[Apollo Template: Navigation links]]></value>
				</property>
				<property>
					<name>apollo.title.prefix</name>
					<value><![CDATA[BPU Intranet |]]></value>
				</property>
			</properties>
			<relations/>
			<accesscontrol/>
		</file>
		<file>
			<destination>Useful_Forms/IT-Internal-Use</destination>
			<type>folder</type>
			<uuidstructure>c0acebbc-129e-11e7-b2d1-90fba685ef5f</uuidstructure>
			<datelastmodified>Fri, 07 Apr 2017 08:42:25 GMT</datelastmodified>
			<userlastmodified>Admin</userlastmodified>
			<datecreated>Mon, 27 Mar 2017 03:37:50 GMT</datecreated>
			<usercreated>Admin</usercreated>
			<flags>0</flags>
			<properties>
				<property>
					<name>NavPos</name>
					<value><![CDATA[0.015625]]></value>
				</property>
				<property>
					<name>NavText</name>
					<value><![CDATA[IT Internal Use]]></value>
				</property>
				<property>
					<name>Title</name>
					<value><![CDATA[IT Internal Use]]></value>
				</property>
				<property type="shared">
					<name>Title</name>
					<value><![CDATA[page]]></value>
				</property>
			</properties>
			<relations/>
			<accesscontrol/>
		</file>
		<file>
			<source>Useful_Forms/IT-Internal-Use/index.html</source>
			<destination>Useful_Forms/IT-Internal-Use/index.html</destination>
			<type>containerpage</type>
			<uuidstructure>c0b9bd02-129e-11e7-b2d1-90fba685ef5f</uuidstructure>
			<uuidresource>c0b9bd03-129e-11e7-b2d1-90fba685ef5f</uuidresource>
			<datelastmodified>Wed, 12 Apr 2017 08:41:28 GMT</datelastmodified>
			<userlastmodified>Admin</userlastmodified>
			<datecreated>Mon, 27 Mar 2017 03:37:50 GMT</datecreated>
			<usercreated>Admin</usercreated>
			<flags>0</flags>
			<properties>
				<property>
					<name>Description_de</name>
					<value><![CDATA[Klassisches Layout mit linker Navigationsspalte.]]></value>
				</property>
				<property>
					<name>Title</name>
					<value><![CDATA[IT Internal Use]]></value>
				</property>
				<property>
					<name>Title_de</name>
					<value><![CDATA[Apollo Template: Navigation links]]></value>
				</property>
				<property>
					<name>apollo.title.prefix</name>
					<value><![CDATA[BPU Intranet |]]></value>
				</property>
			</properties>
			<relations/>
			<accesscontrol/>
		</file>
		<file>
			<destination>Useful_Forms/mobile-applications</destination>
			<type>folder</type>
			<uuidstructure>90ec7e75-129e-11e7-b2d1-90fba685ef5f</uuidstructure>
			<datelastmodified>Mon, 27 Mar 2017 03:36:33 GMT</datelastmodified>
			<userlastmodified>Admin</userlastmodified>
			<datecreated>Mon, 27 Mar 2017 03:36:30 GMT</datecreated>
			<usercreated>Admin</usercreated>
			<flags>0</flags>
			<properties>
				<property>
					<name>NavPos</name>
					<value><![CDATA[0.125]]></value>
				</property>
				<property>
					<name>NavText</name>
					<value><![CDATA[Mobile Applications]]></value>
				</property>
				<property>
					<name>Title</name>
					<value><![CDATA[Mobile Applications]]></value>
				</property>
				<property type="shared">
					<name>Title</name>
					<value><![CDATA[page]]></value>
				</property>
			</properties>
			<relations/>
			<accesscontrol/>
		</file>
		<file>
			<source>Useful_Forms/mobile-applications/index.html</source>
			<destination>Useful_Forms/mobile-applications/index.html</destination>
			<type>containerpage</type>
			<uuidstructure>90f99ddb-129e-11e7-b2d1-90fba685ef5f</uuidstructure>
			<uuidresource>90f99ddc-129e-11e7-b2d1-90fba685ef5f</uuidresource>
			<datelastmodified>Wed, 05 Apr 2017 02:09:39 GMT</datelastmodified>
			<userlastmodified>Admin</userlastmodified>
			<datecreated>Mon, 27 Mar 2017 03:36:30 GMT</datecreated>
			<usercreated>Admin</usercreated>
			<flags>0</flags>
			<properties>
				<property>
					<name>Description_de</name>
					<value><![CDATA[Klassisches Layout mit linker Navigationsspalte.]]></value>
				</property>
				<property>
					<name>Title</name>
					<value><![CDATA[Mobile Applications]]></value>
				</property>
				<property>
					<name>Title_de</name>
					<value><![CDATA[Apollo Template: Navigation links]]></value>
				</property>
				<property>
					<name>apollo.title.prefix</name>
					<value><![CDATA[BPU Intranet |]]></value>
				</property>
			</properties>
			<relations/>
			<accesscontrol/>
		</file>
		<file>
			<destination>Useful_Forms/network-and-security</destination>
			<type>folder</type>
			<uuidstructure>fceb16c3-129d-11e7-b2d1-90fba685ef5f</uuidstructure>
			<datelastmodified>Mon, 27 Mar 2017 03:32:37 GMT</datelastmodified>
			<userlastmodified>Admin</userlastmodified>
			<datecreated>Mon, 27 Mar 2017 03:32:22 GMT</datecreated>
			<usercreated>Admin</usercreated>
			<flags>0</flags>
			<properties>
				<property>
					<name>NavPos</name>
					<value><![CDATA[1.0]]></value>
				</property>
				<property>
					<name>NavText</name>
					<value><![CDATA[Network and Security]]></value>
				</property>
				<property>
					<name>Title</name>
					<value><![CDATA[Network and Security]]></value>
				</property>
				<property type="shared">
					<name>Title</name>
					<value><![CDATA[page]]></value>
				</property>
			</properties>
			<relations/>
			<accesscontrol/>
		</file>
		<file>
			<source>Useful_Forms/network-and-security/index.html</source>
			<destination>Useful_Forms/network-and-security/index.html</destination>
			<type>containerpage</type>
			<uuidstructure>fd1d9879-129d-11e7-b2d1-90fba685ef5f</uuidstructure>
			<uuidresource>fd1d987a-129d-11e7-b2d1-90fba685ef5f</uuidresource>
			<datelastmodified>Tue, 28 Mar 2017 10:01:00 GMT</datelastmodified>
			<userlastmodified>Admin</userlastmodified>
			<datecreated>Mon, 27 Mar 2017 03:32:22 GMT</datecreated>
			<usercreated>Admin</usercreated>
			<flags>0</flags>
			<properties>
				<property>
					<name>Description_de</name>
					<value><![CDATA[Klassisches Layout mit linker Navigationsspalte.]]></value>
				</property>
				<property>
					<name>Title</name>
					<value><![CDATA[Network and Security]]></value>
				</property>
				<property>
					<name>Title_de</name>
					<value><![CDATA[Apollo Template: Navigation links]]></value>
				</property>
				<property>
					<name>apollo.title.prefix</name>
					<value><![CDATA[BPU Intranet |]]></value>
				</property>
			</properties>
			<relations/>
			<accesscontrol/>
		</file>
		<file>
			<destination>Useful_Forms/Others</destination>
			<type>folder</type>
			<uuidstructure>a428a87f-129e-11e7-b2d1-90fba685ef5f</uuidstructure>
			<datelastmodified>Fri, 07 Apr 2017 08:52:19 GMT</datelastmodified>
			<userlastmodified>Admin</userlastmodified>
			<datecreated>Mon, 27 Mar 2017 03:37:02 GMT</datecreated>
			<usercreated>Admin</usercreated>
			<flags>0</flags>
			<properties>
				<property>
					<name>NavPos</name>
					<value><![CDATA[0.03125]]></value>
				</property>
				<property>
					<name>NavText</name>
					<value><![CDATA[Others]]></value>
				</property>
				<property>
					<name>Title</name>
					<value><![CDATA[Others]]></value>
				</property>
				<property type="shared">
					<name>Title</name>
					<value><![CDATA[page]]></value>
				</property>
			</properties>
			<relations/>
			<accesscontrol/>
		</file>
		<file>
			<source>Useful_Forms/Others/index.html</source>
			<destination>Useful_Forms/Others/index.html</destination>
			<type>containerpage</type>
			<uuidstructure>a440eb75-129e-11e7-b2d1-90fba685ef5f</uuidstructure>
			<uuidresource>a440eb76-129e-11e7-b2d1-90fba685ef5f</uuidresource>
			<datelastmodified>Fri, 07 Apr 2017 08:52:19 GMT</datelastmodified>
			<userlastmodified>Admin</userlastmodified>
			<datecreated>Mon, 27 Mar 2017 03:37:02 GMT</datecreated>
			<usercreated>Admin</usercreated>
			<flags>0</flags>
			<properties>
				<property>
					<name>Description_de</name>
					<value><![CDATA[Klassisches Layout mit linker Navigationsspalte.]]></value>
				</property>
				<property>
					<name>Title</name>
					<value><![CDATA[Others]]></value>
				</property>
				<property>
					<name>Title_de</name>
					<value><![CDATA[Apollo Template: Navigation links]]></value>
				</property>
				<property>
					<name>apollo.title.prefix</name>
					<value><![CDATA[BPU Intranet |]]></value>
				</property>
			</properties>
			<relations/>
			<accesscontrol/>
		</file>
		<file>
			<destination>Useful_Forms/pc-inventory</destination>
			<type>folder</type>
			<uuidstructure>7dc53c08-129e-11e7-b2d1-90fba685ef5f</uuidstructure>
			<datelastmodified>Mon, 27 Mar 2017 03:39:25 GMT</datelastmodified>
			<userlastmodified>Admin</userlastmodified>
			<datecreated>Mon, 27 Mar 2017 03:35:58 GMT</datecreated>
			<usercreated>Admin</usercreated>
			<flags>0</flags>
			<properties>
				<property>
					<name>NavPos</name>
					<value><![CDATA[0.013671875]]></value>
				</property>
				<property>
					<name>NavText</name>
					<value><![CDATA[PC Inventory]]></value>
				</property>
				<property>
					<name>Title</name>
					<value><![CDATA[PC Inventory]]></value>
				</property>
				<property type="shared">
					<name>Title</name>
					<value><![CDATA[page]]></value>
				</property>
			</properties>
			<relations/>
			<accesscontrol/>
		</file>
		<file>
			<source>Useful_Forms/pc-inventory/index.html</source>
			<destination>Useful_Forms/pc-inventory/index.html</destination>
			<type>containerpage</type>
			<uuidstructure>7ddfc8ee-129e-11e7-b2d1-90fba685ef5f</uuidstructure>
			<uuidresource>7ddfc8ef-129e-11e7-b2d1-90fba685ef5f</uuidresource>
			<datelastmodified>Tue, 28 Mar 2017 09:59:44 GMT</datelastmodified>
			<userlastmodified>Admin</userlastmodified>
			<datecreated>Mon, 27 Mar 2017 03:35:58 GMT</datecreated>
			<usercreated>Admin</usercreated>
			<flags>0</flags>
			<properties>
				<property>
					<name>Description_de</name>
					<value><![CDATA[Klassisches Layout mit linker Navigationsspalte.]]></value>
				</property>
				<property>
					<name>Title</name>
					<value><![CDATA[PC Inventory]]></value>
				</property>
				<property>
					<name>Title_de</name>
					<value><![CDATA[Apollo Template: Navigation links]]></value>
				</property>
				<property>
					<name>apollo.title.prefix</name>
					<value><![CDATA[BPU Intranet |]]></value>
				</property>
			</properties>
			<relations/>
			<accesscontrol/>
		</file>
		<file>
			<destination>Useful_Forms/registration</destination>
			<type>folder</type>
			<uuidstructure>d071541b-129e-11e7-b2d1-90fba685ef5f</uuidstructure>
			<datelastmodified>Mon, 27 Mar 2017 03:38:19 GMT</datelastmodified>
			<userlastmodified>Admin</userlastmodified>
			<datecreated>Mon, 27 Mar 2017 03:38:16 GMT</datecreated>
			<usercreated>Admin</usercreated>
			<flags>0</flags>
			<properties>
				<property>
					<name>NavPos</name>
					<value><![CDATA[0.0078125]]></value>
				</property>
				<property>
					<name>NavText</name>
					<value><![CDATA[Registration]]></value>
				</property>
				<property>
					<name>Title</name>
					<value><![CDATA[Registration]]></value>
				</property>
				<property type="shared">
					<name>Title</name>
					<value><![CDATA[page]]></value>
				</property>
			</properties>
			<relations/>
			<accesscontrol/>
		</file>
		<file>
			<source>Useful_Forms/registration/index.html</source>
			<destination>Useful_Forms/registration/index.html</destination>
			<type>containerpage</type>
			<uuidstructure>d07d6211-129e-11e7-b2d1-90fba685ef5f</uuidstructure>
			<uuidresource>d07d6212-129e-11e7-b2d1-90fba685ef5f</uuidresource>
			<datelastmodified>Tue, 28 Mar 2017 09:59:03 GMT</datelastmodified>
			<userlastmodified>Admin</userlastmodified>
			<datecreated>Mon, 27 Mar 2017 03:38:17 GMT</datecreated>
			<usercreated>Admin</usercreated>
			<flags>0</flags>
			<properties>
				<property>
					<name>Description_de</name>
					<value><![CDATA[Klassisches Layout mit linker Navigationsspalte.]]></value>
				</property>
				<property>
					<name>Title</name>
					<value><![CDATA[Registration]]></value>
				</property>
				<property>
					<name>Title_de</name>
					<value><![CDATA[Apollo Template: Navigation links]]></value>
				</property>
				<property>
					<name>apollo.title.prefix</name>
					<value><![CDATA[BPU Intranet |]]></value>
				</property>
			</properties>
			<relations/>
			<accesscontrol/>
		</file>
		<file>
			<destination>Useful_Forms/useful-forms</destination>
			<type>folder</type>
			<uuidstructure>7d3edb68-1b59-11e7-b808-90fba685ef5f</uuidstructure>
			<datelastmodified>Fri, 07 Apr 2017 06:14:51 GMT</datelastmodified>
			<userlastmodified>Admin</userlastmodified>
			<datecreated>Fri, 07 Apr 2017 06:14:42 GMT</datecreated>
			<usercreated>Admin</usercreated>
			<flags>0</flags>
			<properties>
				<property>
					<name>NavPos</name>
					<value><![CDATA[0.001953125]]></value>
				</property>
				<property>
					<name>NavText</name>
					<value><![CDATA[Useful Forms]]></value>
				</property>
				<property>
					<name>Title</name>
					<value><![CDATA[Useful Forms]]></value>
				</property>
			</properties>
			<relations/>
			<accesscontrol/>
		</file>
		<file>
			<source>Useful_Forms/useful-forms/index.html</source>
			<destination>Useful_Forms/useful-forms/index.html</destination>
			<type>containerpage</type>
			<uuidstructure>7d5151fd-1b59-11e7-b808-90fba685ef5f</uuidstructure>
			<uuidresource>7d5151fe-1b59-11e7-b808-90fba685ef5f</uuidresource>
			<datelastmodified>Fri, 07 Apr 2017 06:56:51 GMT</datelastmodified>
			<userlastmodified>Admin</userlastmodified>
			<datecreated>Fri, 07 Apr 2017 06:14:42 GMT</datecreated>
			<usercreated>Admin</usercreated>
			<flags>0</flags>
			<properties>
				<property>
					<name>Description_de</name>
					<value><![CDATA[Klassisches Layout mit linker Navigationsspalte.]]></value>
				</property>
				<property>
					<name>Title</name>
					<value><![CDATA[Useful Forms]]></value>
				</property>
				<property>
					<name>Title_de</name>
					<value><![CDATA[Apollo Template: Navigation links]]></value>
				</property>
			</properties>
			<relations/>
			<accesscontrol/>
		</file>
	</files>
	<projects>
		<project>
			<name>Offline</name>
			<description><![CDATA[The Offline Project]]></description>
			<usersgroup>Users</usersgroup>
			<managersgroup>Users</managersgroup>
			<resources>
				<resource>/</resource>
			</resources>
		</project>
	</projects>
</export>
