<?xml version="1.0" encoding="UTF-8"?>

<export>
	<info>
		<creator>Admin</creator>
		<opencms_version>10.5.1</opencms_version>
		<createdate>Tue, 18 Apr 2017 04:29:19 GMT</createdate>
		<infoproject>Offline</infoproject>
		<export_version>10</export_version>
	</info>
	<accounts>
		<orgunits>
			<orgunit>
				<name/>
				<description><![CDATA[%(key.GUI_ORGUNIT_ROOT_DESCRIPTION_0)]]></description>
				<flags>0</flags>
				<resources>
					<resource>/</resource>
				</resources>
				<groups>
					<group>
						<name>Administrators</name>
						<description><![CDATA[%(key.GUI_DEFAULTGROUP_ROOT_ADMINS_DESCRIPTION_0)]]></description>
						<flags>1024</flags>
						<parentgroup/>
					</group>
					<group>
						<name>Guests</name>
						<description><![CDATA[%(key.GUI_DEFAULTGROUP_ROOT_GUESTS_DESCRIPTION_0)]]></description>
						<flags>0</flags>
						<parentgroup/>
					</group>
					<group>
						<name>Users</name>
						<description><![CDATA[%(key.GUI_DEFAULTGROUP_ROOT_USERS_DESCRIPTION_0)]]></description>
						<flags>25600</flags>
						<parentgroup/>
					</group>
				</groups>
				<users>
					<user>
						<name>Admin</name>
						<password><![CDATA[JHMwJGUwODAxJFFRbmlIcWxvTEx4ZGF0WFpDeTdSdlE9PSQ5MENuUTNwODZWbHlSTGk2MkRqOUpyM2JENXNRTktnQWFUdXBvaXJ3VDNjPQ==]]></password>
						<firstname> </firstname>
						<lastname> </lastname>
						<email> </email>
						<flags>0</flags>
						<datecreated>1489462315565</datecreated>
						<userinfo>
							<entry name="ADE_DELETED_LIST" type="java.lang.String"><![CDATA[[]]]></entry>
							<entry name="ADE_FAVORITE_LIST" type="java.lang.String"><![CDATA[[{"formatter":"e41c23a6-eec7-11e5-a02c-0242ac11002b","properties":{"element_instance_id":"67a0d681-a897-11e5-b3e7-0242ac11002b","source_containerpage_id":"b52c5c3a-6088-11e5-9eef-0242ac11002b","showcopyright":"false","formatterSettings#":"e41c23a6-eec7-11e5-a02c-0242ac11002b","showtext":"false","showsubtitle":"false","ieffect":"ap-shadow-animation ap-kenburns-animation","showlink":"false"},"element":"0ca8b0a3-6075-11e5-9eef-0242ac11002b"},{"formatter":"38096d36-ec62-11e5-af37-0242ac11002b","properties":{"element_instance_id":"373ff255-086b-11e7-affc-90fba685ef5f","wrapperclass":"bg-blue","source_containerpage_id":"8dd53d00-0869-11e7-affc-90fba685ef5f","formatterSettings#":"34e11309-eaaf-11e5-99f8-0242ac11002b"},"element":"393b4d26-086b-11e7-affc-90fba685ef5f"}]]]></entry>
							<entry name="ADE_MODIFIED_LIST" type="java.lang.String"><![CDATA[["3aba0fd5-0869-11e7-affc-90fba685ef5f","e8721bc5-0869-11e7-affc-90fba685ef5f","e28eff68-0869-11e7-affc-90fba685ef5f","fcf23772-0869-11e7-affc-90fba685ef5f","5d43483d-086c-11e7-affc-90fba685ef5f","2e32aa08-0869-11e7-affc-90fba685ef5f","183b7fac-0869-11e7-affc-90fba685ef5f","2872a60a-0869-11e7-affc-90fba685ef5f","787fcca5-0ae1-11e7-b2d1-90fba685ef5f","1263827a-0ae1-11e7-b2d1-90fba685ef5f","8dc44e0a-0869-11e7-affc-90fba685ef5f","fceb16c3-129d-11e7-b2d1-90fba685ef5f","90ec7e75-129e-11e7-b2d1-90fba685ef5f","9bac1c92-129e-11e7-b2d1-90fba685ef5f","d071541b-129e-11e7-b2d1-90fba685ef5f","09adb0d0-129e-11e7-b2d1-90fba685ef5f","7dc53c08-129e-11e7-b2d1-90fba685ef5f","ecc23200-0868-11e7-affc-90fba685ef5f","fcc18f56-0ac8-11e7-b2d1-90fba685ef5f","03f76a78-0ac9-11e7-b2d1-90fba685ef5f","76008597-0f77-11e7-b2d1-90fba685ef5f","0bdd9ade-0869-11e7-affc-90fba685ef5f","7d3edb68-1b59-11e7-b808-90fba685ef5f","2e74f30b-0ac9-11e7-b2d1-90fba685ef5f","de317411-1b61-11e7-b808-90fba685ef5f","d711a5f8-129e-11e7-b2d1-90fba685ef5f","571975d3-0ac9-11e7-b2d1-90fba685ef5f","c0acebbc-129e-11e7-b2d1-90fba685ef5f","a428a87f-129e-11e7-b2d1-90fba685ef5f","f2b35c1b-1b6f-11e7-b808-90fba685ef5f","38a611f3-0e11-11e7-b2d1-90fba685ef5f","b184fcfb-1e57-11e7-b808-90fba685ef5f","9fe8a041-1e57-11e7-b808-90fba685ef5f","dfb7b1dc-0e11-11e7-b2d1-90fba685ef5f","541059bc-0e11-11e7-b2d1-90fba685ef5f","8c50872a-0e11-11e7-b2d1-90fba685ef5f","94802b98-0e11-11e7-b2d1-90fba685ef5f","b371c562-0e11-11e7-b2d1-90fba685ef5f","a8f7f64e-1e57-11e7-b808-90fba685ef5f","0a7c451d-0ac9-11e7-b2d1-90fba685ef5f","3249a1c7-0ac9-11e7-b2d1-90fba685ef5f","996b1a9f-1da2-11e7-b808-90fba685ef5f","5fa3232d-1d9c-11e7-b808-90fba685ef5f"]]]></entry>
							<entry name="ADE_RECENT_LIST" type="java.lang.String"><![CDATA[[{"formatter":"9a9bd408-ee86-11e5-a02c-0242ac11002b","properties":{"element_instance_id":"f88cc425-1b5e-11e7-b808-90fba685ef5f","tstyle":"ap-plain","source_containerpage_id":"de3d8206-1b61-11e7-b808-90fba685ef5f","formatterSettings#":"9a9bd408-ee86-11e5-a02c-0242ac11002b"},"element":"de65555e-1b61-11e7-b808-90fba685ef5f"},{"formatter":"9a9bd408-ee86-11e5-a02c-0242ac11002b","properties":{"element_instance_id":"df95197a-0add-11e7-b2d1-90fba685ef5f","tstyle":"ap-plain","source_containerpage_id":"0aa773d3-0ac9-11e7-b2d1-90fba685ef5f","formatterSettings#":"9a9bd408-ee86-11e5-a02c-0242ac11002b"},"element":"0399fc5e-0ade-11e7-b2d1-90fba685ef5f"},{"formatter":"549e54ad-ec1c-11e5-854f-0242ac11002b","properties":{"element_instance_id":"16048571-0adb-11e7-b2d1-90fba685ef5f","source_containerpage_id":"03fee48e-0ac9-11e7-b2d1-90fba685ef5f","formatterSettings#":"549e54ad-ec1c-11e5-854f-0242ac11002b"},"element":"18376b02-0adb-11e7-b2d1-90fba685ef5f"},{"formatter":"9a9bd408-ee86-11e5-a02c-0242ac11002b","properties":{"element_instance_id":"8041ae9d-0949-11e7-928e-90fba685ef5f","tstyle":"ap-plain","source_containerpage_id":"57229d99-0ac9-11e7-b2d1-90fba685ef5f","formatterSettings#":"9a9bd408-ee86-11e5-a02c-0242ac11002b"},"element":"57519ce5-0ac9-11e7-b2d1-90fba685ef5f"},{"formatter":"9a9bd408-ee86-11e5-a02c-0242ac11002b","properties":{"element_instance_id":"82cd3317-1365-11e7-b2d1-90fba685ef5f","source_containerpage_id":"9bbc7048-129e-11e7-b2d1-90fba685ef5f","formatterSettings#":"9a9bd408-ee86-11e5-a02c-0242ac11002b"},"element":"84189ed8-1365-11e7-b2d1-90fba685ef5f"},{"formatter":"9a9bd408-ee86-11e5-a02c-0242ac11002b","properties":{"element_instance_id":"d37eb9ab-12ce-11e7-b2d1-90fba685ef5f","tstyle":"ap-plain","source_containerpage_id":"a440eb75-129e-11e7-b2d1-90fba685ef5f","formatterSettings#":"9a9bd408-ee86-11e5-a02c-0242ac11002b"},"element":"d509ed8c-12ce-11e7-b2d1-90fba685ef5f"},{"formatter":"9a9bd408-ee86-11e5-a02c-0242ac11002b","properties":{"element_instance_id":"66e19c0c-135c-11e7-b2d1-90fba685ef5f","tstyle":"ap-plain","source_containerpage_id":"c0b9bd02-129e-11e7-b2d1-90fba685ef5f","formatterSettings#":"9a9bd408-ee86-11e5-a02c-0242ac11002b"},"element":"67d65c4d-135c-11e7-b2d1-90fba685ef5f"},{"formatter":"9a9bd408-ee86-11e5-a02c-0242ac11002b","properties":{"element_instance_id":"00c30942-1b68-11e7-b808-90fba685ef5f","tstyle":"ap-plain","wrapperclass":"bg-grey bo-radius-20","source_containerpage_id":"324d725d-0ac9-11e7-b2d1-90fba685ef5f","formatterSettings#":"9a9bd408-ee86-11e5-a02c-0242ac11002b"},"element":"1e137618-1b68-11e7-b808-90fba685ef5f"},{"formatter":"c6236d09-eec0-11e5-a02c-0242ac11002b","properties":{"element_instance_id":"26b6973c-086c-11e7-affc-90fba685ef5f","tstyle":"ap-plain","wrapperclass":"bg-blue bo-radius-20","source_containerpage_id":"8dd53d00-0869-11e7-affc-90fba685ef5f","showcopyright":"false","formatterSettings#":"c6236d09-eec0-11e5-a02c-0242ac11002b","hsize":"h2","showtext":"false","showsubtitle":"false","hstyle":"ap-plain","ieffect":"none","showlink":"false"},"element":"28aa02cd-086c-11e7-affc-90fba685ef5f"},{"formatter":"9a9bd408-ee86-11e5-a02c-0242ac11002b","properties":{"element_instance_id":"79eb8b57-1423-11e7-b2d1-90fba685ef5f","tstyle":"ap-plain","wrapperclass":"bo-left-2 bo-red p-0 pl-10","source_containerpage_id":"03fee48e-0ac9-11e7-b2d1-90fba685ef5f","formatterSettings#":"9a9bd408-ee86-11e5-a02c-0242ac11002b"},"element":"7bb01eb8-1423-11e7-b2d1-90fba685ef5f"}]]]></entry>
							<entry name="EDIT_SMALL_ELEMENTS" type="java.lang.String"><![CDATA[true]]></entry>
							<entry name="LAST_PASSWORD_CHANGE" type="java.lang.String"><![CDATA[1489462318375]]></entry>
							<entry name="USERPREFERENCES_additional_org.opencms.ui.apps.CmsFileExplorerSettings" type="java.lang.String"><![CDATA[{"collapsed_collumns":["PROPERTY_PROJECT","PROPERTY_NAVIGATION_TEXT","PROPERTY_COPYRIGHT","PROPERTY_CACHE","PROPERTY_PERMISSIONS","PROPERTY_DATE_MODIFIED","PROPERTY_USER_MODIFIED","PROPERTY_DATE_CREATED","PROPERTY_USER_CREATED","PROPERTY_DATE_RELEASED","PROPERTY_DATE_EXPIRED","PROPERTY_STATE_NAME","PROPERTY_USER_LOCKED"],"sort_column":"PROPERTY_RESOURCE_NAME","sort_order":false}]]></entry>
							<entry name="USERPREFERENCES_additional_org.opencms.ui.editors.CmsSourceEditor$EditorSettings" type="java.lang.String"><![CDATA[{"tabs":true,"fontsize":"16px","wrapping":false,"highlighting":true,"brackets":true}]]></entry>
							<entry name="USERPREFERENCES_editors-preferrededitorsplain" type="java.lang.String"><![CDATA[bestavailable]]></entry>
							<entry name="USERPREFERENCES_editors-preferrededitorsxmlcontent" type="java.lang.String"><![CDATA[bestavailable]]></entry>
							<entry name="USERPREFERENCES_workplace-searchsearchview-style" type="java.lang.String"><![CDATA[explorer]]></entry>
							<entry name="USER_DESCRIPTION" type="java.lang.String"><![CDATA[%(key.GUI_DEFAULTUSER_ROOT_ADMIN_DESCRIPTION_0)]]></entry>
							<entry name="gallery_folder_filter" type="java.lang.String"><![CDATA[{"/sites/default":["/sites/default/Forms-and-SAP/Form/"]}]]></entry>
							<entry name="jlan_hash" type="[B"><![CDATA[rO0ABXVyAAJbQqzzF/gGCFTgAgAAeHAAAAAQIJxhdNpJDK60IvP6WnrmNA==]]></entry>
							<entry name="workflowId" type="java.lang.String"><![CDATA[WORKFLOW_PUBLISH]]></entry>
						</userinfo>
						<userroles>
							<userrole>ROOT_ADMIN</userrole>
						</userroles>
						<usergroups>
							<usergroup>Administrators</usergroup>
						</usergroups>
					</user>
					<user>
						<name>Author</name>
						<password><![CDATA[JHMwJGUwODAxJDBSN3lNTFRjUXo3enpmRFp6dVl2eHc9PSRwblgvQWg1Vk9tREVKZ0w1cExqQ0dkcURWbGYrRFo3NjVudzVMOXIyN2hnPQ==]]></password>
						<firstname> </firstname>
						<lastname> </lastname>
						<email> </email>
						<flags>0</flags>
						<datecreated>1489462454427</datecreated>
						<userinfo>
							<entry name="USER_DESCRIPTION" type="java.lang.String"><![CDATA[Sample author user]]></entry>
						</userinfo>
						<userroles>
							<userrole>ELEMENT_AUTHOR</userrole>
						</userroles>
						<usergroups>
							<usergroup>Users</usergroup>
						</usergroups>
					</user>
					<user>
						<name>Demo</name>
						<password><![CDATA[JHMwJGUwODAxJHVEZy9ROVFnWkxqY0JCQXNwV252NUE9PSRCUTZtdVBvbWhBekF4eUkxT3ZJSDRhU2N2Q3RkMUlvOGczNGpHVkMxMDJrPQ==]]></password>
						<firstname> </firstname>
						<lastname> </lastname>
						<email> </email>
						<flags>0</flags>
						<datecreated>1489462455223</datecreated>
						<userinfo>
							<entry name="USER_DESCRIPTION" type="java.lang.String"><![CDATA[Sample user with workplace access permissions]]></entry>
						</userinfo>
						<userroles>
							<userrole>WORKPLACE_USER</userrole>
						</userroles>
						<usergroups>
							<usergroup>Users</usergroup>
						</usergroups>
					</user>
					<user>
						<name>Editor</name>
						<password><![CDATA[JHMwJGUwODAxJFN6NmQ3NlZDM2Q5c1dOdGxPbCtjRVE9PSR1VFV1YUhUOXB6czB5aDVwczJZQm42K3h3Z1JTYXgxVHpCeURoU3NMSVVRPQ==]]></password>
						<firstname> </firstname>
						<lastname> </lastname>
						<email> </email>
						<flags>0</flags>
						<datecreated>1489462454662</datecreated>
						<userinfo>
							<entry name="USER_DESCRIPTION" type="java.lang.String"><![CDATA[Sample editor user]]></entry>
						</userinfo>
						<userroles>
							<userrole>EDITOR</userrole>
						</userroles>
						<usergroups>
							<usergroup>Users</usergroup>
						</usergroups>
					</user>
					<user>
						<name>Export</name>
						<password><![CDATA[JHMwJGUwODAxJFF0OVJXTkxlMHEzWCtIQjBMMzZWNFE9PSRBTGw2MEZrSU1XOGd1WktBRW54ZHRReXdyY2M4RmhqUUlVMnVnQjhzTWZzPQ==]]></password>
						<firstname> </firstname>
						<lastname> </lastname>
						<email> </email>
						<flags>0</flags>
						<datecreated>1489462315783</datecreated>
						<userinfo>
							<entry name="USER_DESCRIPTION" type="java.lang.String"><![CDATA[%(key.GUI_DEFAULTUSER_ROOT_EXPORT_DESCRIPTION_0)]]></entry>
						</userinfo>
						<userroles/>
						<usergroups>
							<usergroup>Guests</usergroup>
						</usergroups>
					</user>
					<user>
						<name>Gallator</name>
						<password><![CDATA[JHMwJGUwODAxJEhPY3lVVmp0c3EzWnZFYXlnd0RZeGc9PSRBRFowQ1UyVG1OZkRIRkhpbzNuR0w1dWNXaWZUdlp1QjN1ZjRGRTdMTDJNPQ==]]></password>
						<firstname> </firstname>
						<lastname> </lastname>
						<email> </email>
						<flags>0</flags>
						<datecreated>1489462454896</datecreated>
						<userinfo>
							<entry name="USER_DESCRIPTION" type="java.lang.String"><![CDATA[Sample user who can edit categories and galleries]]></entry>
						</userinfo>
						<userroles>
							<userrole>CATEGORY_EDITOR</userrole>
							<userrole>GALLERY_EDITOR</userrole>
						</userroles>
						<usergroups>
							<usergroup>Users</usergroup>
						</usergroups>
					</user>
					<user>
						<name>Guest</name>
						<password><![CDATA[JHMwJGUwODAxJGxPdjlFVEtNTUdhRFRpOGJmTWtvNUE9PSRlWGFiVzJ3bVZrbGZ2cWxDdFcxSzFVM3FnMFBSRmtLT1VpTnM0VXlQYTc0PQ==]]></password>
						<firstname> </firstname>
						<lastname> </lastname>
						<email> </email>
						<flags>0</flags>
						<datecreated>1489462315242</datecreated>
						<userinfo>
							<entry name="USER_DESCRIPTION" type="java.lang.String"><![CDATA[%(key.GUI_DEFAULTUSER_ROOT_GUEST_DESCRIPTION_0)]]></entry>
						</userinfo>
						<userroles/>
						<usergroups>
							<usergroup>Guests</usergroup>
						</usergroups>
					</user>
					<user>
						<name>Templator</name>
						<password><![CDATA[JHMwJGUwODAxJDZWdjFFWmdkazFLd09mK1dEM0JxWkE9PSRKci9PTUhZRUViUTdXdGY4bHpDUmVOVHFnWWlQaEh0bXErRFRoM2hwTERnPQ==]]></password>
						<firstname> </firstname>
						<lastname> </lastname>
						<email> </email>
						<flags>0</flags>
						<datecreated>1489462455482</datecreated>
						<userinfo>
							<entry name="USER_DESCRIPTION" type="java.lang.String"><![CDATA[Sample user with template development permissions]]></entry>
						</userinfo>
						<userroles>
							<userrole>DEVELOPER</userrole>
						</userroles>
						<usergroups>
							<usergroup>Users</usergroup>
						</usergroups>
					</user>
				</users>
			</orgunit>
		</orgunits>
	</accounts>
	<files>
		<file>
			<source>robots.txt</source>
			<destination>robots.txt</destination>
			<type>seo_file</type>
			<uuidstructure>6e432be9-ef86-11e5-afc5-0242ac11002b</uuidstructure>
			<uuidresource>6e432bea-ef86-11e5-afc5-0242ac11002b</uuidresource>
			<datelastmodified>Tue, 14 Mar 2017 03:33:43 GMT</datelastmodified>
			<userlastmodified>Admin</userlastmodified>
			<datecreated>Mon, 21 Mar 2016 17:00:35 GMT</datecreated>
			<usercreated>Admin</usercreated>
			<flags>0</flags>
			<properties>
				<property>
					<name>Title</name>
					<value><![CDATA[robots.txt for search engines]]></value>
				</property>
				<property>
					<name>locale</name>
					<value><![CDATA[en]]></value>
				</property>
				<property>
					<name>locale-available</name>
					<value><![CDATA[en]]></value>
				</property>
				<property>
					<name>search.exclude</name>
					<value><![CDATA[all]]></value>
				</property>
			</properties>
			<relations/>
			<accesscontrol/>
		</file>
	</files>
	<projects>
		<project>
			<name>Offline</name>
			<description><![CDATA[The Offline Project]]></description>
			<usersgroup>Users</usersgroup>
			<managersgroup>Users</managersgroup>
			<resources>
				<resource>/</resource>
			</resources>
		</project>
	</projects>
</export>
