<?xml version="1.0" encoding="UTF-8"?>

<export>
	<info>
		<infoproject>Offline</infoproject>
		<export_version>10</export_version>
	</info>
	<module>
		<name>org.opencms.apollo.template.imagegallery</name>
		<nicename><![CDATA[Apollo Template Image Gallery]]></nicename>
		<group>Apollo Template</group>
		<class/>
		<import-site>/</import-site>
		<export-mode name="reduced"/>
		<description><![CDATA[The OpenCms 10 Apollo template image gallery extension.]]></description>
		<version>10.5.1</version>
		<authorname><![CDATA[Alkacon Software GmbH & Co. KG]]></authorname>
		<authoremail/>
		<datecreated/>
		<userinstalled/>
		<dateinstalled/>
		<dependencies>
			<dependency name="org.opencms.apollo.template.core" version="10.5.1"/>
		</dependencies>
		<exportpoints/>
		<resources>
			<resource uri="/system/modules/org.opencms.apollo.template.imagegallery/"/>
			<resource uri="/system/modules/org.opencms.apollo/formatters/imagegallery.jsp"/>
			<resource uri="/system/modules/org.opencms.apollo/formatters/imagegallery.xml"/>
			<resource uri="/system/modules/org.opencms.apollo/schemas/imagegallery.xsd"/>
			<resource uri="/system/modules/org.opencms.apollo/i18n/org.opencms.apollo.template.imagegallery.messages_de"/>
			<resource uri="/system/modules/org.opencms.apollo/i18n/org.opencms.apollo.template.imagegallery.messages_en"/>
			<resource uri="/system/workplace/resources/filetypes/a-imagegallery.png"/>
			<resource uri="/system/workplace/resources/filetypes/a-imagegallery_big.png"/>
			<resource uri="/system/modules/org.opencms.apollo/tags/imagegallery.tag"/>
		</resources>
		<excluderesources/>
		<parameters/>
		<resourcetypes>
			<type class="org.opencms.file.types.CmsResourceTypeXmlContent" name="a-imagegallery" id="463">
				<param name="schema">/system/modules/org.opencms.apollo/schemas/imagegallery.xsd</param>
			</type>
		</resourcetypes>
		<explorertypes>
			<explorertype name="a-imagegallery" key="fileicon.a-imagegallery" icon="a-imagegallery.png" bigicon="a-imagegallery_big.png" reference="xmlcontent">
				<newresource page="structurecontent" uri="newresource_xmlcontent.jsp?newresourcetype=a-imagegallery" order="10" autosetnavigation="false" autosettitle="false" info="desc.a-imagegallery" key="title.a-imagegallery"/>
			</explorertype>
		</explorertypes>
	</module>
	<files>
		<file>
			<destination>system</destination>
			<type>folder</type>
			<properties/>
		</file>
		<file>
			<destination>system/modules</destination>
			<type>folder</type>
			<properties/>
		</file>
		<file>
			<destination>system/modules/org.opencms.apollo.template.imagegallery</destination>
			<type>folder</type>
			<uuidstructure>5f849054-7508-11e6-940e-0242ac11002b</uuidstructure>
			<datecreated>Wed, 07 Sep 2016 14:35:50 GMT</datecreated>
			<flags>0</flags>
			<properties/>
			<relations/>
			<accesscontrol/>
		</file>
		<file>
			<source>system/modules/org.opencms.apollo.template.imagegallery/.config</source>
			<destination>system/modules/org.opencms.apollo.template.imagegallery/.config</destination>
			<type>module_config</type>
			<uuidstructure>799821a6-7508-11e6-940e-0242ac11002b</uuidstructure>
			<uuidresource>7e7bef00-750b-11e6-afc1-0242ac11002b</uuidresource>
			<datecreated>Wed, 07 Sep 2016 14:58:10 GMT</datecreated>
			<flags>0</flags>
			<properties>
				<property>
					<name>locale</name>
					<value><![CDATA[en]]></value>
				</property>
				<property>
					<name>locale-available</name>
					<value><![CDATA[en]]></value>
				</property>
				<property>
					<name>search.exclude</name>
					<value><![CDATA[all]]></value>
				</property>
			</properties>
			<relations/>
			<accesscontrol/>
		</file>
		<file>
			<destination>system/modules/org.opencms.apollo</destination>
			<type>folder</type>
			<properties/>
		</file>
		<file>
			<destination>system/modules/org.opencms.apollo/formatters</destination>
			<type>folder</type>
			<properties/>
		</file>
		<file>
			<source>system/modules/org.opencms.apollo/formatters/imagegallery.jsp</source>
			<destination>system/modules/org.opencms.apollo/formatters/imagegallery.jsp</destination>
			<type>jsp</type>
			<uuidstructure>68958b5e-8f73-11e5-9ae7-0242ac11002b</uuidstructure>
			<uuidresource>68958b5f-8f73-11e5-9ae7-0242ac11002b</uuidresource>
			<datecreated>Fri, 20 Nov 2015 10:42:34 GMT</datecreated>
			<flags>0</flags>
			<properties>
				<property>
					<name>Title</name>
					<value><![CDATA[Formatter JSP for image gallery from a given folder]]></value>
				</property>
				<property>
					<name>cache</name>
					<value><![CDATA[container-element;locale]]></value>
				</property>
				<property type="shared">
					<name>export</name>
					<value><![CDATA[false]]></value>
				</property>
			</properties>
			<relations/>
			<accesscontrol/>
		</file>
		<file>
			<source>system/modules/org.opencms.apollo/formatters/imagegallery.xml</source>
			<destination>system/modules/org.opencms.apollo/formatters/imagegallery.xml</destination>
			<type>formatter_config</type>
			<uuidstructure>689934e1-8f73-11e5-9ae7-0242ac11002b</uuidstructure>
			<uuidresource>689934e2-8f73-11e5-9ae7-0242ac11002b</uuidresource>
			<datecreated>Fri, 20 Nov 2015 10:42:34 GMT</datecreated>
			<flags>0</flags>
			<properties>
				<property>
					<name>Title</name>
					<value><![CDATA[Default image gallery]]></value>
				</property>
				<property>
					<name>locale</name>
					<value><![CDATA[en]]></value>
				</property>
				<property>
					<name>locale-available</name>
					<value><![CDATA[en]]></value>
				</property>
				<property>
					<name>search.exclude</name>
					<value><![CDATA[all]]></value>
				</property>
			</properties>
			<relations/>
			<accesscontrol/>
		</file>
		<file>
			<destination>system/modules/org.opencms.apollo/i18n</destination>
			<type>folder</type>
			<properties/>
		</file>
		<file>
			<source>system/modules/org.opencms.apollo/i18n/org.opencms.apollo.template.imagegallery.messages_de</source>
			<destination>system/modules/org.opencms.apollo/i18n/org.opencms.apollo.template.imagegallery.messages_de</destination>
			<type>propertyvfsbundle</type>
			<uuidstructure>d5e212b3-ada9-11e6-a18e-0242ac11002b</uuidstructure>
			<uuidresource>d5e212b4-ada9-11e6-a18e-0242ac11002b</uuidresource>
			<datecreated>Fri, 18 Nov 2016 16:12:43 GMT</datecreated>
			<flags>0</flags>
			<properties>
				<property>
					<name>content-encoding</name>
					<value><![CDATA[UTF-8]]></value>
				</property>
				<property type="shared">
					<name>content-encoding</name>
					<value><![CDATA[UTF-8]]></value>
				</property>
				<property>
					<name>search.exclude</name>
					<value><![CDATA[all]]></value>
				</property>
			</properties>
			<relations/>
			<accesscontrol/>
		</file>
		<file>
			<source>system/modules/org.opencms.apollo/i18n/org.opencms.apollo.template.imagegallery.messages_en</source>
			<destination>system/modules/org.opencms.apollo/i18n/org.opencms.apollo.template.imagegallery.messages_en</destination>
			<type>propertyvfsbundle</type>
			<uuidstructure>d5e40e86-ada9-11e6-a18e-0242ac11002b</uuidstructure>
			<uuidresource>d5e40e87-ada9-11e6-a18e-0242ac11002b</uuidresource>
			<datecreated>Fri, 18 Nov 2016 16:12:43 GMT</datecreated>
			<flags>0</flags>
			<properties>
				<property>
					<name>content-encoding</name>
					<value><![CDATA[UTF-8]]></value>
				</property>
				<property type="shared">
					<name>content-encoding</name>
					<value><![CDATA[UTF-8]]></value>
				</property>
				<property>
					<name>search.exclude</name>
					<value><![CDATA[all]]></value>
				</property>
			</properties>
			<relations/>
			<accesscontrol/>
		</file>
		<file>
			<destination>system/modules/org.opencms.apollo/schemas</destination>
			<type>folder</type>
			<properties/>
		</file>
		<file>
			<source>system/modules/org.opencms.apollo/schemas/imagegallery.xsd</source>
			<destination>system/modules/org.opencms.apollo/schemas/imagegallery.xsd</destination>
			<type>plain</type>
			<uuidstructure>68729a03-8f73-11e5-9ae7-0242ac11002b</uuidstructure>
			<uuidresource>68729a04-8f73-11e5-9ae7-0242ac11002b</uuidresource>
			<datecreated>Fri, 20 Nov 2015 10:42:34 GMT</datecreated>
			<flags>0</flags>
			<properties>
				<property>
					<name>Title</name>
					<value><![CDATA[XSD for image gallery]]></value>
				</property>
			</properties>
			<relations/>
			<accesscontrol/>
		</file>
		<file>
			<destination>system/modules/org.opencms.apollo/tags</destination>
			<type>folder</type>
			<properties/>
		</file>
		<file>
			<source>system/modules/org.opencms.apollo/tags/imagegallery.tag</source>
			<destination>system/modules/org.opencms.apollo/tags/imagegallery.tag</destination>
			<type>jsp</type>
			<uuidstructure>c11583b0-dae4-11e6-85b1-0242ac11002b</uuidstructure>
			<uuidresource>c11583b1-dae4-11e6-85b1-0242ac11002b</uuidresource>
			<datecreated>Sun, 15 Jan 2017 05:37:50 GMT</datecreated>
			<flags>0</flags>
			<properties>
				<property>
					<name>Title</name>
					<value><![CDATA[Displays an image gallery based on a content search]]></value>
				</property>
			</properties>
			<relations/>
			<accesscontrol/>
		</file>
		<file>
			<destination>system/workplace</destination>
			<type>folder</type>
			<properties/>
		</file>
		<file>
			<destination>system/workplace/resources</destination>
			<type>folder</type>
			<properties/>
		</file>
		<file>
			<destination>system/workplace/resources/filetypes</destination>
			<type>folder</type>
			<properties/>
		</file>
		<file>
			<source>system/workplace/resources/filetypes/a-imagegallery.png</source>
			<destination>system/workplace/resources/filetypes/a-imagegallery.png</destination>
			<type>image</type>
			<uuidstructure>688585c6-8f73-11e5-9ae7-0242ac11002b</uuidstructure>
			<uuidresource>688585c7-8f73-11e5-9ae7-0242ac11002b</uuidresource>
			<datecreated>Fri, 20 Nov 2015 10:42:34 GMT</datecreated>
			<flags>0</flags>
			<properties>
				<property>
					<name>Title</name>
					<value><![CDATA[sample-icon]]></value>
				</property>
				<property type="shared">
					<name>image.size</name>
					<value><![CDATA[w:16,h:16]]></value>
				</property>
			</properties>
			<relations/>
			<accesscontrol/>
		</file>
		<file>
			<source>system/workplace/resources/filetypes/a-imagegallery_big.png</source>
			<destination>system/workplace/resources/filetypes/a-imagegallery_big.png</destination>
			<type>image</type>
			<uuidstructure>688ab5ea-8f73-11e5-9ae7-0242ac11002b</uuidstructure>
			<uuidresource>688ab5eb-8f73-11e5-9ae7-0242ac11002b</uuidresource>
			<datecreated>Fri, 20 Nov 2015 10:42:34 GMT</datecreated>
			<flags>0</flags>
			<properties>
				<property>
					<name>Title</name>
					<value><![CDATA[sample-icon_big]]></value>
				</property>
				<property type="shared">
					<name>image.size</name>
					<value><![CDATA[w:24,h:24]]></value>
				</property>
			</properties>
			<relations/>
			<accesscontrol/>
		</file>
	</files>
</export>
