<?xml version="1.0" encoding="UTF-8"?>

<export>
	<info>
		<creator>Admin</creator>
		<opencms_version>10.5.1</opencms_version>
		<createdate>Tue, 18 Apr 2017 06:12:28 GMT</createdate>
		<infoproject>Offline</infoproject>
		<export_version>10</export_version>
	</info>
	<files>
		<file>
			<destination>it-deliveries---achievements</destination>
			<type>subsitemap</type>
			<uuidstructure>2e32aa08-0869-11e7-affc-90fba685ef5f</uuidstructure>
			<datelastmodified>Fri, 17 Mar 2017 04:23:06 GMT</datelastmodified>
			<userlastmodified>Admin</userlastmodified>
			<datecreated>Tue, 14 Mar 2017 03:49:09 GMT</datecreated>
			<usercreated>Admin</usercreated>
			<flags>0</flags>
			<properties>
				<property>
					<name>NavInfo</name>
					<value><![CDATA[ignoreInDefaultNav]]></value>
				</property>
				<property>
					<name>NavPos</name>
					<value><![CDATA[0.020390622]]></value>
				</property>
				<property>
					<name>NavText</name>
					<value><![CDATA[IT Deliveries  / Achievements]]></value>
				</property>
				<property>
					<name>Title</name>
					<value><![CDATA[IT Deliveries  / Achievements]]></value>
				</property>
				<property type="shared">
					<name>Title</name>
					<value><![CDATA[page]]></value>
				</property>
			</properties>
			<relations/>
			<accesscontrol/>
		</file>
		<file>
			<source>it-deliveries---achievements/index.html</source>
			<destination>it-deliveries---achievements/index.html</destination>
			<type>containerpage</type>
			<uuidstructure>2e3ff07e-0869-11e7-affc-90fba685ef5f</uuidstructure>
			<uuidresource>2e3ff07f-0869-11e7-affc-90fba685ef5f</uuidresource>
			<datelastmodified>Tue, 14 Mar 2017 07:01:33 GMT</datelastmodified>
			<userlastmodified>Admin</userlastmodified>
			<datecreated>Tue, 14 Mar 2017 03:49:09 GMT</datecreated>
			<usercreated>Admin</usercreated>
			<flags>0</flags>
			<properties>
				<property>
					<name>Description_de</name>
					<value><![CDATA[Klassisches Layout mit linker Navigationsspalte.]]></value>
				</property>
				<property>
					<name>Title</name>
					<value><![CDATA[IT Deliveries  / Achievements]]></value>
				</property>
				<property>
					<name>Title_de</name>
					<value><![CDATA[Apollo Template: Navigation links]]></value>
				</property>
				<property>
					<name>apollo.title.prefix</name>
					<value><![CDATA[BPU Intranet |]]></value>
				</property>
			</properties>
			<relations/>
			<accesscontrol/>
		</file>
		<file>
			<destination>it-deliveries---achievements/.content</destination>
			<type>content_folder</type>
			<uuidstructure>50dc9100-0869-11e7-affc-90fba685ef5f</uuidstructure>
			<datelastmodified>Tue, 14 Mar 2017 03:50:07 GMT</datelastmodified>
			<userlastmodified>Admin</userlastmodified>
			<datecreated>Tue, 14 Mar 2017 03:50:07 GMT</datecreated>
			<usercreated>Admin</usercreated>
			<flags>0</flags>
			<properties/>
			<relations/>
			<accesscontrol/>
		</file>
		<file>
			<source>it-deliveries---achievements/.content/.config</source>
			<destination>it-deliveries---achievements/.content/.config</destination>
			<type>sitemap_config</type>
			<uuidstructure>50dda272-0869-11e7-affc-90fba685ef5f</uuidstructure>
			<uuidresource>50dda273-0869-11e7-affc-90fba685ef5f</uuidresource>
			<datelastmodified>Tue, 14 Mar 2017 03:32:14 GMT</datelastmodified>
			<userlastmodified>Admin</userlastmodified>
			<datecreated>Tue, 14 Mar 2017 03:50:07 GMT</datecreated>
			<usercreated>Admin</usercreated>
			<flags>512</flags>
			<properties>
				<property>
					<name>Title</name>
					<value><![CDATA[Sitemap configuration file]]></value>
				</property>
				<property>
					<name>locale</name>
					<value><![CDATA[en]]></value>
				</property>
				<property>
					<name>locale-available</name>
					<value><![CDATA[en]]></value>
				</property>
				<property>
					<name>search.exclude</name>
					<value><![CDATA[all]]></value>
				</property>
			</properties>
			<relations/>
			<accesscontrol/>
		</file>
	</files>
	<projects>
		<project>
			<name>Offline</name>
			<description><![CDATA[The Offline Project]]></description>
			<usersgroup>Users</usersgroup>
			<managersgroup>Users</managersgroup>
			<resources>
				<resource>/</resource>
			</resources>
		</project>
	</projects>
</export>
