<?xml version="1.0" encoding="UTF-8"?>

<export>
	<info>
		<creator>Admin</creator>
		<opencms_version>10.5.1</opencms_version>
		<createdate>Tue, 18 Apr 2017 06:36:37 GMT</createdate>
		<infoproject>Offline</infoproject>
		<export_version>10</export_version>
	</info>
	<accounts>
		<orgunits>
			<orgunit>
				<name/>
				<description><![CDATA[%(key.GUI_ORGUNIT_ROOT_DESCRIPTION_0)]]></description>
				<flags>0</flags>
				<resources>
					<resource>/</resource>
				</resources>
				<groups>
					<group>
						<name>Administrators</name>
						<description><![CDATA[%(key.GUI_DEFAULTGROUP_ROOT_ADMINS_DESCRIPTION_0)]]></description>
						<flags>1024</flags>
						<parentgroup/>
					</group>
					<group>
						<name>Guests</name>
						<description><![CDATA[%(key.GUI_DEFAULTGROUP_ROOT_GUESTS_DESCRIPTION_0)]]></description>
						<flags>0</flags>
						<parentgroup/>
					</group>
					<group>
						<name>Users</name>
						<description><![CDATA[%(key.GUI_DEFAULTGROUP_ROOT_USERS_DESCRIPTION_0)]]></description>
						<flags>25600</flags>
						<parentgroup/>
					</group>
				</groups>
				<users>
					<user>
						<name>Admin</name>
						<password><![CDATA[JHMwJGUwODAxJFFRbmlIcWxvTEx4ZGF0WFpDeTdSdlE9PSQ5MENuUTNwODZWbHlSTGk2MkRqOUpyM2JENXNRTktnQWFUdXBvaXJ3VDNjPQ==]]></password>
						<firstname> </firstname>
						<lastname> </lastname>
						<email> </email>
						<flags>0</flags>
						<datecreated>1489462315565</datecreated>
						<userinfo>
							<entry name="ADE_DELETED_LIST" type="java.lang.String"><![CDATA[[]]]></entry>
							<entry name="ADE_FAVORITE_LIST" type="java.lang.String"><![CDATA[[{"formatter":"e41c23a6-eec7-11e5-a02c-0242ac11002b","properties":{"element_instance_id":"67a0d681-a897-11e5-b3e7-0242ac11002b","source_containerpage_id":"b52c5c3a-6088-11e5-9eef-0242ac11002b","showcopyright":"false","formatterSettings#":"e41c23a6-eec7-11e5-a02c-0242ac11002b","showtext":"false","showsubtitle":"false","ieffect":"ap-shadow-animation ap-kenburns-animation","showlink":"false"},"element":"0ca8b0a3-6075-11e5-9eef-0242ac11002b"},{"formatter":"38096d36-ec62-11e5-af37-0242ac11002b","properties":{"element_instance_id":"373ff255-086b-11e7-affc-90fba685ef5f","wrapperclass":"bg-blue","source_containerpage_id":"8dd53d00-0869-11e7-affc-90fba685ef5f","formatterSettings#":"34e11309-eaaf-11e5-99f8-0242ac11002b"},"element":"393b4d26-086b-11e7-affc-90fba685ef5f"}]]]></entry>
							<entry name="ADE_MODIFIED_LIST" type="java.lang.String"><![CDATA[["3aba0fd5-0869-11e7-affc-90fba685ef5f","e8721bc5-0869-11e7-affc-90fba685ef5f","e28eff68-0869-11e7-affc-90fba685ef5f","fcf23772-0869-11e7-affc-90fba685ef5f","5d43483d-086c-11e7-affc-90fba685ef5f","2e32aa08-0869-11e7-affc-90fba685ef5f","183b7fac-0869-11e7-affc-90fba685ef5f","2872a60a-0869-11e7-affc-90fba685ef5f","787fcca5-0ae1-11e7-b2d1-90fba685ef5f","1263827a-0ae1-11e7-b2d1-90fba685ef5f","8dc44e0a-0869-11e7-affc-90fba685ef5f","fceb16c3-129d-11e7-b2d1-90fba685ef5f","90ec7e75-129e-11e7-b2d1-90fba685ef5f","9bac1c92-129e-11e7-b2d1-90fba685ef5f","d071541b-129e-11e7-b2d1-90fba685ef5f","09adb0d0-129e-11e7-b2d1-90fba685ef5f","7dc53c08-129e-11e7-b2d1-90fba685ef5f","ecc23200-0868-11e7-affc-90fba685ef5f","fcc18f56-0ac8-11e7-b2d1-90fba685ef5f","03f76a78-0ac9-11e7-b2d1-90fba685ef5f","76008597-0f77-11e7-b2d1-90fba685ef5f","0bdd9ade-0869-11e7-affc-90fba685ef5f","7d3edb68-1b59-11e7-b808-90fba685ef5f","2e74f30b-0ac9-11e7-b2d1-90fba685ef5f","de317411-1b61-11e7-b808-90fba685ef5f","d711a5f8-129e-11e7-b2d1-90fba685ef5f","571975d3-0ac9-11e7-b2d1-90fba685ef5f","c0acebbc-129e-11e7-b2d1-90fba685ef5f","a428a87f-129e-11e7-b2d1-90fba685ef5f","f2b35c1b-1b6f-11e7-b808-90fba685ef5f","38a611f3-0e11-11e7-b2d1-90fba685ef5f","b184fcfb-1e57-11e7-b808-90fba685ef5f","9fe8a041-1e57-11e7-b808-90fba685ef5f","dfb7b1dc-0e11-11e7-b2d1-90fba685ef5f","541059bc-0e11-11e7-b2d1-90fba685ef5f","8c50872a-0e11-11e7-b2d1-90fba685ef5f","94802b98-0e11-11e7-b2d1-90fba685ef5f","b371c562-0e11-11e7-b2d1-90fba685ef5f","a8f7f64e-1e57-11e7-b808-90fba685ef5f","0a7c451d-0ac9-11e7-b2d1-90fba685ef5f","3249a1c7-0ac9-11e7-b2d1-90fba685ef5f","996b1a9f-1da2-11e7-b808-90fba685ef5f","5fa3232d-1d9c-11e7-b808-90fba685ef5f"]]]></entry>
							<entry name="ADE_RECENT_LIST" type="java.lang.String"><![CDATA[[{"formatter":"9a9bd408-ee86-11e5-a02c-0242ac11002b","properties":{"element_instance_id":"f88cc425-1b5e-11e7-b808-90fba685ef5f","tstyle":"ap-plain","source_containerpage_id":"de3d8206-1b61-11e7-b808-90fba685ef5f","formatterSettings#":"9a9bd408-ee86-11e5-a02c-0242ac11002b"},"element":"de65555e-1b61-11e7-b808-90fba685ef5f"},{"formatter":"9a9bd408-ee86-11e5-a02c-0242ac11002b","properties":{"element_instance_id":"df95197a-0add-11e7-b2d1-90fba685ef5f","tstyle":"ap-plain","source_containerpage_id":"0aa773d3-0ac9-11e7-b2d1-90fba685ef5f","formatterSettings#":"9a9bd408-ee86-11e5-a02c-0242ac11002b"},"element":"0399fc5e-0ade-11e7-b2d1-90fba685ef5f"},{"formatter":"549e54ad-ec1c-11e5-854f-0242ac11002b","properties":{"element_instance_id":"16048571-0adb-11e7-b2d1-90fba685ef5f","source_containerpage_id":"03fee48e-0ac9-11e7-b2d1-90fba685ef5f","formatterSettings#":"549e54ad-ec1c-11e5-854f-0242ac11002b"},"element":"18376b02-0adb-11e7-b2d1-90fba685ef5f"},{"formatter":"9a9bd408-ee86-11e5-a02c-0242ac11002b","properties":{"element_instance_id":"8041ae9d-0949-11e7-928e-90fba685ef5f","tstyle":"ap-plain","source_containerpage_id":"57229d99-0ac9-11e7-b2d1-90fba685ef5f","formatterSettings#":"9a9bd408-ee86-11e5-a02c-0242ac11002b"},"element":"57519ce5-0ac9-11e7-b2d1-90fba685ef5f"},{"formatter":"9a9bd408-ee86-11e5-a02c-0242ac11002b","properties":{"element_instance_id":"82cd3317-1365-11e7-b2d1-90fba685ef5f","source_containerpage_id":"9bbc7048-129e-11e7-b2d1-90fba685ef5f","formatterSettings#":"9a9bd408-ee86-11e5-a02c-0242ac11002b"},"element":"84189ed8-1365-11e7-b2d1-90fba685ef5f"},{"formatter":"9a9bd408-ee86-11e5-a02c-0242ac11002b","properties":{"element_instance_id":"d37eb9ab-12ce-11e7-b2d1-90fba685ef5f","tstyle":"ap-plain","source_containerpage_id":"a440eb75-129e-11e7-b2d1-90fba685ef5f","formatterSettings#":"9a9bd408-ee86-11e5-a02c-0242ac11002b"},"element":"d509ed8c-12ce-11e7-b2d1-90fba685ef5f"},{"formatter":"9a9bd408-ee86-11e5-a02c-0242ac11002b","properties":{"element_instance_id":"66e19c0c-135c-11e7-b2d1-90fba685ef5f","tstyle":"ap-plain","source_containerpage_id":"c0b9bd02-129e-11e7-b2d1-90fba685ef5f","formatterSettings#":"9a9bd408-ee86-11e5-a02c-0242ac11002b"},"element":"67d65c4d-135c-11e7-b2d1-90fba685ef5f"},{"formatter":"9a9bd408-ee86-11e5-a02c-0242ac11002b","properties":{"element_instance_id":"00c30942-1b68-11e7-b808-90fba685ef5f","tstyle":"ap-plain","wrapperclass":"bg-grey bo-radius-20","source_containerpage_id":"324d725d-0ac9-11e7-b2d1-90fba685ef5f","formatterSettings#":"9a9bd408-ee86-11e5-a02c-0242ac11002b"},"element":"1e137618-1b68-11e7-b808-90fba685ef5f"},{"formatter":"c6236d09-eec0-11e5-a02c-0242ac11002b","properties":{"element_instance_id":"26b6973c-086c-11e7-affc-90fba685ef5f","tstyle":"ap-plain","wrapperclass":"bg-blue bo-radius-20","source_containerpage_id":"8dd53d00-0869-11e7-affc-90fba685ef5f","showcopyright":"false","formatterSettings#":"c6236d09-eec0-11e5-a02c-0242ac11002b","hsize":"h2","showtext":"false","showsubtitle":"false","hstyle":"ap-plain","ieffect":"none","showlink":"false"},"element":"28aa02cd-086c-11e7-affc-90fba685ef5f"},{"formatter":"9a9bd408-ee86-11e5-a02c-0242ac11002b","properties":{"element_instance_id":"79eb8b57-1423-11e7-b2d1-90fba685ef5f","tstyle":"ap-plain","wrapperclass":"bo-left-2 bo-red p-0 pl-10","source_containerpage_id":"03fee48e-0ac9-11e7-b2d1-90fba685ef5f","formatterSettings#":"9a9bd408-ee86-11e5-a02c-0242ac11002b"},"element":"7bb01eb8-1423-11e7-b2d1-90fba685ef5f"}]]]></entry>
							<entry name="EDIT_SMALL_ELEMENTS" type="java.lang.String"><![CDATA[true]]></entry>
							<entry name="LAST_PASSWORD_CHANGE" type="java.lang.String"><![CDATA[1489462318375]]></entry>
							<entry name="USERPREFERENCES_additional_org.opencms.ui.apps.CmsFileExplorerSettings" type="java.lang.String"><![CDATA[{"collapsed_collumns":["PROPERTY_PROJECT","PROPERTY_NAVIGATION_TEXT","PROPERTY_COPYRIGHT","PROPERTY_CACHE","PROPERTY_PERMISSIONS","PROPERTY_DATE_MODIFIED","PROPERTY_USER_MODIFIED","PROPERTY_DATE_CREATED","PROPERTY_USER_CREATED","PROPERTY_DATE_RELEASED","PROPERTY_DATE_EXPIRED","PROPERTY_STATE_NAME","PROPERTY_USER_LOCKED"],"sort_column":"PROPERTY_RESOURCE_NAME","sort_order":false}]]></entry>
							<entry name="USERPREFERENCES_additional_org.opencms.ui.editors.CmsSourceEditor$EditorSettings" type="java.lang.String"><![CDATA[{"tabs":true,"fontsize":"16px","wrapping":false,"highlighting":true,"brackets":true}]]></entry>
							<entry name="USERPREFERENCES_editors-preferrededitorsplain" type="java.lang.String"><![CDATA[bestavailable]]></entry>
							<entry name="USERPREFERENCES_editors-preferrededitorsxmlcontent" type="java.lang.String"><![CDATA[bestavailable]]></entry>
							<entry name="USERPREFERENCES_workplace-searchsearchview-style" type="java.lang.String"><![CDATA[explorer]]></entry>
							<entry name="USER_DESCRIPTION" type="java.lang.String"><![CDATA[%(key.GUI_DEFAULTUSER_ROOT_ADMIN_DESCRIPTION_0)]]></entry>
							<entry name="gallery_folder_filter" type="java.lang.String"><![CDATA[{"/sites/default":["/sites/default/Forms-and-SAP/Form/"]}]]></entry>
							<entry name="jlan_hash" type="[B"><![CDATA[rO0ABXVyAAJbQqzzF/gGCFTgAgAAeHAAAAAQIJxhdNpJDK60IvP6WnrmNA==]]></entry>
							<entry name="workflowId" type="java.lang.String"><![CDATA[WORKFLOW_PUBLISH]]></entry>
						</userinfo>
						<userroles>
							<userrole>ROOT_ADMIN</userrole>
						</userroles>
						<usergroups>
							<usergroup>Administrators</usergroup>
						</usergroups>
					</user>
					<user>
						<name>Author</name>
						<password><![CDATA[JHMwJGUwODAxJDBSN3lNTFRjUXo3enpmRFp6dVl2eHc9PSRwblgvQWg1Vk9tREVKZ0w1cExqQ0dkcURWbGYrRFo3NjVudzVMOXIyN2hnPQ==]]></password>
						<firstname> </firstname>
						<lastname> </lastname>
						<email> </email>
						<flags>0</flags>
						<datecreated>1489462454427</datecreated>
						<userinfo>
							<entry name="USER_DESCRIPTION" type="java.lang.String"><![CDATA[Sample author user]]></entry>
						</userinfo>
						<userroles>
							<userrole>ELEMENT_AUTHOR</userrole>
						</userroles>
						<usergroups>
							<usergroup>Users</usergroup>
						</usergroups>
					</user>
					<user>
						<name>Demo</name>
						<password><![CDATA[JHMwJGUwODAxJHVEZy9ROVFnWkxqY0JCQXNwV252NUE9PSRCUTZtdVBvbWhBekF4eUkxT3ZJSDRhU2N2Q3RkMUlvOGczNGpHVkMxMDJrPQ==]]></password>
						<firstname> </firstname>
						<lastname> </lastname>
						<email> </email>
						<flags>0</flags>
						<datecreated>1489462455223</datecreated>
						<userinfo>
							<entry name="USER_DESCRIPTION" type="java.lang.String"><![CDATA[Sample user with workplace access permissions]]></entry>
						</userinfo>
						<userroles>
							<userrole>WORKPLACE_USER</userrole>
						</userroles>
						<usergroups>
							<usergroup>Users</usergroup>
						</usergroups>
					</user>
					<user>
						<name>Editor</name>
						<password><![CDATA[JHMwJGUwODAxJFN6NmQ3NlZDM2Q5c1dOdGxPbCtjRVE9PSR1VFV1YUhUOXB6czB5aDVwczJZQm42K3h3Z1JTYXgxVHpCeURoU3NMSVVRPQ==]]></password>
						<firstname> </firstname>
						<lastname> </lastname>
						<email> </email>
						<flags>0</flags>
						<datecreated>1489462454662</datecreated>
						<userinfo>
							<entry name="USER_DESCRIPTION" type="java.lang.String"><![CDATA[Sample editor user]]></entry>
						</userinfo>
						<userroles>
							<userrole>EDITOR</userrole>
						</userroles>
						<usergroups>
							<usergroup>Users</usergroup>
						</usergroups>
					</user>
					<user>
						<name>Export</name>
						<password><![CDATA[JHMwJGUwODAxJFF0OVJXTkxlMHEzWCtIQjBMMzZWNFE9PSRBTGw2MEZrSU1XOGd1WktBRW54ZHRReXdyY2M4RmhqUUlVMnVnQjhzTWZzPQ==]]></password>
						<firstname> </firstname>
						<lastname> </lastname>
						<email> </email>
						<flags>0</flags>
						<datecreated>1489462315783</datecreated>
						<userinfo>
							<entry name="USER_DESCRIPTION" type="java.lang.String"><![CDATA[%(key.GUI_DEFAULTUSER_ROOT_EXPORT_DESCRIPTION_0)]]></entry>
						</userinfo>
						<userroles/>
						<usergroups>
							<usergroup>Guests</usergroup>
						</usergroups>
					</user>
					<user>
						<name>Gallator</name>
						<password><![CDATA[JHMwJGUwODAxJEhPY3lVVmp0c3EzWnZFYXlnd0RZeGc9PSRBRFowQ1UyVG1OZkRIRkhpbzNuR0w1dWNXaWZUdlp1QjN1ZjRGRTdMTDJNPQ==]]></password>
						<firstname> </firstname>
						<lastname> </lastname>
						<email> </email>
						<flags>0</flags>
						<datecreated>1489462454896</datecreated>
						<userinfo>
							<entry name="USER_DESCRIPTION" type="java.lang.String"><![CDATA[Sample user who can edit categories and galleries]]></entry>
						</userinfo>
						<userroles>
							<userrole>CATEGORY_EDITOR</userrole>
							<userrole>GALLERY_EDITOR</userrole>
						</userroles>
						<usergroups>
							<usergroup>Users</usergroup>
						</usergroups>
					</user>
					<user>
						<name>Guest</name>
						<password><![CDATA[JHMwJGUwODAxJGxPdjlFVEtNTUdhRFRpOGJmTWtvNUE9PSRlWGFiVzJ3bVZrbGZ2cWxDdFcxSzFVM3FnMFBSRmtLT1VpTnM0VXlQYTc0PQ==]]></password>
						<firstname> </firstname>
						<lastname> </lastname>
						<email> </email>
						<flags>0</flags>
						<datecreated>1489462315242</datecreated>
						<userinfo>
							<entry name="USER_DESCRIPTION" type="java.lang.String"><![CDATA[%(key.GUI_DEFAULTUSER_ROOT_GUEST_DESCRIPTION_0)]]></entry>
						</userinfo>
						<userroles/>
						<usergroups>
							<usergroup>Guests</usergroup>
						</usergroups>
					</user>
					<user>
						<name>Templator</name>
						<password><![CDATA[JHMwJGUwODAxJDZWdjFFWmdkazFLd09mK1dEM0JxWkE9PSRKci9PTUhZRUViUTdXdGY4bHpDUmVOVHFnWWlQaEh0bXErRFRoM2hwTERnPQ==]]></password>
						<firstname> </firstname>
						<lastname> </lastname>
						<email> </email>
						<flags>0</flags>
						<datecreated>1489462455482</datecreated>
						<userinfo>
							<entry name="USER_DESCRIPTION" type="java.lang.String"><![CDATA[Sample user with template development permissions]]></entry>
						</userinfo>
						<userroles>
							<userrole>DEVELOPER</userrole>
						</userroles>
						<usergroups>
							<usergroup>Users</usergroup>
						</usergroups>
					</user>
				</users>
			</orgunit>
		</orgunits>
	</accounts>
	<files>
		<file>
			<destination>PolicyProcedures-Guidelines</destination>
			<type>subsitemap</type>
			<uuidstructure>ecc23200-0868-11e7-affc-90fba685ef5f</uuidstructure>
			<datelastmodified>Thu, 30 Mar 2017 04:25:15 GMT</datelastmodified>
			<userlastmodified>Admin</userlastmodified>
			<datecreated>Tue, 14 Mar 2017 03:47:19 GMT</datecreated>
			<usercreated>Admin</usercreated>
			<flags>0</flags>
			<properties>
				<property>
					<name>NavInfo</name>
					<value><![CDATA[ignoreInDefaultNav]]></value>
				</property>
				<property>
					<name>NavPos</name>
					<value><![CDATA[0.010624997]]></value>
				</property>
				<property>
					<name>NavText</name>
					<value><![CDATA[Procedures & Policy]]></value>
				</property>
				<property>
					<name>Title</name>
					<value><![CDATA[Policy,Procedures & Guidelines]]></value>
				</property>
				<property>
					<name>default-file</name>
					<value><![CDATA[##navigation_level_folder##]]></value>
				</property>
			</properties>
			<relations/>
			<accesscontrol/>
		</file>
		<file>
			<source>PolicyProcedures-Guidelines/index.html</source>
			<destination>PolicyProcedures-Guidelines/index.html</destination>
			<type>htmlredirect</type>
			<uuidstructure>ece01a46-0868-11e7-affc-90fba685ef5f</uuidstructure>
			<uuidresource>ece01a47-0868-11e7-affc-90fba685ef5f</uuidresource>
			<datelastmodified>Tue, 14 Mar 2017 03:47:20 GMT</datelastmodified>
			<userlastmodified>Admin</userlastmodified>
			<datecreated>Tue, 14 Mar 2017 03:47:20 GMT</datecreated>
			<usercreated>Admin</usercreated>
			<flags>0</flags>
			<properties>
				<property>
					<name>Title</name>
					<value><![CDATA[page]]></value>
				</property>
				<property>
					<name>locale-available</name>
					<value><![CDATA[en]]></value>
				</property>
				<property>
					<name>search.exclude</name>
					<value><![CDATA[all]]></value>
				</property>
				<property type="shared">
					<name>template-elements</name>
					<value><![CDATA[/system/modules/org.opencms.ade.sitemap/pages/redirect-detail.jsp]]></value>
				</property>
			</properties>
			<relations/>
			<accesscontrol/>
		</file>
		<file>
			<destination>PolicyProcedures-Guidelines/.content</destination>
			<type>content_folder</type>
			<uuidstructure>45e60450-0869-11e7-affc-90fba685ef5f</uuidstructure>
			<datelastmodified>Tue, 14 Mar 2017 03:49:49 GMT</datelastmodified>
			<userlastmodified>Admin</userlastmodified>
			<datecreated>Tue, 14 Mar 2017 03:49:49 GMT</datecreated>
			<usercreated>Admin</usercreated>
			<flags>0</flags>
			<properties/>
			<relations/>
			<accesscontrol/>
		</file>
		<file>
			<source>PolicyProcedures-Guidelines/.content/.config</source>
			<destination>PolicyProcedures-Guidelines/.content/.config</destination>
			<type>sitemap_config</type>
			<uuidstructure>45e73cd2-0869-11e7-affc-90fba685ef5f</uuidstructure>
			<uuidresource>45e73cd3-0869-11e7-affc-90fba685ef5f</uuidresource>
			<datelastmodified>Tue, 14 Mar 2017 03:32:14 GMT</datelastmodified>
			<userlastmodified>Admin</userlastmodified>
			<datecreated>Tue, 14 Mar 2017 03:49:49 GMT</datecreated>
			<usercreated>Admin</usercreated>
			<flags>512</flags>
			<properties>
				<property>
					<name>Title</name>
					<value><![CDATA[Sitemap configuration file]]></value>
				</property>
				<property>
					<name>locale</name>
					<value><![CDATA[en]]></value>
				</property>
				<property>
					<name>locale-available</name>
					<value><![CDATA[en]]></value>
				</property>
				<property>
					<name>search.exclude</name>
					<value><![CDATA[all]]></value>
				</property>
			</properties>
			<relations/>
			<accesscontrol/>
		</file>
		<file>
			<destination>PolicyProcedures-Guidelines/Application-and-Software</destination>
			<type>folder</type>
			<uuidstructure>38a611f3-0e11-11e7-b2d1-90fba685ef5f</uuidstructure>
			<datelastmodified>Tue, 11 Apr 2017 01:37:35 GMT</datelastmodified>
			<userlastmodified>Admin</userlastmodified>
			<datecreated>Tue, 21 Mar 2017 08:34:38 GMT</datecreated>
			<usercreated>Admin</usercreated>
			<flags>0</flags>
			<properties>
				<property>
					<name>NavPos</name>
					<value><![CDATA[3.539771E-5]]></value>
				</property>
				<property>
					<name>NavText</name>
					<value><![CDATA[Application and Software]]></value>
				</property>
				<property>
					<name>Title</name>
					<value><![CDATA[Application and Software]]></value>
				</property>
				<property type="shared">
					<name>Title</name>
					<value><![CDATA[page]]></value>
				</property>
			</properties>
			<relations/>
			<accesscontrol/>
		</file>
		<file>
			<source>PolicyProcedures-Guidelines/Application-and-Software/index.html</source>
			<destination>PolicyProcedures-Guidelines/Application-and-Software/index.html</destination>
			<type>containerpage</type>
			<uuidstructure>38afd5f9-0e11-11e7-b2d1-90fba685ef5f</uuidstructure>
			<uuidresource>38afd5fa-0e11-11e7-b2d1-90fba685ef5f</uuidresource>
			<datelastmodified>Tue, 11 Apr 2017 01:37:35 GMT</datelastmodified>
			<userlastmodified>Admin</userlastmodified>
			<datecreated>Tue, 21 Mar 2017 08:34:38 GMT</datecreated>
			<usercreated>Admin</usercreated>
			<flags>0</flags>
			<properties>
				<property>
					<name>Description_de</name>
					<value><![CDATA[Klassisches Layout mit linker Navigationsspalte.]]></value>
				</property>
				<property>
					<name>Title</name>
					<value><![CDATA[Application and Software]]></value>
				</property>
				<property>
					<name>Title_de</name>
					<value><![CDATA[Apollo Template: Navigation links]]></value>
				</property>
				<property>
					<name>apollo.title.prefix</name>
					<value><![CDATA[BPU Intranet |]]></value>
				</property>
			</properties>
			<relations/>
			<accesscontrol/>
		</file>
		<file>
			<destination>PolicyProcedures-Guidelines/BPU-IT-Use</destination>
			<type>folder</type>
			<uuidstructure>dfb7b1dc-0e11-11e7-b2d1-90fba685ef5f</uuidstructure>
			<datelastmodified>Tue, 11 Apr 2017 01:37:53 GMT</datelastmodified>
			<userlastmodified>Admin</userlastmodified>
			<datecreated>Tue, 21 Mar 2017 08:39:18 GMT</datecreated>
			<usercreated>Admin</usercreated>
			<flags>0</flags>
			<properties>
				<property>
					<name>NavPos</name>
					<value><![CDATA[6.591529E-5]]></value>
				</property>
				<property>
					<name>NavText</name>
					<value><![CDATA[BPU IT Use]]></value>
				</property>
				<property>
					<name>Title</name>
					<value><![CDATA[BPU IT Use]]></value>
				</property>
				<property type="shared">
					<name>Title</name>
					<value><![CDATA[page]]></value>
				</property>
			</properties>
			<relations/>
			<accesscontrol/>
		</file>
		<file>
			<source>PolicyProcedures-Guidelines/BPU-IT-Use/index.html</source>
			<destination>PolicyProcedures-Guidelines/BPU-IT-Use/index.html</destination>
			<type>containerpage</type>
			<uuidstructure>dfc59492-0e11-11e7-b2d1-90fba685ef5f</uuidstructure>
			<uuidresource>dfc59493-0e11-11e7-b2d1-90fba685ef5f</uuidresource>
			<datelastmodified>Tue, 11 Apr 2017 01:37:53 GMT</datelastmodified>
			<userlastmodified>Admin</userlastmodified>
			<datecreated>Tue, 21 Mar 2017 08:39:18 GMT</datecreated>
			<usercreated>Admin</usercreated>
			<flags>0</flags>
			<properties>
				<property>
					<name>Description_de</name>
					<value><![CDATA[Klassisches Layout mit linker Navigationsspalte.]]></value>
				</property>
				<property>
					<name>Title</name>
					<value><![CDATA[BPU IT Use]]></value>
				</property>
				<property>
					<name>Title_de</name>
					<value><![CDATA[Apollo Template: Navigation links]]></value>
				</property>
				<property>
					<name>apollo.title.prefix</name>
					<value><![CDATA[BPU Intranet |]]></value>
				</property>
			</properties>
			<relations/>
			<accesscontrol/>
		</file>
		<file>
			<destination>PolicyProcedures-Guidelines/Desktop</destination>
			<type>folder</type>
			<uuidstructure>541059bc-0e11-11e7-b2d1-90fba685ef5f</uuidstructure>
			<datelastmodified>Tue, 11 Apr 2017 01:38:07 GMT</datelastmodified>
			<userlastmodified>Admin</userlastmodified>
			<datecreated>Tue, 21 Mar 2017 08:35:24 GMT</datecreated>
			<usercreated>Admin</usercreated>
			<flags>0</flags>
			<properties>
				<property>
					<name>NavPos</name>
					<value><![CDATA[9.6432865E-5]]></value>
				</property>
				<property>
					<name>NavText</name>
					<value><![CDATA[Desktop]]></value>
				</property>
				<property>
					<name>Title</name>
					<value><![CDATA[Desktop]]></value>
				</property>
				<property type="shared">
					<name>Title</name>
					<value><![CDATA[page]]></value>
				</property>
			</properties>
			<relations/>
			<accesscontrol/>
		</file>
		<file>
			<source>PolicyProcedures-Guidelines/Desktop/index.html</source>
			<destination>PolicyProcedures-Guidelines/Desktop/index.html</destination>
			<type>containerpage</type>
			<uuidstructure>541c8ec2-0e11-11e7-b2d1-90fba685ef5f</uuidstructure>
			<uuidresource>541c8ec3-0e11-11e7-b2d1-90fba685ef5f</uuidresource>
			<datelastmodified>Tue, 11 Apr 2017 01:38:07 GMT</datelastmodified>
			<userlastmodified>Admin</userlastmodified>
			<datecreated>Tue, 21 Mar 2017 08:35:24 GMT</datecreated>
			<usercreated>Admin</usercreated>
			<flags>0</flags>
			<properties>
				<property>
					<name>Description_de</name>
					<value><![CDATA[Klassisches Layout mit linker Navigationsspalte.]]></value>
				</property>
				<property>
					<name>Title</name>
					<value><![CDATA[Desktop]]></value>
				</property>
				<property>
					<name>Title_de</name>
					<value><![CDATA[Apollo Template: Navigation links]]></value>
				</property>
				<property>
					<name>apollo.title.prefix</name>
					<value><![CDATA[BPU Intranet |]]></value>
				</property>
			</properties>
			<relations/>
			<accesscontrol/>
		</file>
		<file>
			<destination>PolicyProcedures-Guidelines/Domain_-Email_-Instant-Message</destination>
			<type>folder</type>
			<uuidstructure>8c50872a-0e11-11e7-b2d1-90fba685ef5f</uuidstructure>
			<datelastmodified>Tue, 11 Apr 2017 01:38:25 GMT</datelastmodified>
			<userlastmodified>Admin</userlastmodified>
			<datecreated>Tue, 21 Mar 2017 08:36:58 GMT</datecreated>
			<usercreated>Admin</usercreated>
			<flags>0</flags>
			<properties>
				<property>
					<name>NavPos</name>
					<value><![CDATA[1.11691654E-4]]></value>
				</property>
				<property>
					<name>NavText</name>
					<value><![CDATA[Domain/ Email/  Instant Message]]></value>
				</property>
				<property>
					<name>Title</name>
					<value><![CDATA[Domain/ Email/  Instant Message]]></value>
				</property>
				<property type="shared">
					<name>Title</name>
					<value><![CDATA[page]]></value>
				</property>
			</properties>
			<relations/>
			<accesscontrol/>
		</file>
		<file>
			<source>PolicyProcedures-Guidelines/Domain_-Email_-Instant-Message/index.html</source>
			<destination>PolicyProcedures-Guidelines/Domain_-Email_-Instant-Message/index.html</destination>
			<type>containerpage</type>
			<uuidstructure>8c60dae0-0e11-11e7-b2d1-90fba685ef5f</uuidstructure>
			<uuidresource>8c60dae1-0e11-11e7-b2d1-90fba685ef5f</uuidresource>
			<datelastmodified>Tue, 11 Apr 2017 01:38:25 GMT</datelastmodified>
			<userlastmodified>Admin</userlastmodified>
			<datecreated>Tue, 21 Mar 2017 08:36:59 GMT</datecreated>
			<usercreated>Admin</usercreated>
			<flags>0</flags>
			<properties>
				<property>
					<name>Description_de</name>
					<value><![CDATA[Klassisches Layout mit linker Navigationsspalte.]]></value>
				</property>
				<property>
					<name>Title</name>
					<value><![CDATA[Domain/ Email/  Instant Message]]></value>
				</property>
				<property>
					<name>Title_de</name>
					<value><![CDATA[Apollo Template: Navigation links]]></value>
				</property>
				<property>
					<name>apollo.title.prefix</name>
					<value><![CDATA[BPU Intranet |]]></value>
				</property>
			</properties>
			<relations/>
			<accesscontrol/>
		</file>
		<file>
			<destination>PolicyProcedures-Guidelines/General-Guideline</destination>
			<type>folder</type>
			<uuidstructure>94802b98-0e11-11e7-b2d1-90fba685ef5f</uuidstructure>
			<datelastmodified>Tue, 11 Apr 2017 01:38:37 GMT</datelastmodified>
			<userlastmodified>Admin</userlastmodified>
			<datecreated>Tue, 21 Mar 2017 08:37:12 GMT</datecreated>
			<usercreated>Admin</usercreated>
			<flags>0</flags>
			<properties>
				<property>
					<name>NavPos</name>
					<value><![CDATA[1.1932105E-4]]></value>
				</property>
				<property>
					<name>NavText</name>
					<value><![CDATA[General Guideline]]></value>
				</property>
				<property>
					<name>Title</name>
					<value><![CDATA[General Guideline]]></value>
				</property>
				<property type="shared">
					<name>Title</name>
					<value><![CDATA[page]]></value>
				</property>
			</properties>
			<relations/>
			<accesscontrol/>
		</file>
		<file>
			<source>PolicyProcedures-Guidelines/General-Guideline/index.html</source>
			<destination>PolicyProcedures-Guidelines/General-Guideline/index.html</destination>
			<type>containerpage</type>
			<uuidstructure>94900a1e-0e11-11e7-b2d1-90fba685ef5f</uuidstructure>
			<uuidresource>94900a1f-0e11-11e7-b2d1-90fba685ef5f</uuidresource>
			<datelastmodified>Tue, 11 Apr 2017 01:38:37 GMT</datelastmodified>
			<userlastmodified>Admin</userlastmodified>
			<datecreated>Tue, 21 Mar 2017 08:37:12 GMT</datecreated>
			<usercreated>Admin</usercreated>
			<flags>0</flags>
			<properties>
				<property>
					<name>Description_de</name>
					<value><![CDATA[Klassisches Layout mit linker Navigationsspalte.]]></value>
				</property>
				<property>
					<name>Title</name>
					<value><![CDATA[General Guideline]]></value>
				</property>
				<property>
					<name>Title_de</name>
					<value><![CDATA[Apollo Template: Navigation links]]></value>
				</property>
			</properties>
			<relations/>
			<accesscontrol/>
		</file>
		<file>
			<destination>PolicyProcedures-Guidelines/Helpdesk</destination>
			<type>folder</type>
			<uuidstructure>b371c562-0e11-11e7-b2d1-90fba685ef5f</uuidstructure>
			<datelastmodified>Tue, 11 Apr 2017 01:38:42 GMT</datelastmodified>
			<userlastmodified>Admin</userlastmodified>
			<datecreated>Tue, 21 Mar 2017 08:38:04 GMT</datecreated>
			<usercreated>Admin</usercreated>
			<flags>0</flags>
			<properties>
				<property>
					<name>NavPos</name>
					<value><![CDATA[1.2695044E-4]]></value>
				</property>
				<property>
					<name>NavText</name>
					<value><![CDATA[Helpdesk]]></value>
				</property>
				<property>
					<name>Title</name>
					<value><![CDATA[Helpdesk]]></value>
				</property>
				<property type="shared">
					<name>Title</name>
					<value><![CDATA[page]]></value>
				</property>
			</properties>
			<relations/>
			<accesscontrol/>
		</file>
		<file>
			<source>PolicyProcedures-Guidelines/Helpdesk/index.html</source>
			<destination>PolicyProcedures-Guidelines/Helpdesk/index.html</destination>
			<type>containerpage</type>
			<uuidstructure>b380b988-0e11-11e7-b2d1-90fba685ef5f</uuidstructure>
			<uuidresource>b380b989-0e11-11e7-b2d1-90fba685ef5f</uuidresource>
			<datelastmodified>Tue, 11 Apr 2017 01:38:42 GMT</datelastmodified>
			<userlastmodified>Admin</userlastmodified>
			<datecreated>Tue, 21 Mar 2017 08:38:04 GMT</datecreated>
			<usercreated>Admin</usercreated>
			<flags>0</flags>
			<properties>
				<property>
					<name>Description_de</name>
					<value><![CDATA[Klassisches Layout mit linker Navigationsspalte.]]></value>
				</property>
				<property>
					<name>Title</name>
					<value><![CDATA[Helpdesk]]></value>
				</property>
				<property>
					<name>Title_de</name>
					<value><![CDATA[Apollo Template: Navigation links]]></value>
				</property>
			</properties>
			<relations/>
			<accesscontrol/>
		</file>
		<file>
			<destination>PolicyProcedures-Guidelines/network</destination>
			<type>folder</type>
			<uuidstructure>9fe8a041-1e57-11e7-b808-90fba685ef5f</uuidstructure>
			<datelastmodified>Tue, 11 Apr 2017 01:40:33 GMT</datelastmodified>
			<userlastmodified>Admin</userlastmodified>
			<datecreated>Tue, 11 Apr 2017 01:38:55 GMT</datecreated>
			<usercreated>Admin</usercreated>
			<flags>0</flags>
			<properties>
				<property>
					<name>NavPos</name>
					<value><![CDATA[0.62512696]]></value>
				</property>
				<property>
					<name>NavText</name>
					<value><![CDATA[Network]]></value>
				</property>
				<property>
					<name>Title</name>
					<value><![CDATA[Network]]></value>
				</property>
				<property type="shared">
					<name>Title</name>
					<value><![CDATA[page]]></value>
				</property>
			</properties>
			<relations/>
			<accesscontrol/>
		</file>
		<file>
			<source>PolicyProcedures-Guidelines/network/index.html</source>
			<destination>PolicyProcedures-Guidelines/network/index.html</destination>
			<type>containerpage</type>
			<uuidstructure>a0192627-1e57-11e7-b808-90fba685ef5f</uuidstructure>
			<uuidresource>a0192628-1e57-11e7-b808-90fba685ef5f</uuidresource>
			<datelastmodified>Tue, 11 Apr 2017 01:38:55 GMT</datelastmodified>
			<userlastmodified>Admin</userlastmodified>
			<datecreated>Tue, 11 Apr 2017 01:38:55 GMT</datecreated>
			<usercreated>Admin</usercreated>
			<flags>0</flags>
			<properties>
				<property>
					<name>Description_de</name>
					<value><![CDATA[Klassisches Layout mit linker Navigationsspalte.]]></value>
				</property>
				<property>
					<name>Title</name>
					<value><![CDATA[page-00001]]></value>
				</property>
				<property>
					<name>Title_de</name>
					<value><![CDATA[Apollo Template: Navigation links]]></value>
				</property>
			</properties>
			<relations/>
			<accesscontrol/>
		</file>
		<file>
			<destination>PolicyProcedures-Guidelines/Policy-Procedure-and-Governance-</destination>
			<type>folder</type>
			<uuidstructure>5fa3232d-1d9c-11e7-b808-90fba685ef5f</uuidstructure>
			<datelastmodified>Wed, 12 Apr 2017 02:55:00 GMT</datelastmodified>
			<userlastmodified>Admin</userlastmodified>
			<datecreated>Mon, 10 Apr 2017 03:18:31 GMT</datecreated>
			<usercreated>Admin</usercreated>
			<flags>0</flags>
			<properties>
				<property>
					<name>NavPos</name>
					<value><![CDATA[1.000127]]></value>
				</property>
				<property>
					<name>NavText</name>
					<value><![CDATA[Policy, Procedure and Governance ]]></value>
				</property>
				<property>
					<name>Title</name>
					<value><![CDATA[Policy, Procedure and Governance ]]></value>
				</property>
			</properties>
			<relations/>
			<accesscontrol/>
		</file>
		<file>
			<source>PolicyProcedures-Guidelines/Policy-Procedure-and-Governance-/index.html</source>
			<destination>PolicyProcedures-Guidelines/Policy-Procedure-and-Governance-/index.html</destination>
			<type>containerpage</type>
			<uuidstructure>5fc6b0c2-1d9c-11e7-b808-90fba685ef5f</uuidstructure>
			<uuidresource>5fc6b0c3-1d9c-11e7-b808-90fba685ef5f</uuidresource>
			<datelastmodified>Wed, 12 Apr 2017 02:55:00 GMT</datelastmodified>
			<userlastmodified>Admin</userlastmodified>
			<datecreated>Mon, 10 Apr 2017 03:18:31 GMT</datecreated>
			<usercreated>Admin</usercreated>
			<flags>0</flags>
			<properties>
				<property>
					<name>Description_de</name>
					<value><![CDATA[Klassisches Layout mit linker Navigationsspalte.]]></value>
				</property>
				<property>
					<name>Title</name>
					<value><![CDATA[Policy, Procedure and Governance ]]></value>
				</property>
				<property>
					<name>Title_de</name>
					<value><![CDATA[Apollo Template: Navigation links]]></value>
				</property>
				<property>
					<name>apollo.title.prefix</name>
					<value><![CDATA[BPU Intranet |]]></value>
				</property>
			</properties>
			<relations/>
			<accesscontrol/>
		</file>
		<file>
			<destination>PolicyProcedures-Guidelines/server</destination>
			<type>folder</type>
			<uuidstructure>b184fcfb-1e57-11e7-b808-90fba685ef5f</uuidstructure>
			<datelastmodified>Tue, 11 Apr 2017 01:39:40 GMT</datelastmodified>
			<userlastmodified>Admin</userlastmodified>
			<datecreated>Tue, 11 Apr 2017 01:39:24 GMT</datecreated>
			<usercreated>Admin</usercreated>
			<flags>0</flags>
			<properties>
				<property>
					<name>NavPos</name>
					<value><![CDATA[0.75012696]]></value>
				</property>
				<property>
					<name>NavText</name>
					<value><![CDATA[Server]]></value>
				</property>
				<property>
					<name>Title</name>
					<value><![CDATA[Server]]></value>
				</property>
				<property type="shared">
					<name>Title</name>
					<value><![CDATA[page]]></value>
				</property>
			</properties>
			<relations/>
			<accesscontrol/>
		</file>
		<file>
			<source>PolicyProcedures-Guidelines/server/index.html</source>
			<destination>PolicyProcedures-Guidelines/server/index.html</destination>
			<type>containerpage</type>
			<uuidstructure>b1988401-1e57-11e7-b808-90fba685ef5f</uuidstructure>
			<uuidresource>b1988402-1e57-11e7-b808-90fba685ef5f</uuidresource>
			<datelastmodified>Tue, 11 Apr 2017 01:39:24 GMT</datelastmodified>
			<userlastmodified>Admin</userlastmodified>
			<datecreated>Tue, 11 Apr 2017 01:39:24 GMT</datecreated>
			<usercreated>Admin</usercreated>
			<flags>0</flags>
			<properties>
				<property>
					<name>Description_de</name>
					<value><![CDATA[Klassisches Layout mit linker Navigationsspalte.]]></value>
				</property>
				<property>
					<name>Title</name>
					<value><![CDATA[page-00001]]></value>
				</property>
				<property>
					<name>Title_de</name>
					<value><![CDATA[Apollo Template: Navigation links]]></value>
				</property>
			</properties>
			<relations/>
			<accesscontrol/>
		</file>
		<file>
			<destination>PolicyProcedures-Guidelines/User-Account</destination>
			<type>folder</type>
			<uuidstructure>a8f7f64e-1e57-11e7-b808-90fba685ef5f</uuidstructure>
			<datelastmodified>Tue, 11 Apr 2017 01:39:38 GMT</datelastmodified>
			<userlastmodified>Admin</userlastmodified>
			<datecreated>Tue, 11 Apr 2017 01:39:10 GMT</datecreated>
			<usercreated>Admin</usercreated>
			<flags>0</flags>
			<properties>
				<property>
					<name>NavPos</name>
					<value><![CDATA[0.50012696]]></value>
				</property>
				<property>
					<name>NavText</name>
					<value><![CDATA[User Account]]></value>
				</property>
				<property>
					<name>Title</name>
					<value><![CDATA[User Account]]></value>
				</property>
				<property type="shared">
					<name>Title</name>
					<value><![CDATA[page]]></value>
				</property>
			</properties>
			<relations/>
			<accesscontrol/>
		</file>
		<file>
			<source>PolicyProcedures-Guidelines/User-Account/index.html</source>
			<destination>PolicyProcedures-Guidelines/User-Account/index.html</destination>
			<type>containerpage</type>
			<uuidstructure>a90563d4-1e57-11e7-b808-90fba685ef5f</uuidstructure>
			<uuidresource>a90563d5-1e57-11e7-b808-90fba685ef5f</uuidresource>
			<datelastmodified>Tue, 11 Apr 2017 01:41:48 GMT</datelastmodified>
			<userlastmodified>Admin</userlastmodified>
			<datecreated>Tue, 11 Apr 2017 01:39:10 GMT</datecreated>
			<usercreated>Admin</usercreated>
			<flags>0</flags>
			<properties>
				<property>
					<name>Description_de</name>
					<value><![CDATA[Klassisches Layout mit linker Navigationsspalte.]]></value>
				</property>
				<property>
					<name>Title</name>
					<value><![CDATA[User Account]]></value>
				</property>
				<property>
					<name>Title_de</name>
					<value><![CDATA[Apollo Template: Navigation links]]></value>
				</property>
			</properties>
			<relations/>
			<accesscontrol/>
		</file>
		<file>
			<destination>PolicyProcedures-Guidelines/user-guide-guideline</destination>
			<type>folder</type>
			<uuidstructure>996b1a9f-1da2-11e7-b808-90fba685ef5f</uuidstructure>
			<datelastmodified>Mon, 10 Apr 2017 04:03:25 GMT</datelastmodified>
			<userlastmodified>Admin</userlastmodified>
			<datecreated>Mon, 10 Apr 2017 04:03:05 GMT</datecreated>
			<usercreated>Admin</usercreated>
			<flags>0</flags>
			<properties>
				<property>
					<name>NavPos</name>
					<value><![CDATA[4.8801303E-6]]></value>
				</property>
				<property>
					<name>NavText</name>
					<value><![CDATA[User Guide/ Guideline]]></value>
				</property>
				<property>
					<name>Title</name>
					<value><![CDATA[User Guide/ Guideline]]></value>
				</property>
				<property type="shared">
					<name>Title</name>
					<value><![CDATA[page]]></value>
				</property>
			</properties>
			<relations/>
			<accesscontrol/>
		</file>
		<file>
			<source>PolicyProcedures-Guidelines/user-guide-guideline/index.html</source>
			<destination>PolicyProcedures-Guidelines/user-guide-guideline/index.html</destination>
			<type>containerpage</type>
			<uuidstructure>997b2035-1da2-11e7-b808-90fba685ef5f</uuidstructure>
			<uuidresource>997b2036-1da2-11e7-b808-90fba685ef5f</uuidresource>
			<datelastmodified>Wed, 12 Apr 2017 02:48:07 GMT</datelastmodified>
			<userlastmodified>Admin</userlastmodified>
			<datecreated>Mon, 10 Apr 2017 04:03:05 GMT</datecreated>
			<usercreated>Admin</usercreated>
			<flags>0</flags>
			<properties>
				<property>
					<name>Description_de</name>
					<value><![CDATA[Klassisches Layout mit linker Navigationsspalte.]]></value>
				</property>
				<property>
					<name>Title</name>
					<value><![CDATA[User Guide/ Guideline]]></value>
				</property>
				<property>
					<name>Title_de</name>
					<value><![CDATA[Apollo Template: Navigation links]]></value>
				</property>
				<property>
					<name>apollo.title.prefix</name>
					<value><![CDATA[BPU Intranet |]]></value>
				</property>
			</properties>
			<relations/>
			<accesscontrol/>
		</file>
	</files>
	<projects>
		<project>
			<name>Offline</name>
			<description><![CDATA[The Offline Project]]></description>
			<usersgroup>Users</usersgroup>
			<managersgroup>Users</managersgroup>
			<resources>
				<resource>/</resource>
			</resources>
		</project>
	</projects>
</export>
