<?xml version="1.0" encoding="UTF-8"?>

<ApolloLists xmlns:xsi="http://www.w3.org/2001/XMLSchema-instance" xsi:noNamespaceSchemaLocation="opencms://system/modules/org.opencms.apollo/schemas/list.xsd">
  <ApolloList language="en">
    <Headline><![CDATA[New list of contents]]></Headline>
    <TypesToCollect>a-blog:532e6791-c663-11e5-a73e-0242ac11002b</TypesToCollect>
    <Folder>
      <link type="WEAK">
        <target><![CDATA[/sites/default/our-team/]]></target>
        <uuid>ecc23200-0868-11e7-affc-90fba685ef5f</uuid>
      </link>
    </Folder>
    <Category>
      <!--Categories are read dynamically-->
    </Category>
    <SortOrder><![CDATA[orderdesc]]></SortOrder>
  </ApolloList>
</ApolloLists>
