<?xml version="1.0" encoding="UTF-8"?>

<export>
	<info>
		<infoproject>Offline</infoproject>
		<export_version>10</export_version>
	</info>
	<module>
		<name>org.opencms.apollo.template.contact</name>
		<nicename><![CDATA[Apollo Template Contact Information]]></nicename>
		<group>Apollo Template</group>
		<class/>
		<import-site>/</import-site>
		<export-mode name="reduced"/>
		<description><![CDATA[The OpenCms 10 Apollo template contact information extension.]]></description>
		<version>10.5.1</version>
		<authorname><![CDATA[Alkacon Software GmbH & Co. KG]]></authorname>
		<authoremail/>
		<datecreated/>
		<userinstalled/>
		<dateinstalled/>
		<dependencies>
			<dependency name="org.opencms.apollo.template.core" version="10.5.1"/>
		</dependencies>
		<exportpoints/>
		<resources>
			<resource uri="/system/modules/org.opencms.apollo/formatters/contact-onecol.jsp"/>
			<resource uri="/system/modules/org.opencms.apollo/formatters/contact-onecol.xml"/>
			<resource uri="/system/modules/org.opencms.apollo/formatters/contact-twocol.xml"/>
			<resource uri="/system/modules/org.opencms.apollo/formatters/contact-twocol.jsp"/>
			<resource uri="/system/modules/org.opencms.apollo/formatters/contact-threecol.jsp"/>
			<resource uri="/system/modules/org.opencms.apollo/formatters/contact-threecol.xml"/>
			<resource uri="/system/modules/org.opencms.apollo/i18n/org.opencms.apollo.template.contact.messages_de"/>
			<resource uri="/system/modules/org.opencms.apollo/i18n/org.opencms.apollo.template.contact.messages_en"/>
			<resource uri="/system/modules/org.opencms.apollo/schemas/contact.xsd"/>
			<resource uri="/system/modules/org.opencms.apollo/schemas/nested/address.xsd"/>
			<resource uri="/system/modules/org.opencms.apollo/schemas/nested/contact-data.xsd"/>
			<resource uri="/system/modules/org.opencms.apollo/schemas/nested/contact-name.xsd"/>
			<resource uri="/system/modules/org.opencms.apollo.template.contact/"/>
			<resource uri="/system/modules/org.opencms.apollo/pages/contact.vcf"/>
			<resource uri="/system/workplace/resources/filetypes/a-contact.png"/>
			<resource uri="/system/workplace/resources/filetypes/a-contact_big.png"/>
		</resources>
		<excluderesources/>
		<parameters/>
		<resourcetypes>
			<type class="org.opencms.file.types.CmsResourceTypeXmlContent" name="a-contact" id="470">
				<param name="schema">/system/modules/org.opencms.apollo/schemas/contact.xsd</param>
			</type>
		</resourcetypes>
		<explorertypes>
			<explorertype name="a-contact" key="fileicon.a-contact" icon="a-contact.png" bigicon="a-contact_big.png" reference="xmlcontent">
				<newresource page="structurecontent" uri="newresource_xmlcontent.jsp?newresourcetype=a-contact" order="10" autosetnavigation="false" autosettitle="false" info="desc.a-contact" key="title.a-contact"/>
			</explorertype>
		</explorertypes>
	</module>
	<files>
		<file>
			<destination>system</destination>
			<type>folder</type>
			<properties/>
		</file>
		<file>
			<destination>system/modules</destination>
			<type>folder</type>
			<properties/>
		</file>
		<file>
			<destination>system/modules/org.opencms.apollo.template.contact</destination>
			<type>folder</type>
			<uuidstructure>047bf4d5-4425-11e6-a8b1-0242ac11002b</uuidstructure>
			<datecreated>Thu, 07 Jul 2016 09:27:26 GMT</datecreated>
			<flags>0</flags>
			<properties/>
			<relations/>
			<accesscontrol/>
		</file>
		<file>
			<source>system/modules/org.opencms.apollo.template.contact/.config</source>
			<destination>system/modules/org.opencms.apollo.template.contact/.config</destination>
			<type>module_config</type>
			<uuidstructure>4b978a39-4425-11e6-a8b1-0242ac11002b</uuidstructure>
			<uuidresource>4b978a3a-4425-11e6-a8b1-0242ac11002b</uuidresource>
			<datecreated>Thu, 07 Jul 2016 09:29:25 GMT</datecreated>
			<flags>0</flags>
			<properties>
				<property>
					<name>locale</name>
					<value><![CDATA[en]]></value>
				</property>
				<property>
					<name>locale-available</name>
					<value><![CDATA[en]]></value>
				</property>
				<property>
					<name>search.exclude</name>
					<value><![CDATA[all]]></value>
				</property>
			</properties>
			<relations/>
			<accesscontrol/>
		</file>
		<file>
			<destination>system/modules/org.opencms.apollo</destination>
			<type>folder</type>
			<properties/>
		</file>
		<file>
			<destination>system/modules/org.opencms.apollo/formatters</destination>
			<type>folder</type>
			<properties/>
		</file>
		<file>
			<source>system/modules/org.opencms.apollo/formatters/contact-onecol.jsp</source>
			<destination>system/modules/org.opencms.apollo/formatters/contact-onecol.jsp</destination>
			<type>jsp</type>
			<uuidstructure>b7431558-7665-11e6-af54-0242ac11002b</uuidstructure>
			<uuidresource>b7431559-7665-11e6-af54-0242ac11002b</uuidresource>
			<datecreated>Fri, 09 Sep 2016 08:16:31 GMT</datecreated>
			<flags>0</flags>
			<properties>
				<property>
					<name>Title</name>
					<value><![CDATA[Contact in one column formatter]]></value>
				</property>
				<property>
					<name>cache</name>
					<value><![CDATA[container-element;locale]]></value>
				</property>
				<property type="shared">
					<name>export</name>
					<value><![CDATA[false]]></value>
				</property>
			</properties>
			<relations/>
			<accesscontrol/>
		</file>
		<file>
			<source>system/modules/org.opencms.apollo/formatters/contact-onecol.xml</source>
			<destination>system/modules/org.opencms.apollo/formatters/contact-onecol.xml</destination>
			<type>formatter_config</type>
			<uuidstructure>c15fe3bb-7665-11e6-af54-0242ac11002b</uuidstructure>
			<uuidresource>c15fe3bc-7665-11e6-af54-0242ac11002b</uuidresource>
			<datecreated>Fri, 09 Sep 2016 08:16:48 GMT</datecreated>
			<flags>0</flags>
			<properties>
				<property>
					<name>Title</name>
					<value><![CDATA[Contact information in one column]]></value>
				</property>
				<property>
					<name>locale</name>
					<value><![CDATA[en]]></value>
				</property>
			</properties>
			<relations/>
			<accesscontrol/>
		</file>
		<file>
			<source>system/modules/org.opencms.apollo/formatters/contact-threecol.jsp</source>
			<destination>system/modules/org.opencms.apollo/formatters/contact-threecol.jsp</destination>
			<type>jsp</type>
			<uuidstructure>4b87abb0-4425-11e6-a8b1-0242ac11002b</uuidstructure>
			<uuidresource>4b87abb1-4425-11e6-a8b1-0242ac11002b</uuidresource>
			<datecreated>Thu, 07 Jul 2016 09:29:25 GMT</datecreated>
			<flags>0</flags>
			<properties>
				<property>
					<name>Title</name>
					<value><![CDATA[Contact in three columns formatter]]></value>
				</property>
				<property>
					<name>cache</name>
					<value><![CDATA[container-element;locale]]></value>
				</property>
				<property type="shared">
					<name>export</name>
					<value><![CDATA[false]]></value>
				</property>
			</properties>
			<relations/>
			<accesscontrol/>
		</file>
		<file>
			<source>system/modules/org.opencms.apollo/formatters/contact-threecol.xml</source>
			<destination>system/modules/org.opencms.apollo/formatters/contact-threecol.xml</destination>
			<type>formatter_config</type>
			<uuidstructure>4b8d7813-4425-11e6-a8b1-0242ac11002b</uuidstructure>
			<uuidresource>4b8d7814-4425-11e6-a8b1-0242ac11002b</uuidresource>
			<datecreated>Thu, 07 Jul 2016 09:29:25 GMT</datecreated>
			<flags>0</flags>
			<properties>
				<property>
					<name>Title</name>
					<value><![CDATA[Contact information in three columns]]></value>
				</property>
				<property>
					<name>locale</name>
					<value><![CDATA[en]]></value>
				</property>
				<property>
					<name>locale-available</name>
					<value><![CDATA[en]]></value>
				</property>
				<property>
					<name>search.exclude</name>
					<value><![CDATA[all]]></value>
				</property>
			</properties>
			<relations/>
			<accesscontrol/>
		</file>
		<file>
			<source>system/modules/org.opencms.apollo/formatters/contact-twocol.jsp</source>
			<destination>system/modules/org.opencms.apollo/formatters/contact-twocol.jsp</destination>
			<type>jsp</type>
			<uuidstructure>fc77029a-efac-11e6-92f8-0242ac11002b</uuidstructure>
			<uuidresource>fc77029b-efac-11e6-92f8-0242ac11002b</uuidresource>
			<datecreated>Fri, 10 Feb 2017 16:21:33 GMT</datecreated>
			<flags>0</flags>
			<properties>
				<property>
					<name>Title</name>
					<value><![CDATA[Contact in two columns formatter]]></value>
				</property>
				<property>
					<name>cache</name>
					<value><![CDATA[container-element;locale]]></value>
				</property>
				<property type="shared">
					<name>export</name>
					<value><![CDATA[false]]></value>
				</property>
			</properties>
			<relations/>
			<accesscontrol/>
		</file>
		<file>
			<source>system/modules/org.opencms.apollo/formatters/contact-twocol.xml</source>
			<destination>system/modules/org.opencms.apollo/formatters/contact-twocol.xml</destination>
			<type>formatter_config</type>
			<uuidstructure>eb459cc4-efac-11e6-92f8-0242ac11002b</uuidstructure>
			<uuidresource>eb459cc5-efac-11e6-92f8-0242ac11002b</uuidresource>
			<datecreated>Fri, 10 Feb 2017 16:21:04 GMT</datecreated>
			<flags>0</flags>
			<properties>
				<property>
					<name>Title</name>
					<value><![CDATA[Contact information in two columns]]></value>
				</property>
				<property>
					<name>locale</name>
					<value><![CDATA[en]]></value>
				</property>
				<property>
					<name>locale-available</name>
					<value><![CDATA[en]]></value>
				</property>
				<property>
					<name>search.exclude</name>
					<value><![CDATA[all]]></value>
				</property>
			</properties>
			<relations/>
			<accesscontrol/>
		</file>
		<file>
			<destination>system/modules/org.opencms.apollo/i18n</destination>
			<type>folder</type>
			<properties/>
		</file>
		<file>
			<source>system/modules/org.opencms.apollo/i18n/org.opencms.apollo.template.contact.messages_de</source>
			<destination>system/modules/org.opencms.apollo/i18n/org.opencms.apollo.template.contact.messages_de</destination>
			<type>propertyvfsbundle</type>
			<uuidstructure>a493b354-ada9-11e6-a18e-0242ac11002b</uuidstructure>
			<uuidresource>a493b355-ada9-11e6-a18e-0242ac11002b</uuidresource>
			<datecreated>Fri, 18 Nov 2016 16:11:20 GMT</datecreated>
			<flags>0</flags>
			<properties>
				<property>
					<name>content-encoding</name>
					<value><![CDATA[UTF-8]]></value>
				</property>
				<property type="shared">
					<name>content-encoding</name>
					<value><![CDATA[UTF-8]]></value>
				</property>
				<property>
					<name>search.exclude</name>
					<value><![CDATA[all]]></value>
				</property>
			</properties>
			<relations/>
			<accesscontrol/>
		</file>
		<file>
			<source>system/modules/org.opencms.apollo/i18n/org.opencms.apollo.template.contact.messages_en</source>
			<destination>system/modules/org.opencms.apollo/i18n/org.opencms.apollo.template.contact.messages_en</destination>
			<type>propertyvfsbundle</type>
			<uuidstructure>a495fd47-ada9-11e6-a18e-0242ac11002b</uuidstructure>
			<uuidresource>a495fd48-ada9-11e6-a18e-0242ac11002b</uuidresource>
			<datecreated>Fri, 18 Nov 2016 16:11:20 GMT</datecreated>
			<flags>0</flags>
			<properties>
				<property>
					<name>content-encoding</name>
					<value><![CDATA[UTF-8]]></value>
				</property>
				<property type="shared">
					<name>content-encoding</name>
					<value><![CDATA[UTF-8]]></value>
				</property>
				<property>
					<name>search.exclude</name>
					<value><![CDATA[all]]></value>
				</property>
			</properties>
			<relations/>
			<accesscontrol/>
		</file>
		<file>
			<destination>system/modules/org.opencms.apollo/pages</destination>
			<type>folder</type>
			<properties/>
		</file>
		<file>
			<source>system/modules/org.opencms.apollo/pages/contact.vcf</source>
			<destination>system/modules/org.opencms.apollo/pages/contact.vcf</destination>
			<type>jsp</type>
			<uuidstructure>206a57e4-e18c-11e6-a9a1-0242ac11002b</uuidstructure>
			<uuidresource>206a57e5-e18c-11e6-a9a1-0242ac11002b</uuidresource>
			<datecreated>Mon, 23 Jan 2017 16:51:03 GMT</datecreated>
			<flags>0</flags>
			<properties>
				<property type="shared">
					<name>export</name>
					<value><![CDATA[false]]></value>
				</property>
			</properties>
			<relations/>
			<accesscontrol/>
		</file>
		<file>
			<destination>system/modules/org.opencms.apollo/schemas</destination>
			<type>folder</type>
			<properties/>
		</file>
		<file>
			<source>system/modules/org.opencms.apollo/schemas/contact.xsd</source>
			<destination>system/modules/org.opencms.apollo/schemas/contact.xsd</destination>
			<type>plain</type>
			<uuidstructure>4b683cc0-4425-11e6-a8b1-0242ac11002b</uuidstructure>
			<uuidresource>4b683cc1-4425-11e6-a8b1-0242ac11002b</uuidresource>
			<datecreated>Thu, 07 Jul 2016 09:29:25 GMT</datecreated>
			<flags>0</flags>
			<properties>
				<property>
					<name>Title</name>
					<value><![CDATA[XSD for contact information]]></value>
				</property>
			</properties>
			<relations/>
			<accesscontrol/>
		</file>
		<file>
			<destination>system/modules/org.opencms.apollo/schemas/nested</destination>
			<type>folder</type>
			<properties/>
		</file>
		<file>
			<source>system/modules/org.opencms.apollo/schemas/nested/address.xsd</source>
			<destination>system/modules/org.opencms.apollo/schemas/nested/address.xsd</destination>
			<type>plain</type>
			<uuidstructure>58c9bdce-767b-11e6-af54-0242ac11002b</uuidstructure>
			<uuidresource>58c9bdcf-767b-11e6-af54-0242ac11002b</uuidresource>
			<datecreated>Fri, 09 Sep 2016 10:51:22 GMT</datecreated>
			<flags>0</flags>
			<properties>
				<property>
					<name>Title</name>
					<value><![CDATA[Nested XSD for address information]]></value>
				</property>
			</properties>
			<relations/>
			<accesscontrol/>
		</file>
		<file>
			<source>system/modules/org.opencms.apollo/schemas/nested/contact-data.xsd</source>
			<destination>system/modules/org.opencms.apollo/schemas/nested/contact-data.xsd</destination>
			<type>plain</type>
			<uuidstructure>dd559062-4430-11e6-a8b1-0242ac11002b</uuidstructure>
			<uuidresource>dd559063-4430-11e6-a8b1-0242ac11002b</uuidresource>
			<datecreated>Thu, 07 Jul 2016 10:52:14 GMT</datecreated>
			<flags>0</flags>
			<properties>
				<property>
					<name>Title</name>
					<value><![CDATA[Nested XSD for contact data]]></value>
				</property>
			</properties>
			<relations/>
			<accesscontrol/>
		</file>
		<file>
			<source>system/modules/org.opencms.apollo/schemas/nested/contact-name.xsd</source>
			<destination>system/modules/org.opencms.apollo/schemas/nested/contact-name.xsd</destination>
			<type>plain</type>
			<uuidstructure>d58a7a30-4430-11e6-a8b1-0242ac11002b</uuidstructure>
			<uuidresource>d58a7a31-4430-11e6-a8b1-0242ac11002b</uuidresource>
			<datecreated>Thu, 07 Jul 2016 10:52:01 GMT</datecreated>
			<flags>0</flags>
			<properties>
				<property>
					<name>Title</name>
					<value><![CDATA[Nested XSD for contact name]]></value>
				</property>
			</properties>
			<relations/>
			<accesscontrol/>
		</file>
		<file>
			<destination>system/workplace</destination>
			<type>folder</type>
			<properties/>
		</file>
		<file>
			<destination>system/workplace/resources</destination>
			<type>folder</type>
			<properties/>
		</file>
		<file>
			<destination>system/workplace/resources/filetypes</destination>
			<type>folder</type>
			<properties/>
		</file>
		<file>
			<source>system/workplace/resources/filetypes/a-contact.png</source>
			<destination>system/workplace/resources/filetypes/a-contact.png</destination>
			<type>image</type>
			<uuidstructure>4b744ab3-4425-11e6-a8b1-0242ac11002b</uuidstructure>
			<uuidresource>4b744ab4-4425-11e6-a8b1-0242ac11002b</uuidresource>
			<datecreated>Thu, 07 Jul 2016 09:29:25 GMT</datecreated>
			<flags>0</flags>
			<properties>
				<property type="shared">
					<name>image.size</name>
					<value><![CDATA[w:16,h:16]]></value>
				</property>
			</properties>
			<relations/>
			<accesscontrol/>
		</file>
		<file>
			<source>system/workplace/resources/filetypes/a-contact_big.png</source>
			<destination>system/workplace/resources/filetypes/a-contact_big.png</destination>
			<type>image</type>
			<uuidstructure>4b78b787-4425-11e6-a8b1-0242ac11002b</uuidstructure>
			<uuidresource>4b78b788-4425-11e6-a8b1-0242ac11002b</uuidresource>
			<datecreated>Thu, 07 Jul 2016 09:29:25 GMT</datecreated>
			<flags>0</flags>
			<properties>
				<property type="shared">
					<name>image.size</name>
					<value><![CDATA[w:24,h:24]]></value>
				</property>
			</properties>
			<relations/>
			<accesscontrol/>
		</file>
	</files>
</export>
