<?xml version="1.0" encoding="UTF-8"?>

<export>
	<info>
		<creator>Admin</creator>
		<opencms_version>10.5.1</opencms_version>
		<createdate>Tue, 18 Apr 2017 06:35:59 GMT</createdate>
		<infoproject>Offline</infoproject>
		<export_version>10</export_version>
	</info>
	<files>
		<file>
			<destination>Policies-Files</destination>
			<type>folder</type>
			<uuidstructure>caeabbb6-1397-11e7-b2d1-90fba685ef5f</uuidstructure>
			<datelastmodified>Tue, 28 Mar 2017 09:20:32 GMT</datelastmodified>
			<userlastmodified>Admin</userlastmodified>
			<datecreated>Tue, 28 Mar 2017 09:20:32 GMT</datecreated>
			<usercreated>Admin</usercreated>
			<flags>0</flags>
			<properties/>
			<relations/>
			<accesscontrol/>
		</file>
		<file>
			<source>Policies-Files/Access-2010.xls</source>
			<destination>Policies-Files/Access-2010.xls</destination>
			<type>binary</type>
			<uuidstructure>d878bc09-1397-11e7-b2d1-90fba685ef5f</uuidstructure>
			<uuidresource>d878bc0a-1397-11e7-b2d1-90fba685ef5f</uuidresource>
			<datelastmodified>Tue, 28 Mar 2017 09:20:55 GMT</datelastmodified>
			<userlastmodified>Admin</userlastmodified>
			<datecreated>Tue, 28 Mar 2017 09:20:55 GMT</datecreated>
			<usercreated>Admin</usercreated>
			<flags>0</flags>
			<properties>
				<property>
					<name>Title</name>
					<value><![CDATA[Access 2010]]></value>
				</property>
			</properties>
			<relations/>
			<accesscontrol/>
		</file>
		<file>
			<source>Policies-Files/CAB-Meeting-Submission-Schedule.docx</source>
			<destination>Policies-Files/CAB-Meeting-Submission-Schedule.docx</destination>
			<type>binary</type>
			<uuidstructure>d8b0e30c-1397-11e7-b2d1-90fba685ef5f</uuidstructure>
			<uuidresource>d8b0e30d-1397-11e7-b2d1-90fba685ef5f</uuidresource>
			<datelastmodified>Tue, 28 Mar 2017 09:20:55 GMT</datelastmodified>
			<userlastmodified>Admin</userlastmodified>
			<datecreated>Tue, 28 Mar 2017 09:20:55 GMT</datecreated>
			<usercreated>Admin</usercreated>
			<flags>0</flags>
			<properties>
				<property>
					<name>Title</name>
					<value><![CDATA[CAB Meeting Submission Schedule]]></value>
				</property>
			</properties>
			<relations/>
			<accesscontrol/>
		</file>
		<file>
			<source>Policies-Files/CAB-Standard-Meeting-Submission-Schedule-.docx</source>
			<destination>Policies-Files/CAB-Standard-Meeting-Submission-Schedule-.docx</destination>
			<type>binary</type>
			<uuidstructure>d8b3c93f-1397-11e7-b2d1-90fba685ef5f</uuidstructure>
			<uuidresource>d8b3c940-1397-11e7-b2d1-90fba685ef5f</uuidresource>
			<datelastmodified>Tue, 28 Mar 2017 09:20:55 GMT</datelastmodified>
			<userlastmodified>Admin</userlastmodified>
			<datecreated>Tue, 28 Mar 2017 09:20:55 GMT</datecreated>
			<usercreated>Admin</usercreated>
			<flags>0</flags>
			<properties>
				<property>
					<name>Title</name>
					<value><![CDATA[CAB Standard Meeting Submission Schedule-]]></value>
				</property>
			</properties>
			<relations/>
			<accesscontrol/>
		</file>
		<file>
			<source>Policies-Files/Excel-2010.xls</source>
			<destination>Policies-Files/Excel-2010.xls</destination>
			<type>binary</type>
			<uuidstructure>d8bb6a62-1397-11e7-b2d1-90fba685ef5f</uuidstructure>
			<uuidresource>d8bb6a63-1397-11e7-b2d1-90fba685ef5f</uuidresource>
			<datelastmodified>Tue, 28 Mar 2017 09:20:55 GMT</datelastmodified>
			<userlastmodified>Admin</userlastmodified>
			<datecreated>Tue, 28 Mar 2017 09:20:55 GMT</datecreated>
			<usercreated>Admin</usercreated>
			<flags>0</flags>
			<properties>
				<property>
					<name>Title</name>
					<value><![CDATA[Excel 2010]]></value>
				</property>
			</properties>
			<relations/>
			<accesscontrol/>
		</file>
		<file>
			<source>Policies-Files/GDCN-User-Identity-Policy-Version-1.5.pdf</source>
			<destination>Policies-Files/GDCN-User-Identity-Policy-Version-1.5.pdf</destination>
			<type>binary</type>
			<uuidstructure>e84a5336-1dc4-11e7-b808-90fba685ef5f</uuidstructure>
			<uuidresource>e84a5337-1dc4-11e7-b808-90fba685ef5f</uuidresource>
			<datelastmodified>Mon, 10 Apr 2017 08:08:40 GMT</datelastmodified>
			<userlastmodified>Admin</userlastmodified>
			<datecreated>Mon, 10 Apr 2017 08:08:40 GMT</datecreated>
			<usercreated>Admin</usercreated>
			<flags>0</flags>
			<properties>
				<property>
					<name>Title</name>
					<value><![CDATA[GDCN User Identity Policy Version 1.5]]></value>
				</property>
			</properties>
			<relations/>
			<accesscontrol/>
		</file>
		<file>
			<source>Policies-Files/Guide-for-Installation-MS-Office-2007-file-format-converters.pdf</source>
			<destination>Policies-Files/Guide-for-Installation-MS-Office-2007-file-format-converters.pdf</destination>
			<type>binary</type>
			<uuidstructure>2087d6c1-1dc7-11e7-b808-90fba685ef5f</uuidstructure>
			<uuidresource>2087d6c2-1dc7-11e7-b808-90fba685ef5f</uuidresource>
			<datelastmodified>Mon, 10 Apr 2017 08:24:33 GMT</datelastmodified>
			<userlastmodified>Admin</userlastmodified>
			<datecreated>Mon, 10 Apr 2017 08:24:33 GMT</datecreated>
			<usercreated>Admin</usercreated>
			<flags>0</flags>
			<properties>
				<property>
					<name>Title</name>
					<value><![CDATA[Guide for Installation MS Office 2007 file format converters]]></value>
				</property>
			</properties>
			<relations/>
			<accesscontrol/>
		</file>
		<file>
			<source>Policies-Files/Introduction-to-the-CAB-v1.2.pptx</source>
			<destination>Policies-Files/Introduction-to-the-CAB-v1.2.pptx</destination>
			<type>binary</type>
			<uuidstructure>7055f90a-1dc3-11e7-b808-90fba685ef5f</uuidstructure>
			<uuidresource>7055f90b-1dc3-11e7-b808-90fba685ef5f</uuidresource>
			<datelastmodified>Mon, 10 Apr 2017 07:58:09 GMT</datelastmodified>
			<userlastmodified>Admin</userlastmodified>
			<datecreated>Mon, 10 Apr 2017 07:58:09 GMT</datecreated>
			<usercreated>Admin</usercreated>
			<flags>0</flags>
			<properties>
				<property>
					<name>Title</name>
					<value><![CDATA[Introduction to the CAB v1.2]]></value>
				</property>
			</properties>
			<relations/>
			<accesscontrol/>
		</file>
		<file>
			<source>Policies-Files/OI0001.doc</source>
			<destination>Policies-Files/OI0001.doc</destination>
			<type>binary</type>
			<uuidstructure>706d9fbd-1dc3-11e7-b808-90fba685ef5f</uuidstructure>
			<uuidresource>706d9fbe-1dc3-11e7-b808-90fba685ef5f</uuidresource>
			<datelastmodified>Mon, 10 Apr 2017 07:58:10 GMT</datelastmodified>
			<userlastmodified>Admin</userlastmodified>
			<datecreated>Mon, 10 Apr 2017 07:58:10 GMT</datecreated>
			<usercreated>Admin</usercreated>
			<flags>0</flags>
			<properties>
				<property>
					<name>Title</name>
					<value><![CDATA[OI0001]]></value>
				</property>
			</properties>
			<relations/>
			<accesscontrol/>
		</file>
		<file>
			<source>Policies-Files/OI0006.doc</source>
			<destination>Policies-Files/OI0006.doc</destination>
			<type>binary</type>
			<uuidstructure>70720c90-1dc3-11e7-b808-90fba685ef5f</uuidstructure>
			<uuidresource>70720c91-1dc3-11e7-b808-90fba685ef5f</uuidresource>
			<datelastmodified>Mon, 10 Apr 2017 07:58:10 GMT</datelastmodified>
			<userlastmodified>Admin</userlastmodified>
			<datecreated>Mon, 10 Apr 2017 07:58:10 GMT</datecreated>
			<usercreated>Admin</usercreated>
			<flags>0</flags>
			<properties>
				<property>
					<name>Title</name>
					<value><![CDATA[OI0006]]></value>
				</property>
			</properties>
			<relations/>
			<accesscontrol/>
		</file>
		<file>
			<source>Policies-Files/OS0007.doc</source>
			<destination>Policies-Files/OS0007.doc</destination>
			<type>binary</type>
			<uuidstructure>7075dd23-1dc3-11e7-b808-90fba685ef5f</uuidstructure>
			<uuidresource>7075dd24-1dc3-11e7-b808-90fba685ef5f</uuidresource>
			<datelastmodified>Mon, 10 Apr 2017 07:58:10 GMT</datelastmodified>
			<userlastmodified>Admin</userlastmodified>
			<datecreated>Mon, 10 Apr 2017 07:58:10 GMT</datecreated>
			<usercreated>Admin</usercreated>
			<flags>0</flags>
			<properties>
				<property>
					<name>Title</name>
					<value><![CDATA[OS0007]]></value>
				</property>
			</properties>
			<relations/>
			<accesscontrol/>
		</file>
		<file>
			<source>Policies-Files/OS0008.doc</source>
			<destination>Policies-Files/OS0008.doc</destination>
			<type>binary</type>
			<uuidstructure>707a49f6-1dc3-11e7-b808-90fba685ef5f</uuidstructure>
			<uuidresource>707a49f7-1dc3-11e7-b808-90fba685ef5f</uuidresource>
			<datelastmodified>Mon, 10 Apr 2017 07:58:10 GMT</datelastmodified>
			<userlastmodified>Admin</userlastmodified>
			<datecreated>Mon, 10 Apr 2017 07:58:10 GMT</datecreated>
			<usercreated>Admin</usercreated>
			<flags>0</flags>
			<properties>
				<property>
					<name>Title</name>
					<value><![CDATA[OS0008]]></value>
				</property>
			</properties>
			<relations/>
			<accesscontrol/>
		</file>
		<file>
			<source>Policies-Files/OS0010.doc</source>
			<destination>Policies-Files/OS0010.doc</destination>
			<type>binary</type>
			<uuidstructure>707e4199-1dc3-11e7-b808-90fba685ef5f</uuidstructure>
			<uuidresource>707e419a-1dc3-11e7-b808-90fba685ef5f</uuidresource>
			<datelastmodified>Mon, 10 Apr 2017 07:58:10 GMT</datelastmodified>
			<userlastmodified>Admin</userlastmodified>
			<datecreated>Mon, 10 Apr 2017 07:58:10 GMT</datecreated>
			<usercreated>Admin</usercreated>
			<flags>0</flags>
			<properties>
				<property>
					<name>Title</name>
					<value><![CDATA[OS0010]]></value>
				</property>
			</properties>
			<relations/>
			<accesscontrol/>
		</file>
		<file>
			<source>Policies-Files/OS0011.doc</source>
			<destination>Policies-Files/OS0011.doc</destination>
			<type>binary</type>
			<uuidstructure>7082ae6c-1dc3-11e7-b808-90fba685ef5f</uuidstructure>
			<uuidresource>7082ae6d-1dc3-11e7-b808-90fba685ef5f</uuidresource>
			<datelastmodified>Mon, 10 Apr 2017 07:58:10 GMT</datelastmodified>
			<userlastmodified>Admin</userlastmodified>
			<datecreated>Mon, 10 Apr 2017 07:58:10 GMT</datecreated>
			<usercreated>Admin</usercreated>
			<flags>0</flags>
			<properties>
				<property>
					<name>Title</name>
					<value><![CDATA[OS0011]]></value>
				</property>
			</properties>
			<relations/>
			<accesscontrol/>
		</file>
		<file>
			<source>Policies-Files/Outlook-2010.xls</source>
			<destination>Policies-Files/Outlook-2010.xls</destination>
			<type>binary</type>
			<uuidstructure>d8bf3af5-1397-11e7-b2d1-90fba685ef5f</uuidstructure>
			<uuidresource>d8bf3af6-1397-11e7-b2d1-90fba685ef5f</uuidresource>
			<datelastmodified>Tue, 28 Mar 2017 09:20:55 GMT</datelastmodified>
			<userlastmodified>Admin</userlastmodified>
			<datecreated>Tue, 28 Mar 2017 09:20:55 GMT</datecreated>
			<usercreated>Admin</usercreated>
			<flags>0</flags>
			<properties>
				<property>
					<name>Title</name>
					<value><![CDATA[Outlook 2010]]></value>
				</property>
			</properties>
			<relations/>
			<accesscontrol/>
		</file>
		<file>
			<source>Policies-Files/PD0001.doc</source>
			<destination>Policies-Files/PD0001.doc</destination>
			<type>binary</type>
			<uuidstructure>708609cf-1dc3-11e7-b808-90fba685ef5f</uuidstructure>
			<uuidresource>708609d0-1dc3-11e7-b808-90fba685ef5f</uuidresource>
			<datelastmodified>Mon, 10 Apr 2017 07:58:10 GMT</datelastmodified>
			<userlastmodified>Admin</userlastmodified>
			<datecreated>Mon, 10 Apr 2017 07:58:10 GMT</datecreated>
			<usercreated>Admin</usercreated>
			<flags>0</flags>
			<properties>
				<property>
					<name>Title</name>
					<value><![CDATA[PD0001]]></value>
				</property>
			</properties>
			<relations/>
			<accesscontrol/>
		</file>
		<file>
			<source>Policies-Files/PE0001.doc</source>
			<destination>Policies-Files/PE0001.doc</destination>
			<type>binary</type>
			<uuidstructure>708a0172-1dc3-11e7-b808-90fba685ef5f</uuidstructure>
			<uuidresource>708a0173-1dc3-11e7-b808-90fba685ef5f</uuidresource>
			<datelastmodified>Mon, 10 Apr 2017 07:58:10 GMT</datelastmodified>
			<userlastmodified>Admin</userlastmodified>
			<datecreated>Mon, 10 Apr 2017 07:58:10 GMT</datecreated>
			<usercreated>Admin</usercreated>
			<flags>0</flags>
			<properties>
				<property>
					<name>Title</name>
					<value><![CDATA[PE0001]]></value>
				</property>
			</properties>
			<relations/>
			<accesscontrol/>
		</file>
		<file>
			<source>Policies-Files/PE0002.doc</source>
			<destination>Policies-Files/PE0002.doc</destination>
			<type>binary</type>
			<uuidstructure>708e6e45-1dc3-11e7-b808-90fba685ef5f</uuidstructure>
			<uuidresource>708e6e46-1dc3-11e7-b808-90fba685ef5f</uuidresource>
			<datelastmodified>Mon, 10 Apr 2017 07:58:10 GMT</datelastmodified>
			<userlastmodified>Admin</userlastmodified>
			<datecreated>Mon, 10 Apr 2017 07:58:10 GMT</datecreated>
			<usercreated>Admin</usercreated>
			<flags>0</flags>
			<properties>
				<property>
					<name>Title</name>
					<value><![CDATA[PE0002]]></value>
				</property>
			</properties>
			<relations/>
			<accesscontrol/>
		</file>
		<file>
			<source>Policies-Files/PE0003.doc</source>
			<destination>Policies-Files/PE0003.doc</destination>
			<type>binary</type>
			<uuidstructure>70923ed8-1dc3-11e7-b808-90fba685ef5f</uuidstructure>
			<uuidresource>70923ed9-1dc3-11e7-b808-90fba685ef5f</uuidresource>
			<datelastmodified>Mon, 10 Apr 2017 07:58:10 GMT</datelastmodified>
			<userlastmodified>Admin</userlastmodified>
			<datecreated>Mon, 10 Apr 2017 07:58:10 GMT</datecreated>
			<usercreated>Admin</usercreated>
			<flags>0</flags>
			<properties>
				<property>
					<name>Title</name>
					<value><![CDATA[PE0003]]></value>
				</property>
			</properties>
			<relations/>
			<accesscontrol/>
		</file>
		<file>
			<source>Policies-Files/PMD0001.doc</source>
			<destination>Policies-Files/PMD0001.doc</destination>
			<type>binary</type>
			<uuidstructure>7096d2bb-1dc3-11e7-b808-90fba685ef5f</uuidstructure>
			<uuidresource>7096d2bc-1dc3-11e7-b808-90fba685ef5f</uuidresource>
			<datelastmodified>Mon, 10 Apr 2017 07:58:10 GMT</datelastmodified>
			<userlastmodified>Admin</userlastmodified>
			<datecreated>Mon, 10 Apr 2017 07:58:10 GMT</datecreated>
			<usercreated>Admin</usercreated>
			<flags>0</flags>
			<properties>
				<property>
					<name>Title</name>
					<value><![CDATA[PMD0001]]></value>
				</property>
			</properties>
			<relations/>
			<accesscontrol/>
		</file>
		<file>
			<source>Policies-Files/Powerpoint-2010.xls</source>
			<destination>Policies-Files/Powerpoint-2010.xls</destination>
			<type>binary</type>
			<uuidstructure>d8e90a21-1397-11e7-b2d1-90fba685ef5f</uuidstructure>
			<uuidresource>d8e90a22-1397-11e7-b2d1-90fba685ef5f</uuidresource>
			<datelastmodified>Tue, 28 Mar 2017 09:20:55 GMT</datelastmodified>
			<userlastmodified>Admin</userlastmodified>
			<datecreated>Tue, 28 Mar 2017 09:20:55 GMT</datecreated>
			<usercreated>Admin</usercreated>
			<flags>0</flags>
			<properties>
				<property>
					<name>Title</name>
					<value><![CDATA[Powerpoint 2010]]></value>
				</property>
			</properties>
			<relations/>
			<accesscontrol/>
		</file>
		<file>
			<source>Policies-Files/PRD0004.doc</source>
			<destination>Policies-Files/PRD0004.doc</destination>
			<type>binary</type>
			<uuidstructure>d8cc3348-1397-11e7-b2d1-90fba685ef5f</uuidstructure>
			<uuidresource>d8cc3349-1397-11e7-b2d1-90fba685ef5f</uuidresource>
			<datelastmodified>Tue, 28 Mar 2017 09:20:55 GMT</datelastmodified>
			<userlastmodified>Admin</userlastmodified>
			<datecreated>Tue, 28 Mar 2017 09:20:55 GMT</datecreated>
			<usercreated>Admin</usercreated>
			<flags>0</flags>
			<properties>
				<property>
					<name>Title</name>
					<value><![CDATA[PRD0004]]></value>
				</property>
			</properties>
			<relations/>
			<accesscontrol/>
		</file>
		<file>
			<source>Policies-Files/PRD0006.doc</source>
			<destination>Policies-Files/PRD0006.doc</destination>
			<type>binary</type>
			<uuidstructure>d8d02aeb-1397-11e7-b2d1-90fba685ef5f</uuidstructure>
			<uuidresource>d8d02aec-1397-11e7-b2d1-90fba685ef5f</uuidresource>
			<datelastmodified>Tue, 28 Mar 2017 09:20:55 GMT</datelastmodified>
			<userlastmodified>Admin</userlastmodified>
			<datecreated>Tue, 28 Mar 2017 09:20:55 GMT</datecreated>
			<usercreated>Admin</usercreated>
			<flags>0</flags>
			<properties>
				<property>
					<name>Title</name>
					<value><![CDATA[PRD0006]]></value>
				</property>
			</properties>
			<relations/>
			<accesscontrol/>
		</file>
		<file>
			<source>Policies-Files/PRD0010.doc</source>
			<destination>Policies-Files/PRD0010.doc</destination>
			<type>binary</type>
			<uuidstructure>d8e141ee-1397-11e7-b2d1-90fba685ef5f</uuidstructure>
			<uuidresource>d8e141ef-1397-11e7-b2d1-90fba685ef5f</uuidresource>
			<datelastmodified>Tue, 28 Mar 2017 09:20:55 GMT</datelastmodified>
			<userlastmodified>Admin</userlastmodified>
			<datecreated>Tue, 28 Mar 2017 09:20:55 GMT</datecreated>
			<usercreated>Admin</usercreated>
			<flags>0</flags>
			<properties>
				<property>
					<name>Title</name>
					<value><![CDATA[PRD0010]]></value>
				</property>
			</properties>
			<relations/>
			<accesscontrol/>
		</file>
		<file>
			<source>Policies-Files/PRD0014.doc</source>
			<destination>Policies-Files/PRD0014.doc</destination>
			<type>binary</type>
			<uuidstructure>709aca5e-1dc3-11e7-b808-90fba685ef5f</uuidstructure>
			<uuidresource>709aca5f-1dc3-11e7-b808-90fba685ef5f</uuidresource>
			<datelastmodified>Mon, 10 Apr 2017 07:58:10 GMT</datelastmodified>
			<userlastmodified>Admin</userlastmodified>
			<datecreated>Mon, 10 Apr 2017 07:58:10 GMT</datecreated>
			<usercreated>Admin</usercreated>
			<flags>0</flags>
			<properties>
				<property>
					<name>Title</name>
					<value><![CDATA[PRD0014]]></value>
				</property>
			</properties>
			<relations/>
			<accesscontrol/>
		</file>
		<file>
			<source>Policies-Files/Procedure-for-application-of-IT-Applications.docx</source>
			<destination>Policies-Files/Procedure-for-application-of-IT-Applications.docx</destination>
			<type>binary</type>
			<uuidstructure>6d59e4aa-1dc5-11e7-b808-90fba685ef5f</uuidstructure>
			<uuidresource>6d59e4ab-1dc5-11e7-b808-90fba685ef5f</uuidresource>
			<datelastmodified>Mon, 10 Apr 2017 08:12:23 GMT</datelastmodified>
			<userlastmodified>Admin</userlastmodified>
			<datecreated>Mon, 10 Apr 2017 08:12:23 GMT</datecreated>
			<usercreated>Admin</usercreated>
			<flags>0</flags>
			<properties>
				<property>
					<name>Title</name>
					<value><![CDATA[Procedure for application of IT Applications]]></value>
				</property>
			</properties>
			<relations/>
			<accesscontrol/>
		</file>
		<file>
			<source>Policies-Files/PS0001.doc</source>
			<destination>Policies-Files/PS0001.doc</destination>
			<type>binary</type>
			<uuidstructure>709e9af1-1dc3-11e7-b808-90fba685ef5f</uuidstructure>
			<uuidresource>709e9af2-1dc3-11e7-b808-90fba685ef5f</uuidresource>
			<datelastmodified>Mon, 10 Apr 2017 07:58:10 GMT</datelastmodified>
			<userlastmodified>Admin</userlastmodified>
			<datecreated>Mon, 10 Apr 2017 07:58:10 GMT</datecreated>
			<usercreated>Admin</usercreated>
			<flags>0</flags>
			<properties>
				<property>
					<name>Title</name>
					<value><![CDATA[PS0001]]></value>
				</property>
			</properties>
			<relations/>
			<accesscontrol/>
		</file>
		<file>
			<source>Policies-Files/PS0002.doc</source>
			<destination>Policies-Files/PS0002.doc</destination>
			<type>binary</type>
			<uuidstructure>70a1a834-1dc3-11e7-b808-90fba685ef5f</uuidstructure>
			<uuidresource>70a1a835-1dc3-11e7-b808-90fba685ef5f</uuidresource>
			<datelastmodified>Mon, 10 Apr 2017 07:58:10 GMT</datelastmodified>
			<userlastmodified>Admin</userlastmodified>
			<datecreated>Mon, 10 Apr 2017 07:58:10 GMT</datecreated>
			<usercreated>Admin</usercreated>
			<flags>0</flags>
			<properties>
				<property>
					<name>Title</name>
					<value><![CDATA[PS0002]]></value>
				</property>
			</properties>
			<relations/>
			<accesscontrol/>
		</file>
		<file>
			<source>Policies-Files/PSER0001.doc</source>
			<destination>Policies-Files/PSER0001.doc</destination>
			<type>binary</type>
			<uuidstructure>70a4dc87-1dc3-11e7-b808-90fba685ef5f</uuidstructure>
			<uuidresource>70a4dc88-1dc3-11e7-b808-90fba685ef5f</uuidresource>
			<datelastmodified>Mon, 10 Apr 2017 07:58:10 GMT</datelastmodified>
			<userlastmodified>Admin</userlastmodified>
			<datecreated>Mon, 10 Apr 2017 07:58:10 GMT</datecreated>
			<usercreated>Admin</usercreated>
			<flags>0</flags>
			<properties>
				<property>
					<name>Title</name>
					<value><![CDATA[PSER0001]]></value>
				</property>
			</properties>
			<relations/>
			<accesscontrol/>
		</file>
		<file>
			<source>Policies-Files/PSW0001.doc</source>
			<destination>Policies-Files/PSW0001.doc</destination>
			<type>binary</type>
			<uuidstructure>70a8860a-1dc3-11e7-b808-90fba685ef5f</uuidstructure>
			<uuidresource>70a8860b-1dc3-11e7-b808-90fba685ef5f</uuidresource>
			<datelastmodified>Mon, 10 Apr 2017 07:58:10 GMT</datelastmodified>
			<userlastmodified>Admin</userlastmodified>
			<datecreated>Mon, 10 Apr 2017 07:58:10 GMT</datecreated>
			<usercreated>Admin</usercreated>
			<flags>0</flags>
			<properties>
				<property>
					<name>Title</name>
					<value><![CDATA[PSW0001]]></value>
				</property>
			</properties>
			<relations/>
			<accesscontrol/>
		</file>
		<file>
			<source>Policies-Files/Sales-Channel-Hierarchy-Consumer-Group-20160211.xlsx</source>
			<destination>Policies-Files/Sales-Channel-Hierarchy-Consumer-Group-20160211.xlsx</destination>
			<type>binary</type>
			<uuidstructure>d8f84c6a-1397-11e7-b2d1-90fba685ef5f</uuidstructure>
			<uuidresource>d8f84c6b-1397-11e7-b2d1-90fba685ef5f</uuidresource>
			<datelastmodified>Tue, 28 Mar 2017 09:20:55 GMT</datelastmodified>
			<userlastmodified>Admin</userlastmodified>
			<datecreated>Tue, 28 Mar 2017 09:20:55 GMT</datecreated>
			<usercreated>Admin</usercreated>
			<flags>0</flags>
			<properties>
				<property>
					<name>Title</name>
					<value><![CDATA[Sales Channel Hierarchy Consumer Group 20160211]]></value>
				</property>
			</properties>
			<relations/>
			<accesscontrol/>
		</file>
		<file>
			<source>Policies-Files/Sales-Channel-Hierarchy-Corporate-20160620.xlsx</source>
			<destination>Policies-Files/Sales-Channel-Hierarchy-Corporate-20160620.xlsx</destination>
			<type>binary</type>
			<uuidstructure>d8fabd6d-1397-11e7-b2d1-90fba685ef5f</uuidstructure>
			<uuidresource>d8fabd6e-1397-11e7-b2d1-90fba685ef5f</uuidresource>
			<datelastmodified>Tue, 28 Mar 2017 09:20:55 GMT</datelastmodified>
			<userlastmodified>Admin</userlastmodified>
			<datecreated>Tue, 28 Mar 2017 09:20:55 GMT</datecreated>
			<usercreated>Admin</usercreated>
			<flags>0</flags>
			<properties>
				<property>
					<name>Title</name>
					<value><![CDATA[Sales Channel Hierarchy Corporate 20160620]]></value>
				</property>
			</properties>
			<relations/>
			<accesscontrol/>
		</file>
		<file>
			<source>Policies-Files/Sales-Channel-Hierarchy-CRM-20161012.xlsx</source>
			<destination>Policies-Files/Sales-Channel-Hierarchy-CRM-20161012.xlsx</destination>
			<type>binary</type>
			<uuidstructure>d8ec8c94-1397-11e7-b2d1-90fba685ef5f</uuidstructure>
			<uuidresource>d8ec8c95-1397-11e7-b2d1-90fba685ef5f</uuidresource>
			<datelastmodified>Tue, 28 Mar 2017 09:20:55 GMT</datelastmodified>
			<userlastmodified>Admin</userlastmodified>
			<datecreated>Tue, 28 Mar 2017 09:20:55 GMT</datecreated>
			<usercreated>Admin</usercreated>
			<flags>0</flags>
			<properties>
				<property>
					<name>Title</name>
					<value><![CDATA[Sales Channel Hierarchy CRM 20161012]]></value>
				</property>
			</properties>
			<relations/>
			<accesscontrol/>
		</file>
		<file>
			<source>Policies-Files/Sales-Channel-Hierarchy-CSO-20160428.xlsx</source>
			<destination>Policies-Files/Sales-Channel-Hierarchy-CSO-20160428.xlsx</destination>
			<type>binary</type>
			<uuidstructure>d8f12077-1397-11e7-b2d1-90fba685ef5f</uuidstructure>
			<uuidresource>d8f12078-1397-11e7-b2d1-90fba685ef5f</uuidresource>
			<datelastmodified>Tue, 28 Mar 2017 09:20:55 GMT</datelastmodified>
			<userlastmodified>Admin</userlastmodified>
			<datecreated>Tue, 28 Mar 2017 09:20:55 GMT</datecreated>
			<usercreated>Admin</usercreated>
			<flags>0</flags>
			<properties>
				<property>
					<name>Title</name>
					<value><![CDATA[Sales Channel Hierarchy CSO 20160428]]></value>
				</property>
			</properties>
			<relations/>
			<accesscontrol/>
		</file>
		<file>
			<source>Policies-Files/Sales-Channel-Hierarchy-Mass-Market-20170206.xls</source>
			<destination>Policies-Files/Sales-Channel-Hierarchy-Mass-Market-20170206.xls</destination>
			<type>binary</type>
			<uuidstructure>d9003bb0-1397-11e7-b2d1-90fba685ef5f</uuidstructure>
			<uuidresource>d9003bb1-1397-11e7-b2d1-90fba685ef5f</uuidresource>
			<datelastmodified>Tue, 28 Mar 2017 09:20:55 GMT</datelastmodified>
			<userlastmodified>Admin</userlastmodified>
			<datecreated>Tue, 28 Mar 2017 09:20:55 GMT</datecreated>
			<usercreated>Admin</usercreated>
			<flags>0</flags>
			<properties>
				<property>
					<name>Title</name>
					<value><![CDATA[Sales Channel Hierarchy Mass Market 20170206]]></value>
				</property>
			</properties>
			<relations/>
			<accesscontrol/>
		</file>
		<file>
			<source>Policies-Files/UCM0001.doc</source>
			<destination>Policies-Files/UCM0001.doc</destination>
			<type>binary</type>
			<uuidstructure>70ac569d-1dc3-11e7-b808-90fba685ef5f</uuidstructure>
			<uuidresource>70ac569e-1dc3-11e7-b808-90fba685ef5f</uuidresource>
			<datelastmodified>Mon, 10 Apr 2017 07:58:10 GMT</datelastmodified>
			<userlastmodified>Admin</userlastmodified>
			<datecreated>Mon, 10 Apr 2017 07:58:10 GMT</datecreated>
			<usercreated>Admin</usercreated>
			<flags>0</flags>
			<properties>
				<property>
					<name>Title</name>
					<value><![CDATA[UCM0001]]></value>
				</property>
			</properties>
			<relations/>
			<accesscontrol/>
		</file>
		<file>
			<source>Policies-Files/UCM0002.doc</source>
			<destination>Policies-Files/UCM0002.doc</destination>
			<type>binary</type>
			<uuidstructure>70b07450-1dc3-11e7-b808-90fba685ef5f</uuidstructure>
			<uuidresource>70b07451-1dc3-11e7-b808-90fba685ef5f</uuidresource>
			<datelastmodified>Mon, 10 Apr 2017 07:58:10 GMT</datelastmodified>
			<userlastmodified>Admin</userlastmodified>
			<datecreated>Mon, 10 Apr 2017 07:58:10 GMT</datecreated>
			<usercreated>Admin</usercreated>
			<flags>0</flags>
			<properties>
				<property>
					<name>Title</name>
					<value><![CDATA[UCM0002]]></value>
				</property>
			</properties>
			<relations/>
			<accesscontrol/>
		</file>
		<file>
			<source>Policies-Files/UE0002.doc</source>
			<destination>Policies-Files/UE0002.doc</destination>
			<type>binary</type>
			<uuidstructure>d9039713-1397-11e7-b2d1-90fba685ef5f</uuidstructure>
			<uuidresource>d9039714-1397-11e7-b2d1-90fba685ef5f</uuidresource>
			<datelastmodified>Tue, 28 Mar 2017 09:20:55 GMT</datelastmodified>
			<userlastmodified>Admin</userlastmodified>
			<datecreated>Tue, 28 Mar 2017 09:20:55 GMT</datecreated>
			<usercreated>Admin</usercreated>
			<flags>0</flags>
			<properties>
				<property>
					<name>Title</name>
					<value><![CDATA[UE0002]]></value>
				</property>
			</properties>
			<relations/>
			<accesscontrol/>
		</file>
		<file>
			<source>Policies-Files/UE0006.doc</source>
			<destination>Policies-Files/UE0006.doc</destination>
			<type>binary</type>
			<uuidstructure>d9112ba6-1397-11e7-b2d1-90fba685ef5f</uuidstructure>
			<uuidresource>d9112ba7-1397-11e7-b2d1-90fba685ef5f</uuidresource>
			<datelastmodified>Tue, 28 Mar 2017 09:20:56 GMT</datelastmodified>
			<userlastmodified>Admin</userlastmodified>
			<datecreated>Tue, 28 Mar 2017 09:20:56 GMT</datecreated>
			<usercreated>Admin</usercreated>
			<flags>0</flags>
			<properties>
				<property>
					<name>Title</name>
					<value><![CDATA[UE0006]]></value>
				</property>
			</properties>
			<relations/>
			<accesscontrol/>
		</file>
		<file>
			<source>Policies-Files/UE0008.doc</source>
			<destination>Policies-Files/UE0008.doc</destination>
			<type>binary</type>
			<uuidstructure>d9174629-1397-11e7-b2d1-90fba685ef5f</uuidstructure>
			<uuidresource>d917462a-1397-11e7-b2d1-90fba685ef5f</uuidresource>
			<datelastmodified>Tue, 28 Mar 2017 09:20:56 GMT</datelastmodified>
			<userlastmodified>Admin</userlastmodified>
			<datecreated>Tue, 28 Mar 2017 09:20:56 GMT</datecreated>
			<usercreated>Admin</usercreated>
			<flags>0</flags>
			<properties>
				<property>
					<name>Title</name>
					<value><![CDATA[UE0008]]></value>
				</property>
			</properties>
			<relations/>
			<accesscontrol/>
		</file>
		<file>
			<source>Policies-Files/UE0009.doc</source>
			<destination>Policies-Files/UE0009.doc</destination>
			<type>binary</type>
			<uuidstructure>d9254fec-1397-11e7-b2d1-90fba685ef5f</uuidstructure>
			<uuidresource>d9254fed-1397-11e7-b2d1-90fba685ef5f</uuidresource>
			<datelastmodified>Tue, 28 Mar 2017 09:20:56 GMT</datelastmodified>
			<userlastmodified>Admin</userlastmodified>
			<datecreated>Tue, 28 Mar 2017 09:20:56 GMT</datecreated>
			<usercreated>Admin</usercreated>
			<flags>0</flags>
			<properties>
				<property>
					<name>Title</name>
					<value><![CDATA[UE0009]]></value>
				</property>
			</properties>
			<relations/>
			<accesscontrol/>
		</file>
		<file>
			<source>Policies-Files/UE0010.doc</source>
			<destination>Policies-Files/UE0010.doc</destination>
			<type>binary</type>
			<uuidstructure>d92ca2ef-1397-11e7-b2d1-90fba685ef5f</uuidstructure>
			<uuidresource>d92ca2f0-1397-11e7-b2d1-90fba685ef5f</uuidresource>
			<datelastmodified>Tue, 28 Mar 2017 09:20:56 GMT</datelastmodified>
			<userlastmodified>Admin</userlastmodified>
			<datecreated>Tue, 28 Mar 2017 09:20:56 GMT</datecreated>
			<usercreated>Admin</usercreated>
			<flags>0</flags>
			<properties>
				<property>
					<name>Title</name>
					<value><![CDATA[UE0010]]></value>
				</property>
			</properties>
			<relations/>
			<accesscontrol/>
		</file>
		<file>
			<source>Policies-Files/UE0011.doc</source>
			<destination>Policies-Files/UE0011.doc</destination>
			<type>binary</type>
			<uuidstructure>d93359b2-1397-11e7-b2d1-90fba685ef5f</uuidstructure>
			<uuidresource>d93359b3-1397-11e7-b2d1-90fba685ef5f</uuidresource>
			<datelastmodified>Tue, 28 Mar 2017 09:20:56 GMT</datelastmodified>
			<userlastmodified>Admin</userlastmodified>
			<datecreated>Tue, 28 Mar 2017 09:20:56 GMT</datecreated>
			<usercreated>Admin</usercreated>
			<flags>0</flags>
			<properties>
				<property>
					<name>Title</name>
					<value><![CDATA[UE0011]]></value>
				</property>
			</properties>
			<relations/>
			<accesscontrol/>
		</file>
		<file>
			<source>Policies-Files/UE0013.doc</source>
			<destination>Policies-Files/UE0013.doc</destination>
			<type>binary</type>
			<uuidstructure>d93666f5-1397-11e7-b2d1-90fba685ef5f</uuidstructure>
			<uuidresource>d93666f6-1397-11e7-b2d1-90fba685ef5f</uuidresource>
			<datelastmodified>Tue, 28 Mar 2017 09:20:56 GMT</datelastmodified>
			<userlastmodified>Admin</userlastmodified>
			<datecreated>Tue, 28 Mar 2017 09:20:56 GMT</datecreated>
			<usercreated>Admin</usercreated>
			<flags>0</flags>
			<properties>
				<property>
					<name>Title</name>
					<value><![CDATA[UE0013]]></value>
				</property>
			</properties>
			<relations/>
			<accesscontrol/>
		</file>
		<file>
			<source>Policies-Files/UE0015.doc</source>
			<destination>Policies-Files/UE0015.doc</destination>
			<type>binary</type>
			<uuidstructure>d93d44c8-1397-11e7-b2d1-90fba685ef5f</uuidstructure>
			<uuidresource>d93d44c9-1397-11e7-b2d1-90fba685ef5f</uuidresource>
			<datelastmodified>Tue, 28 Mar 2017 09:20:56 GMT</datelastmodified>
			<userlastmodified>Admin</userlastmodified>
			<datecreated>Tue, 28 Mar 2017 09:20:56 GMT</datecreated>
			<usercreated>Admin</usercreated>
			<flags>0</flags>
			<properties>
				<property>
					<name>Title</name>
					<value><![CDATA[UE0015]]></value>
				</property>
			</properties>
			<relations/>
			<accesscontrol/>
		</file>
		<file>
			<source>Policies-Files/UE0016.doc</source>
			<destination>Policies-Files/UE0016.doc</destination>
			<type>binary</type>
			<uuidstructure>d940ee4b-1397-11e7-b2d1-90fba685ef5f</uuidstructure>
			<uuidresource>d940ee4c-1397-11e7-b2d1-90fba685ef5f</uuidresource>
			<datelastmodified>Tue, 28 Mar 2017 09:20:56 GMT</datelastmodified>
			<userlastmodified>Admin</userlastmodified>
			<datecreated>Tue, 28 Mar 2017 09:20:56 GMT</datecreated>
			<usercreated>Admin</usercreated>
			<flags>0</flags>
			<properties>
				<property>
					<name>Title</name>
					<value><![CDATA[UE0016]]></value>
				</property>
			</properties>
			<relations/>
			<accesscontrol/>
		</file>
		<file>
			<source>Policies-Files/UE0017.doc</source>
			<destination>Policies-Files/UE0017.doc</destination>
			<type>binary</type>
			<uuidstructure>d94ab24e-1397-11e7-b2d1-90fba685ef5f</uuidstructure>
			<uuidresource>d94ab24f-1397-11e7-b2d1-90fba685ef5f</uuidresource>
			<datelastmodified>Tue, 28 Mar 2017 09:20:56 GMT</datelastmodified>
			<userlastmodified>Admin</userlastmodified>
			<datecreated>Tue, 28 Mar 2017 09:20:56 GMT</datecreated>
			<usercreated>Admin</usercreated>
			<flags>0</flags>
			<properties>
				<property>
					<name>Title</name>
					<value><![CDATA[UE0017]]></value>
				</property>
			</properties>
			<relations/>
			<accesscontrol/>
		</file>
		<file>
			<source>Policies-Files/UI0007.doc</source>
			<destination>Policies-Files/UI0007.doc</destination>
			<type>binary</type>
			<uuidstructure>d950f3e1-1397-11e7-b2d1-90fba685ef5f</uuidstructure>
			<uuidresource>d950f3e2-1397-11e7-b2d1-90fba685ef5f</uuidresource>
			<datelastmodified>Tue, 28 Mar 2017 09:20:56 GMT</datelastmodified>
			<userlastmodified>Admin</userlastmodified>
			<datecreated>Tue, 28 Mar 2017 09:20:56 GMT</datecreated>
			<usercreated>Admin</usercreated>
			<flags>0</flags>
			<properties>
				<property>
					<name>Title</name>
					<value><![CDATA[UI0007]]></value>
				</property>
			</properties>
			<relations/>
			<accesscontrol/>
		</file>
		<file>
			<source>Policies-Files/UI0013.doc</source>
			<destination>Policies-Files/UI0013.doc</destination>
			<type>binary</type>
			<uuidstructure>d9593144-1397-11e7-b2d1-90fba685ef5f</uuidstructure>
			<uuidresource>d9593145-1397-11e7-b2d1-90fba685ef5f</uuidresource>
			<datelastmodified>Tue, 28 Mar 2017 09:20:56 GMT</datelastmodified>
			<userlastmodified>Admin</userlastmodified>
			<datecreated>Tue, 28 Mar 2017 09:20:56 GMT</datecreated>
			<usercreated>Admin</usercreated>
			<flags>0</flags>
			<properties>
				<property>
					<name>Title</name>
					<value><![CDATA[UI0013]]></value>
				</property>
			</properties>
			<relations/>
			<accesscontrol/>
		</file>
		<file>
			<source>Policies-Files/UI0015.doc</source>
			<destination>Policies-Files/UI0015.doc</destination>
			<type>binary</type>
			<uuidstructure>e41e2687-1397-11e7-b2d1-90fba685ef5f</uuidstructure>
			<uuidresource>e41e2688-1397-11e7-b2d1-90fba685ef5f</uuidresource>
			<datelastmodified>Tue, 28 Mar 2017 09:21:14 GMT</datelastmodified>
			<userlastmodified>Admin</userlastmodified>
			<datecreated>Tue, 28 Mar 2017 09:21:14 GMT</datecreated>
			<usercreated>Admin</usercreated>
			<flags>0</flags>
			<properties>
				<property>
					<name>Title</name>
					<value><![CDATA[UI0015]]></value>
				</property>
			</properties>
			<relations/>
			<accesscontrol/>
		</file>
		<file>
			<source>Policies-Files/UIM0002.doc</source>
			<destination>Policies-Files/UIM0002.doc</destination>
			<type>binary</type>
			<uuidstructure>70b3cfb3-1dc3-11e7-b808-90fba685ef5f</uuidstructure>
			<uuidresource>70b3cfb4-1dc3-11e7-b808-90fba685ef5f</uuidresource>
			<datelastmodified>Mon, 10 Apr 2017 07:58:10 GMT</datelastmodified>
			<userlastmodified>Admin</userlastmodified>
			<datecreated>Mon, 10 Apr 2017 07:58:10 GMT</datecreated>
			<usercreated>Admin</usercreated>
			<flags>0</flags>
			<properties>
				<property>
					<name>Title</name>
					<value><![CDATA[UIM0002]]></value>
				</property>
			</properties>
			<relations/>
			<accesscontrol/>
		</file>
		<file>
			<source>Policies-Files/UPM0001.doc</source>
			<destination>Policies-Files/UPM0001.doc</destination>
			<type>binary</type>
			<uuidstructure>70b7ee66-1dc3-11e7-b808-90fba685ef5f</uuidstructure>
			<uuidresource>70b7ee67-1dc3-11e7-b808-90fba685ef5f</uuidresource>
			<datelastmodified>Mon, 10 Apr 2017 07:58:10 GMT</datelastmodified>
			<userlastmodified>Admin</userlastmodified>
			<datecreated>Mon, 10 Apr 2017 07:58:10 GMT</datecreated>
			<usercreated>Admin</usercreated>
			<flags>0</flags>
			<properties>
				<property>
					<name>Title</name>
					<value><![CDATA[UPM0001]]></value>
				</property>
			</properties>
			<relations/>
			<accesscontrol/>
		</file>
		<file>
			<source>Policies-Files/UPM0002.doc</source>
			<destination>Policies-Files/UPM0002.doc</destination>
			<type>binary</type>
			<uuidstructure>70bafba9-1dc3-11e7-b808-90fba685ef5f</uuidstructure>
			<uuidresource>70bafbaa-1dc3-11e7-b808-90fba685ef5f</uuidresource>
			<datelastmodified>Mon, 10 Apr 2017 07:58:10 GMT</datelastmodified>
			<userlastmodified>Admin</userlastmodified>
			<datecreated>Mon, 10 Apr 2017 07:58:10 GMT</datecreated>
			<usercreated>Admin</usercreated>
			<flags>0</flags>
			<properties>
				<property>
					<name>Title</name>
					<value><![CDATA[UPM0002]]></value>
				</property>
			</properties>
			<relations/>
			<accesscontrol/>
		</file>
		<file>
			<source>Policies-Files/UR-Procedure.ppt</source>
			<destination>Policies-Files/UR-Procedure.ppt</destination>
			<type>binary</type>
			<uuidstructure>e432bffa-1397-11e7-b2d1-90fba685ef5f</uuidstructure>
			<uuidresource>e432bffb-1397-11e7-b2d1-90fba685ef5f</uuidresource>
			<datelastmodified>Tue, 28 Mar 2017 09:21:14 GMT</datelastmodified>
			<userlastmodified>Admin</userlastmodified>
			<datecreated>Tue, 28 Mar 2017 09:21:14 GMT</datecreated>
			<usercreated>Admin</usercreated>
			<flags>0</flags>
			<properties>
				<property>
					<name>Title</name>
					<value><![CDATA[UR Procedure]]></value>
				</property>
			</properties>
			<relations/>
			<accesscontrol/>
		</file>
		<file>
			<source>Policies-Files/UR-Report-Guidelines.ppt</source>
			<destination>Policies-Files/UR-Report-Guidelines.ppt</destination>
			<type>binary</type>
			<uuidstructure>e436426d-1397-11e7-b2d1-90fba685ef5f</uuidstructure>
			<uuidresource>e436426e-1397-11e7-b2d1-90fba685ef5f</uuidresource>
			<datelastmodified>Tue, 28 Mar 2017 09:21:14 GMT</datelastmodified>
			<userlastmodified>Admin</userlastmodified>
			<datecreated>Tue, 28 Mar 2017 09:21:14 GMT</datecreated>
			<usercreated>Admin</usercreated>
			<flags>0</flags>
			<properties>
				<property>
					<name>Title</name>
					<value><![CDATA[UR Report Guidelines]]></value>
				</property>
			</properties>
			<relations/>
			<accesscontrol/>
		</file>
		<file>
			<source>Policies-Files/UR-Reports-Manual.doc</source>
			<destination>Policies-Files/UR-Reports-Manual.doc</destination>
			<type>binary</type>
			<uuidstructure>e43b2470-1397-11e7-b2d1-90fba685ef5f</uuidstructure>
			<uuidresource>e43b2471-1397-11e7-b2d1-90fba685ef5f</uuidresource>
			<datelastmodified>Tue, 28 Mar 2017 09:21:14 GMT</datelastmodified>
			<userlastmodified>Admin</userlastmodified>
			<datecreated>Tue, 28 Mar 2017 09:21:14 GMT</datecreated>
			<usercreated>Admin</usercreated>
			<flags>0</flags>
			<properties>
				<property>
					<name>Title</name>
					<value><![CDATA[UR Reports Manual]]></value>
				</property>
			</properties>
			<relations/>
			<accesscontrol/>
		</file>
		<file>
			<source>Policies-Files/UR-System-Guidelines-for-IT-Users.ppt</source>
			<destination>Policies-Files/UR-System-Guidelines-for-IT-Users.ppt</destination>
			<type>binary</type>
			<uuidstructure>e43de393-1397-11e7-b2d1-90fba685ef5f</uuidstructure>
			<uuidresource>e43de394-1397-11e7-b2d1-90fba685ef5f</uuidresource>
			<datelastmodified>Tue, 28 Mar 2017 09:21:14 GMT</datelastmodified>
			<userlastmodified>Admin</userlastmodified>
			<datecreated>Tue, 28 Mar 2017 09:21:14 GMT</datecreated>
			<usercreated>Admin</usercreated>
			<flags>0</flags>
			<properties>
				<property>
					<name>Title</name>
					<value><![CDATA[UR System Guidelines for IT Users]]></value>
				</property>
			</properties>
			<relations/>
			<accesscontrol/>
		</file>
		<file>
			<source>Policies-Files/UR-System-Guidelines-for-Users.ppt</source>
			<destination>Policies-Files/UR-System-Guidelines-for-Users.ppt</destination>
			<type>binary</type>
			<uuidstructure>e442c596-1397-11e7-b2d1-90fba685ef5f</uuidstructure>
			<uuidresource>e442c597-1397-11e7-b2d1-90fba685ef5f</uuidresource>
			<datelastmodified>Tue, 28 Mar 2017 09:21:14 GMT</datelastmodified>
			<userlastmodified>Admin</userlastmodified>
			<datecreated>Tue, 28 Mar 2017 09:21:14 GMT</datecreated>
			<usercreated>Admin</usercreated>
			<flags>0</flags>
			<properties>
				<property>
					<name>Title</name>
					<value><![CDATA[UR System Guidelines for Users]]></value>
				</property>
			</properties>
			<relations/>
			<accesscontrol/>
		</file>
		<file>
			<source>Policies-Files/UR-System-User-Guide-for-IT-Users.doc</source>
			<destination>Policies-Files/UR-System-User-Guide-for-IT-Users.doc</destination>
			<type>binary</type>
			<uuidstructure>e4466f19-1397-11e7-b2d1-90fba685ef5f</uuidstructure>
			<uuidresource>e4466f1a-1397-11e7-b2d1-90fba685ef5f</uuidresource>
			<datelastmodified>Tue, 28 Mar 2017 09:21:14 GMT</datelastmodified>
			<userlastmodified>Admin</userlastmodified>
			<datecreated>Tue, 28 Mar 2017 09:21:14 GMT</datecreated>
			<usercreated>Admin</usercreated>
			<flags>0</flags>
			<properties>
				<property>
					<name>Title</name>
					<value><![CDATA[UR System User Guide for IT Users]]></value>
				</property>
			</properties>
			<relations/>
			<accesscontrol/>
		</file>
		<file>
			<source>Policies-Files/UR-System-User-Guide-for-Users.doc</source>
			<destination>Policies-Files/UR-System-User-Guide-for-Users.doc</destination>
			<type>binary</type>
			<uuidstructure>e466c85c-1397-11e7-b2d1-90fba685ef5f</uuidstructure>
			<uuidresource>e466c85d-1397-11e7-b2d1-90fba685ef5f</uuidresource>
			<datelastmodified>Tue, 28 Mar 2017 09:21:15 GMT</datelastmodified>
			<userlastmodified>Admin</userlastmodified>
			<datecreated>Tue, 28 Mar 2017 09:21:15 GMT</datecreated>
			<usercreated>Admin</usercreated>
			<flags>0</flags>
			<properties>
				<property>
					<name>Title</name>
					<value><![CDATA[UR System User Guide for Users]]></value>
				</property>
			</properties>
			<relations/>
			<accesscontrol/>
		</file>
		<file>
			<source>Policies-Files/US0009.docx</source>
			<destination>Policies-Files/US0009.docx</destination>
			<type>binary</type>
			<uuidstructure>e473246f-1397-11e7-b2d1-90fba685ef5f</uuidstructure>
			<uuidresource>e4732470-1397-11e7-b2d1-90fba685ef5f</uuidresource>
			<datelastmodified>Tue, 28 Mar 2017 09:21:15 GMT</datelastmodified>
			<userlastmodified>Admin</userlastmodified>
			<datecreated>Tue, 28 Mar 2017 09:21:15 GMT</datecreated>
			<usercreated>Admin</usercreated>
			<flags>0</flags>
			<properties>
				<property>
					<name>Title</name>
					<value><![CDATA[US0009]]></value>
				</property>
			</properties>
			<relations/>
			<accesscontrol/>
		</file>
		<file>
			<source>Policies-Files/Word-2010.xls</source>
			<destination>Policies-Files/Word-2010.xls</destination>
			<type>binary</type>
			<uuidstructure>e479db32-1397-11e7-b2d1-90fba685ef5f</uuidstructure>
			<uuidresource>e479db33-1397-11e7-b2d1-90fba685ef5f</uuidresource>
			<datelastmodified>Tue, 28 Mar 2017 09:21:15 GMT</datelastmodified>
			<userlastmodified>Admin</userlastmodified>
			<datecreated>Tue, 28 Mar 2017 09:21:15 GMT</datecreated>
			<usercreated>Admin</usercreated>
			<flags>0</flags>
			<properties>
				<property>
					<name>Title</name>
					<value><![CDATA[Word 2010]]></value>
				</property>
			</properties>
			<relations/>
			<accesscontrol/>
		</file>
	</files>
	<projects>
		<project>
			<name>Offline</name>
			<description><![CDATA[The Offline Project]]></description>
			<usersgroup>Users</usersgroup>
			<managersgroup>Users</managersgroup>
			<resources>
				<resource>/</resource>
			</resources>
		</project>
	</projects>
</export>
