<?xml version="1.0" encoding="UTF-8"?>

<export>
	<info>
		<infoproject>Offline</infoproject>
		<export_version>10</export_version>
	</info>
	<module>
		<name>org.opencms.apollo.template.list</name>
		<nicename><![CDATA[Apollo Template Generic List]]></nicename>
		<group>Apollo Template</group>
		<class/>
		<import-site>/</import-site>
		<export-mode name="reduced"/>
		<description><![CDATA[The OpenCms 10 Apollo template list extension.]]></description>
		<version>10.5.1</version>
		<authorname><![CDATA[Alkacon Software GmbH & Co. KG]]></authorname>
		<authoremail/>
		<datecreated/>
		<userinstalled/>
		<dateinstalled/>
		<dependencies>
			<dependency name="org.opencms.apollo.template.core" version="10.5.1"/>
		</dependencies>
		<exportpoints>
			<exportpoint uri="/system/modules/org.opencms.apollo.template.list/tags/" destination="WEB-INF/tags/apollo/"/>
		</exportpoints>
		<resources>
			<resource uri="/system/workplace/resources/filetypes/a-list.png"/>
			<resource uri="/system/workplace/resources/filetypes/a-list_big.png"/>
			<resource uri="/system/modules/org.opencms.apollo.template.list/"/>
			<resource uri="/system/modules/org.opencms.apollo/formatters/list-archive-filter.jsp"/>
			<resource uri="/system/modules/org.opencms.apollo/formatters/list-archive-filter.xml"/>
			<resource uri="/system/modules/org.opencms.apollo/formatters/list-facets.jsp"/>
			<resource uri="/system/modules/org.opencms.apollo/formatters/list-facets.xml"/>
			<resource uri="/system/modules/org.opencms.apollo/formatters/list-dynamic.jsp"/>
			<resource uri="/system/modules/org.opencms.apollo/formatters/list-dynamic.xml"/>
			<resource uri="/system/modules/org.opencms.apollo/formatters/list-simple.jsp"/>
			<resource uri="/system/modules/org.opencms.apollo/formatters/list-simple.xml"/>
			<resource uri="/system/modules/org.opencms.apollo/i18n/org.opencms.apollo.template.list.messages_de"/>
			<resource uri="/system/modules/org.opencms.apollo/i18n/org.opencms.apollo.template.list.messages_en"/>
			<resource uri="/system/modules/org.opencms.apollo/elements/list-ajax.jsp"/>
			<resource uri="/system/modules/org.opencms.apollo/schemas/list.xsd"/>
			<resource uri="/system/modules/org.opencms.apollo/tags/list-facetbutton.tag"/>
			<resource uri="/system/modules/org.opencms.apollo/tags/list-facetrow.tag"/>
			<resource uri="/system/modules/org.opencms.apollo/tags/list-item-compact.tag"/>
			<resource uri="/system/modules/org.opencms.apollo/tags/list-loadbutton.tag"/>
			<resource uri="/system/modules/org.opencms.apollo/tags/list-main.tag"/>
			<resource uri="/system/modules/org.opencms.apollo/tags/list-messages.tag"/>
			<resource uri="/system/modules/org.opencms.apollo/tags/list-pagination.tag"/>
			<resource uri="/system/modules/org.opencms.apollo/tags/list-search.tag"/>
			<resource uri="/system/modules/org.opencms.apollo/tags/list-sortbutton.tag"/>
		</resources>
		<excluderesources/>
		<parameters/>
		<resourcetypes>
			<type class="org.opencms.file.types.CmsResourceTypeXmlContent" name="a-list" id="460">
				<param name="schema">/system/modules/org.opencms.apollo/schemas/list.xsd</param>
			</type>
		</resourcetypes>
		<explorertypes>
			<explorertype name="a-list" key="fileicon.a-list" icon="a-list.png" bigicon="a-list_big.png" reference="xmlcontent">
				<newresource page="a-menu" uri="newresource_xmlcontent.jsp?newresourcetype=a-list" order="90" autosetnavigation="false" autosettitle="false" info="desc.a-list" key="title.a-list"/>
			</explorertype>
		</explorertypes>
	</module>
	<files>
		<file>
			<destination>system</destination>
			<type>folder</type>
			<properties/>
		</file>
		<file>
			<destination>system/modules</destination>
			<type>folder</type>
			<properties/>
		</file>
		<file>
			<destination>system/modules/org.opencms.apollo.template.list</destination>
			<type>folder</type>
			<uuidstructure>75a5aa57-750b-11e6-afc1-0242ac11002b</uuidstructure>
			<datecreated>Wed, 07 Sep 2016 14:57:56 GMT</datecreated>
			<flags>0</flags>
			<properties/>
			<relations/>
			<accesscontrol/>
		</file>
		<file>
			<source>system/modules/org.opencms.apollo.template.list/.config</source>
			<destination>system/modules/org.opencms.apollo.template.list/.config</destination>
			<type>module_config</type>
			<uuidstructure>f336257a-750f-11e6-afc1-0242ac11002b</uuidstructure>
			<uuidresource>f336257b-750f-11e6-afc1-0242ac11002b</uuidresource>
			<datecreated>Wed, 07 Sep 2016 15:30:04 GMT</datecreated>
			<flags>0</flags>
			<properties>
				<property>
					<name>locale</name>
					<value><![CDATA[en]]></value>
				</property>
				<property>
					<name>locale-available</name>
					<value><![CDATA[en]]></value>
				</property>
				<property>
					<name>search.exclude</name>
					<value><![CDATA[all]]></value>
				</property>
			</properties>
			<relations/>
			<accesscontrol/>
		</file>
		<file>
			<destination>system/modules/org.opencms.apollo</destination>
			<type>folder</type>
			<properties/>
		</file>
		<file>
			<destination>system/modules/org.opencms.apollo/elements</destination>
			<type>folder</type>
			<properties/>
		</file>
		<file>
			<source>system/modules/org.opencms.apollo/elements/list-ajax.jsp</source>
			<destination>system/modules/org.opencms.apollo/elements/list-ajax.jsp</destination>
			<type>jsp</type>
			<uuidstructure>2f117c9d-3dc7-11e6-b70e-0242ac11002b</uuidstructure>
			<uuidresource>2f117c9e-3dc7-11e6-b70e-0242ac11002b</uuidresource>
			<datecreated>Wed, 29 Jun 2016 07:00:37 GMT</datecreated>
			<flags>0</flags>
			<properties>
				<property>
					<name>Title</name>
					<value><![CDATA[Ajax element for dynamic list loading]]></value>
				</property>
				<property type="shared">
					<name>export</name>
					<value><![CDATA[false]]></value>
				</property>
			</properties>
			<relations/>
			<accesscontrol/>
		</file>
		<file>
			<destination>system/modules/org.opencms.apollo/formatters</destination>
			<type>folder</type>
			<properties/>
		</file>
		<file>
			<source>system/modules/org.opencms.apollo/formatters/list-archive-filter.jsp</source>
			<destination>system/modules/org.opencms.apollo/formatters/list-archive-filter.jsp</destination>
			<type>jsp</type>
			<uuidstructure>1dde2909-2704-11e6-9192-0242ac11002b</uuidstructure>
			<uuidresource>1dde290a-2704-11e6-9192-0242ac11002b</uuidresource>
			<datecreated>Tue, 31 May 2016 07:48:51 GMT</datecreated>
			<flags>0</flags>
			<properties>
				<property>
					<name>Title</name>
					<value><![CDATA[Formatter JSP for list archive filters]]></value>
				</property>
				<property>
					<name>cache</name>
					<value><![CDATA[container-element;locale]]></value>
				</property>
				<property type="shared">
					<name>export</name>
					<value><![CDATA[false]]></value>
				</property>
			</properties>
			<relations/>
			<accesscontrol/>
		</file>
		<file>
			<source>system/modules/org.opencms.apollo/formatters/list-archive-filter.xml</source>
			<destination>system/modules/org.opencms.apollo/formatters/list-archive-filter.xml</destination>
			<type>formatter_config</type>
			<uuidstructure>448925ad-2704-11e6-9192-0242ac11002b</uuidstructure>
			<uuidresource>448925ae-2704-11e6-9192-0242ac11002b</uuidresource>
			<datecreated>Tue, 31 May 2016 07:49:56 GMT</datecreated>
			<flags>0</flags>
			<properties>
				<property>
					<name>Title</name>
					<value><![CDATA[Dynamic list: Archive filter]]></value>
				</property>
				<property>
					<name>locale</name>
					<value><![CDATA[en]]></value>
				</property>
				<property>
					<name>locale-available</name>
					<value><![CDATA[en]]></value>
				</property>
				<property>
					<name>search.exclude</name>
					<value><![CDATA[all]]></value>
				</property>
			</properties>
			<relations/>
			<accesscontrol/>
		</file>
		<file>
			<source>system/modules/org.opencms.apollo/formatters/list-dynamic.jsp</source>
			<destination>system/modules/org.opencms.apollo/formatters/list-dynamic.jsp</destination>
			<type>jsp</type>
			<uuidstructure>d2619f72-5871-11e5-b803-0242ac11002b</uuidstructure>
			<uuidresource>d2619f73-5871-11e5-b803-0242ac11002b</uuidresource>
			<datecreated>Fri, 11 Sep 2015 10:42:38 GMT</datecreated>
			<flags>0</flags>
			<properties>
				<property>
					<name>Title</name>
					<value><![CDATA[Formatter JSP for dynamic list]]></value>
				</property>
				<property>
					<name>cache</name>
					<value><![CDATA[container-element;locale]]></value>
				</property>
				<property type="shared">
					<name>export</name>
					<value><![CDATA[false]]></value>
				</property>
			</properties>
			<relations/>
			<accesscontrol/>
		</file>
		<file>
			<source>system/modules/org.opencms.apollo/formatters/list-dynamic.xml</source>
			<destination>system/modules/org.opencms.apollo/formatters/list-dynamic.xml</destination>
			<type>formatter_config</type>
			<uuidstructure>008497fe-3dc5-11e6-b70e-0242ac11002b</uuidstructure>
			<uuidresource>008497ff-3dc5-11e6-b70e-0242ac11002b</uuidresource>
			<datecreated>Wed, 29 Jun 2016 06:45:00 GMT</datecreated>
			<flags>0</flags>
			<properties>
				<property>
					<name>Title</name>
					<value><![CDATA[Dynamic list]]></value>
				</property>
				<property>
					<name>locale</name>
					<value><![CDATA[en]]></value>
				</property>
			</properties>
			<relations/>
			<accesscontrol/>
		</file>
		<file>
			<source>system/modules/org.opencms.apollo/formatters/list-facets.jsp</source>
			<destination>system/modules/org.opencms.apollo/formatters/list-facets.jsp</destination>
			<type>jsp</type>
			<uuidstructure>de7ed78f-41cb-11e6-b24c-0242ac11002b</uuidstructure>
			<uuidresource>de7ed790-41cb-11e6-b24c-0242ac11002b</uuidresource>
			<datecreated>Mon, 04 Jul 2016 09:44:14 GMT</datecreated>
			<flags>0</flags>
			<properties>
				<property>
					<name>Title</name>
					<value><![CDATA[Formatter JSP for list factes]]></value>
				</property>
				<property>
					<name>cache</name>
					<value><![CDATA[container-element;locale]]></value>
				</property>
				<property type="shared">
					<name>export</name>
					<value><![CDATA[false]]></value>
				</property>
			</properties>
			<relations/>
			<accesscontrol/>
		</file>
		<file>
			<source>system/modules/org.opencms.apollo/formatters/list-facets.xml</source>
			<destination>system/modules/org.opencms.apollo/formatters/list-facets.xml</destination>
			<type>formatter_config</type>
			<uuidstructure>de8c9333-41cb-11e6-b24c-0242ac11002b</uuidstructure>
			<uuidresource>de8c9334-41cb-11e6-b24c-0242ac11002b</uuidresource>
			<datecreated>Mon, 04 Jul 2016 09:44:14 GMT</datecreated>
			<flags>0</flags>
			<properties>
				<property>
					<name>Title</name>
					<value><![CDATA[Dynamic list: Sort / category filter ]]></value>
				</property>
				<property>
					<name>locale</name>
					<value><![CDATA[en]]></value>
				</property>
				<property>
					<name>locale-available</name>
					<value><![CDATA[en]]></value>
				</property>
				<property>
					<name>search.exclude</name>
					<value><![CDATA[all]]></value>
				</property>
			</properties>
			<relations/>
			<accesscontrol/>
		</file>
		<file>
			<source>system/modules/org.opencms.apollo/formatters/list-simple.jsp</source>
			<destination>system/modules/org.opencms.apollo/formatters/list-simple.jsp</destination>
			<type>jsp</type>
			<uuidstructure>fe8cbd59-33cc-11e6-b2da-0242ac11002b</uuidstructure>
			<uuidresource>fe8cbd5a-33cc-11e6-b2da-0242ac11002b</uuidresource>
			<datecreated>Thu, 16 Jun 2016 14:17:01 GMT</datecreated>
			<flags>0</flags>
			<properties>
				<property>
					<name>Title</name>
					<value><![CDATA[Formatter JSP for simple lists]]></value>
				</property>
				<property>
					<name>cache</name>
					<value><![CDATA[container-element;locale]]></value>
				</property>
				<property type="shared">
					<name>export</name>
					<value><![CDATA[false]]></value>
				</property>
			</properties>
			<relations/>
			<accesscontrol/>
		</file>
		<file>
			<source>system/modules/org.opencms.apollo/formatters/list-simple.xml</source>
			<destination>system/modules/org.opencms.apollo/formatters/list-simple.xml</destination>
			<type>formatter_config</type>
			<uuidstructure>fe96815d-33cc-11e6-b2da-0242ac11002b</uuidstructure>
			<uuidresource>fe96815e-33cc-11e6-b2da-0242ac11002b</uuidresource>
			<datecreated>Thu, 16 Jun 2016 14:17:01 GMT</datecreated>
			<flags>0</flags>
			<properties>
				<property>
					<name>Title</name>
					<value><![CDATA[Static list]]></value>
				</property>
				<property>
					<name>locale</name>
					<value><![CDATA[en]]></value>
				</property>
				<property>
					<name>locale-available</name>
					<value><![CDATA[en]]></value>
				</property>
				<property>
					<name>search.exclude</name>
					<value><![CDATA[all]]></value>
				</property>
			</properties>
			<relations/>
			<accesscontrol/>
		</file>
		<file>
			<destination>system/modules/org.opencms.apollo/i18n</destination>
			<type>folder</type>
			<properties/>
		</file>
		<file>
			<source>system/modules/org.opencms.apollo/i18n/org.opencms.apollo.template.list.messages_de</source>
			<destination>system/modules/org.opencms.apollo/i18n/org.opencms.apollo.template.list.messages_de</destination>
			<type>propertyvfsbundle</type>
			<uuidstructure>e4dfa8af-ada9-11e6-a18e-0242ac11002b</uuidstructure>
			<uuidresource>e4dfa8b0-ada9-11e6-a18e-0242ac11002b</uuidresource>
			<datecreated>Fri, 18 Nov 2016 16:13:08 GMT</datecreated>
			<flags>0</flags>
			<properties>
				<property>
					<name>content-encoding</name>
					<value><![CDATA[UTF-8]]></value>
				</property>
				<property type="shared">
					<name>content-encoding</name>
					<value><![CDATA[UTF-8]]></value>
				</property>
				<property>
					<name>search.exclude</name>
					<value><![CDATA[all]]></value>
				</property>
			</properties>
			<relations/>
			<accesscontrol/>
		</file>
		<file>
			<source>system/modules/org.opencms.apollo/i18n/org.opencms.apollo.template.list.messages_en</source>
			<destination>system/modules/org.opencms.apollo/i18n/org.opencms.apollo.template.list.messages_en</destination>
			<type>propertyvfsbundle</type>
			<uuidstructure>e4e15662-ada9-11e6-a18e-0242ac11002b</uuidstructure>
			<uuidresource>e4e15663-ada9-11e6-a18e-0242ac11002b</uuidresource>
			<datecreated>Fri, 18 Nov 2016 16:13:08 GMT</datecreated>
			<flags>0</flags>
			<properties>
				<property>
					<name>content-encoding</name>
					<value><![CDATA[UTF-8]]></value>
				</property>
				<property type="shared">
					<name>content-encoding</name>
					<value><![CDATA[UTF-8]]></value>
				</property>
				<property>
					<name>search.exclude</name>
					<value><![CDATA[all]]></value>
				</property>
			</properties>
			<relations/>
			<accesscontrol/>
		</file>
		<file>
			<destination>system/modules/org.opencms.apollo/schemas</destination>
			<type>folder</type>
			<properties/>
		</file>
		<file>
			<source>system/modules/org.opencms.apollo/schemas/list.xsd</source>
			<destination>system/modules/org.opencms.apollo/schemas/list.xsd</destination>
			<type>plain</type>
			<uuidstructure>7c56cd3d-57d2-11e5-b803-0242ac11002b</uuidstructure>
			<uuidresource>7c56cd3e-57d2-11e5-b803-0242ac11002b</uuidresource>
			<datecreated>Thu, 10 Sep 2015 15:42:04 GMT</datecreated>
			<flags>0</flags>
			<properties>
				<property>
					<name>Title</name>
					<value><![CDATA[XSD for a list]]></value>
				</property>
			</properties>
			<relations/>
			<accesscontrol/>
		</file>
		<file>
			<destination>system/modules/org.opencms.apollo/tags</destination>
			<type>folder</type>
			<properties/>
		</file>
		<file>
			<source>system/modules/org.opencms.apollo/tags/list-facetbutton.tag</source>
			<destination>system/modules/org.opencms.apollo/tags/list-facetbutton.tag</destination>
			<type>jsp</type>
			<uuidstructure>6bb27d9a-3dc5-11e6-b70e-0242ac11002b</uuidstructure>
			<uuidresource>6bb27d9b-3dc5-11e6-b70e-0242ac11002b</uuidresource>
			<datecreated>Wed, 29 Jun 2016 06:48:00 GMT</datecreated>
			<flags>0</flags>
			<properties>
				<property>
					<name>Title</name>
					<value><![CDATA[Generates a facet options dropdown button for the list]]></value>
				</property>
			</properties>
			<relations/>
			<accesscontrol/>
		</file>
		<file>
			<source>system/modules/org.opencms.apollo/tags/list-facetrow.tag</source>
			<destination>system/modules/org.opencms.apollo/tags/list-facetrow.tag</destination>
			<type>jsp</type>
			<uuidstructure>6bb95b6c-3dc5-11e6-b70e-0242ac11002b</uuidstructure>
			<uuidresource>6bb95b6d-3dc5-11e6-b70e-0242ac11002b</uuidresource>
			<datecreated>Wed, 29 Jun 2016 06:48:00 GMT</datecreated>
			<flags>0</flags>
			<properties>
				<property>
					<name>Title</name>
					<value><![CDATA[Displays a series of facet and sort buttons for the list]]></value>
				</property>
			</properties>
			<relations/>
			<accesscontrol/>
		</file>
		<file>
			<source>system/modules/org.opencms.apollo/tags/list-item-compact.tag</source>
			<destination>system/modules/org.opencms.apollo/tags/list-item-compact.tag</destination>
			<type>jsp</type>
			<uuidstructure>c62773e4-7044-11e6-9a42-0242ac11002b</uuidstructure>
			<uuidresource>c627e915-7044-11e6-9a42-0242ac11002b</uuidresource>
			<datecreated>Thu, 01 Sep 2016 13:05:36 GMT</datecreated>
			<flags>0</flags>
			<properties>
				<property>
					<name>Title</name>
					<value><![CDATA[Displays a 'compact list teaser' from the given content]]></value>
				</property>
			</properties>
			<relations/>
			<accesscontrol/>
		</file>
		<file>
			<source>system/modules/org.opencms.apollo/tags/list-loadbutton.tag</source>
			<destination>system/modules/org.opencms.apollo/tags/list-loadbutton.tag</destination>
			<type>jsp</type>
			<uuidstructure>6bc0122e-3dc5-11e6-b70e-0242ac11002b</uuidstructure>
			<uuidresource>6bc0122f-3dc5-11e6-b70e-0242ac11002b</uuidresource>
			<datecreated>Wed, 29 Jun 2016 06:48:00 GMT</datecreated>
			<flags>0</flags>
			<properties>
				<property>
					<name>Title</name>
					<value><![CDATA[Displays a 'load more' button for dynamic list search results]]></value>
				</property>
			</properties>
			<relations/>
			<accesscontrol/>
		</file>
		<file>
			<source>system/modules/org.opencms.apollo/tags/list-main.tag</source>
			<destination>system/modules/org.opencms.apollo/tags/list-main.tag</destination>
			<type>jsp</type>
			<uuidstructure>6bd261b2-3dc5-11e6-b70e-0242ac11002b</uuidstructure>
			<uuidresource>6bd261b3-3dc5-11e6-b70e-0242ac11002b</uuidresource>
			<datecreated>Wed, 29 Jun 2016 06:48:00 GMT</datecreated>
			<flags>0</flags>
			<properties>
				<property>
					<name>Title</name>
					<value><![CDATA[Searches for resources and displays the results]]></value>
				</property>
			</properties>
			<relations/>
			<accesscontrol/>
		</file>
		<file>
			<source>system/modules/org.opencms.apollo/tags/list-messages.tag</source>
			<destination>system/modules/org.opencms.apollo/tags/list-messages.tag</destination>
			<type>jsp</type>
			<uuidstructure>7e639da7-e9c7-11e6-b1ea-0242ac11002b</uuidstructure>
			<uuidresource>7e639da8-e9c7-11e6-b1ea-0242ac11002b</uuidresource>
			<datecreated>Fri, 03 Feb 2017 04:16:10 GMT</datecreated>
			<flags>0</flags>
			<properties>
				<property>
					<name>Title</name>
					<value><![CDATA[Displays the 'empty' list message and other messages used for the list]]></value>
				</property>
			</properties>
			<relations/>
			<accesscontrol/>
		</file>
		<file>
			<source>system/modules/org.opencms.apollo/tags/list-pagination.tag</source>
			<destination>system/modules/org.opencms.apollo/tags/list-pagination.tag</destination>
			<type>jsp</type>
			<uuidstructure>6bc73e20-3dc5-11e6-b70e-0242ac11002b</uuidstructure>
			<uuidresource>6bc73e21-3dc5-11e6-b70e-0242ac11002b</uuidresource>
			<datecreated>Wed, 29 Jun 2016 06:48:00 GMT</datecreated>
			<flags>0</flags>
			<properties>
				<property>
					<name>Title</name>
					<value><![CDATA[Generates a pagination based on search results]]></value>
				</property>
			</properties>
			<relations/>
			<accesscontrol/>
		</file>
		<file>
			<source>system/modules/org.opencms.apollo/tags/list-search.tag</source>
			<destination>system/modules/org.opencms.apollo/tags/list-search.tag</destination>
			<type>jsp</type>
			<uuidstructure>6432ffcb-345f-11e6-b2da-0242ac11002b</uuidstructure>
			<uuidresource>6432ffcc-345f-11e6-b2da-0242ac11002b</uuidresource>
			<datecreated>Fri, 17 Jun 2016 07:44:58 GMT</datecreated>
			<flags>0</flags>
			<properties>
				<property>
					<name>Title</name>
					<value><![CDATA[Generates the list search configuration and triggers the search]]></value>
				</property>
			</properties>
			<relations/>
			<accesscontrol/>
		</file>
		<file>
			<source>system/modules/org.opencms.apollo/tags/list-sortbutton.tag</source>
			<destination>system/modules/org.opencms.apollo/tags/list-sortbutton.tag</destination>
			<type>jsp</type>
			<uuidstructure>6b9c8494-3dc5-11e6-b70e-0242ac11002b</uuidstructure>
			<uuidresource>6b9c8495-3dc5-11e6-b70e-0242ac11002b</uuidresource>
			<datecreated>Wed, 29 Jun 2016 06:48:00 GMT</datecreated>
			<flags>0</flags>
			<properties>
				<property>
					<name>Title</name>
					<value><![CDATA[Generates a sort options dropdown button for the list]]></value>
				</property>
			</properties>
			<relations/>
			<accesscontrol/>
		</file>
		<file>
			<destination>system/workplace</destination>
			<type>folder</type>
			<properties/>
		</file>
		<file>
			<destination>system/workplace/resources</destination>
			<type>folder</type>
			<properties/>
		</file>
		<file>
			<destination>system/workplace/resources/filetypes</destination>
			<type>folder</type>
			<properties/>
		</file>
		<file>
			<source>system/workplace/resources/filetypes/a-list.png</source>
			<destination>system/workplace/resources/filetypes/a-list.png</destination>
			<type>image</type>
			<uuidstructure>7c5ebb80-57d2-11e5-b803-0242ac11002b</uuidstructure>
			<uuidresource>1a336564-57d3-11e5-b803-0242ac11002b</uuidresource>
			<datecreated>Thu, 10 Sep 2015 15:46:29 GMT</datecreated>
			<flags>0</flags>
			<properties>
				<property type="shared">
					<name>image.size</name>
					<value><![CDATA[w:16,h:16]]></value>
				</property>
			</properties>
			<relations/>
			<accesscontrol/>
		</file>
		<file>
			<source>system/workplace/resources/filetypes/a-list_big.png</source>
			<destination>system/workplace/resources/filetypes/a-list_big.png</destination>
			<type>image</type>
			<uuidstructure>7c61efd4-57d2-11e5-b803-0242ac11002b</uuidstructure>
			<uuidresource>24139ff9-57d3-11e5-b803-0242ac11002b</uuidresource>
			<datecreated>Thu, 10 Sep 2015 15:46:45 GMT</datecreated>
			<flags>0</flags>
			<properties>
				<property type="shared">
					<name>image.size</name>
					<value><![CDATA[w:24,h:24]]></value>
				</property>
			</properties>
			<relations/>
			<accesscontrol/>
		</file>
	</files>
</export>
