<?xml version="1.0" encoding="UTF-8"?>

<export>
	<info>
		<creator>Admin</creator>
		<opencms_version>10.5.1</opencms_version>
		<createdate>Tue, 18 Apr 2017 09:01:26 GMT</createdate>
		<infoproject>Offline</infoproject>
		<export_version>10</export_version>
	</info>
	<files>
		<file>
			<destination>Useful-Forms</destination>
			<type>folder</type>
			<uuidstructure>2e74f30b-0ac9-11e7-b2d1-90fba685ef5f</uuidstructure>
			<datelastmodified>Fri, 07 Apr 2017 07:12:38 GMT</datelastmodified>
			<userlastmodified>Admin</userlastmodified>
			<datecreated>Fri, 17 Mar 2017 04:21:24 GMT</datecreated>
			<usercreated>Admin</usercreated>
			<flags>0</flags>
			<properties>
				<property>
					<name>NavInfo</name>
					<value><![CDATA[ignoreInDefaultNav]]></value>
				</property>
				<property>
					<name>NavPos</name>
					<value><![CDATA[31.338749]]></value>
				</property>
				<property>
					<name>NavText</name>
					<value><![CDATA[Useful Forms]]></value>
				</property>
				<property>
					<name>Title</name>
					<value><![CDATA[Useful Forms]]></value>
				</property>
				<property type="shared">
					<name>Title</name>
					<value><![CDATA[page]]></value>
				</property>
			</properties>
			<relations/>
			<accesscontrol/>
		</file>
		<file>
			<source>Useful-Forms/index.html</source>
			<destination>Useful-Forms/index.html</destination>
			<type>containerpage</type>
			<uuidstructure>2e7f0531-0ac9-11e7-b2d1-90fba685ef5f</uuidstructure>
			<uuidresource>2e7f0532-0ac9-11e7-b2d1-90fba685ef5f</uuidresource>
			<datelastmodified>Tue, 11 Apr 2017 08:23:45 GMT</datelastmodified>
			<userlastmodified>Admin</userlastmodified>
			<datecreated>Fri, 17 Mar 2017 04:21:24 GMT</datecreated>
			<usercreated>Admin</usercreated>
			<flags>0</flags>
			<properties>
				<property>
					<name>Description_de</name>
					<value><![CDATA[Klassisches Layout mit linker Navigationsspalte.]]></value>
				</property>
				<property>
					<name>Title</name>
					<value><![CDATA[Useful Forms]]></value>
				</property>
				<property>
					<name>Title_de</name>
					<value><![CDATA[Apollo Template: Navigation links]]></value>
				</property>
				<property>
					<name>apollo.title.prefix</name>
					<value><![CDATA[BPU Intranet |]]></value>
				</property>
			</properties>
			<relations/>
			<accesscontrol/>
		</file>
	</files>
	<projects>
		<project>
			<name>Offline</name>
			<description><![CDATA[The Offline Project]]></description>
			<usersgroup>Users</usersgroup>
			<managersgroup>Users</managersgroup>
			<resources>
				<resource>/</resource>
			</resources>
		</project>
	</projects>
</export>
