<?xml version="1.0" encoding="UTF-8"?>

<export>
	<info>
		<creator>Admin</creator>
		<opencms_version>10.5.1</opencms_version>
		<createdate>Tue, 18 Apr 2017 04:32:26 GMT</createdate>
		<infoproject>Offline</infoproject>
		<export_version>10</export_version>
	</info>
	<accounts>
		<orgunits>
			<orgunit>
				<name/>
				<description><![CDATA[%(key.GUI_ORGUNIT_ROOT_DESCRIPTION_0)]]></description>
				<flags>0</flags>
				<resources>
					<resource>/</resource>
				</resources>
				<groups>
					<group>
						<name>Administrators</name>
						<description><![CDATA[%(key.GUI_DEFAULTGROUP_ROOT_ADMINS_DESCRIPTION_0)]]></description>
						<flags>1024</flags>
						<parentgroup/>
					</group>
					<group>
						<name>Guests</name>
						<description><![CDATA[%(key.GUI_DEFAULTGROUP_ROOT_GUESTS_DESCRIPTION_0)]]></description>
						<flags>0</flags>
						<parentgroup/>
					</group>
					<group>
						<name>Users</name>
						<description><![CDATA[%(key.GUI_DEFAULTGROUP_ROOT_USERS_DESCRIPTION_0)]]></description>
						<flags>25600</flags>
						<parentgroup/>
					</group>
				</groups>
				<users>
					<user>
						<name>Admin</name>
						<password><![CDATA[JHMwJGUwODAxJFFRbmlIcWxvTEx4ZGF0WFpDeTdSdlE9PSQ5MENuUTNwODZWbHlSTGk2MkRqOUpyM2JENXNRTktnQWFUdXBvaXJ3VDNjPQ==]]></password>
						<firstname> </firstname>
						<lastname> </lastname>
						<email> </email>
						<flags>0</flags>
						<datecreated>1489462315565</datecreated>
						<userinfo>
							<entry name="ADE_DELETED_LIST" type="java.lang.String"><![CDATA[[]]]></entry>
							<entry name="ADE_FAVORITE_LIST" type="java.lang.String"><![CDATA[[{"formatter":"e41c23a6-eec7-11e5-a02c-0242ac11002b","properties":{"element_instance_id":"67a0d681-a897-11e5-b3e7-0242ac11002b","source_containerpage_id":"b52c5c3a-6088-11e5-9eef-0242ac11002b","showcopyright":"false","formatterSettings#":"e41c23a6-eec7-11e5-a02c-0242ac11002b","showtext":"false","showsubtitle":"false","ieffect":"ap-shadow-animation ap-kenburns-animation","showlink":"false"},"element":"0ca8b0a3-6075-11e5-9eef-0242ac11002b"},{"formatter":"38096d36-ec62-11e5-af37-0242ac11002b","properties":{"element_instance_id":"373ff255-086b-11e7-affc-90fba685ef5f","wrapperclass":"bg-blue","source_containerpage_id":"8dd53d00-0869-11e7-affc-90fba685ef5f","formatterSettings#":"34e11309-eaaf-11e5-99f8-0242ac11002b"},"element":"393b4d26-086b-11e7-affc-90fba685ef5f"}]]]></entry>
							<entry name="ADE_MODIFIED_LIST" type="java.lang.String"><![CDATA[["3aba0fd5-0869-11e7-affc-90fba685ef5f","e8721bc5-0869-11e7-affc-90fba685ef5f","e28eff68-0869-11e7-affc-90fba685ef5f","fcf23772-0869-11e7-affc-90fba685ef5f","5d43483d-086c-11e7-affc-90fba685ef5f","2e32aa08-0869-11e7-affc-90fba685ef5f","183b7fac-0869-11e7-affc-90fba685ef5f","2872a60a-0869-11e7-affc-90fba685ef5f","787fcca5-0ae1-11e7-b2d1-90fba685ef5f","1263827a-0ae1-11e7-b2d1-90fba685ef5f","8dc44e0a-0869-11e7-affc-90fba685ef5f","fceb16c3-129d-11e7-b2d1-90fba685ef5f","90ec7e75-129e-11e7-b2d1-90fba685ef5f","9bac1c92-129e-11e7-b2d1-90fba685ef5f","d071541b-129e-11e7-b2d1-90fba685ef5f","09adb0d0-129e-11e7-b2d1-90fba685ef5f","7dc53c08-129e-11e7-b2d1-90fba685ef5f","ecc23200-0868-11e7-affc-90fba685ef5f","fcc18f56-0ac8-11e7-b2d1-90fba685ef5f","03f76a78-0ac9-11e7-b2d1-90fba685ef5f","76008597-0f77-11e7-b2d1-90fba685ef5f","0bdd9ade-0869-11e7-affc-90fba685ef5f","7d3edb68-1b59-11e7-b808-90fba685ef5f","2e74f30b-0ac9-11e7-b2d1-90fba685ef5f","de317411-1b61-11e7-b808-90fba685ef5f","d711a5f8-129e-11e7-b2d1-90fba685ef5f","571975d3-0ac9-11e7-b2d1-90fba685ef5f","c0acebbc-129e-11e7-b2d1-90fba685ef5f","a428a87f-129e-11e7-b2d1-90fba685ef5f","f2b35c1b-1b6f-11e7-b808-90fba685ef5f","38a611f3-0e11-11e7-b2d1-90fba685ef5f","b184fcfb-1e57-11e7-b808-90fba685ef5f","9fe8a041-1e57-11e7-b808-90fba685ef5f","dfb7b1dc-0e11-11e7-b2d1-90fba685ef5f","541059bc-0e11-11e7-b2d1-90fba685ef5f","8c50872a-0e11-11e7-b2d1-90fba685ef5f","94802b98-0e11-11e7-b2d1-90fba685ef5f","b371c562-0e11-11e7-b2d1-90fba685ef5f","a8f7f64e-1e57-11e7-b808-90fba685ef5f","0a7c451d-0ac9-11e7-b2d1-90fba685ef5f","3249a1c7-0ac9-11e7-b2d1-90fba685ef5f","996b1a9f-1da2-11e7-b808-90fba685ef5f","5fa3232d-1d9c-11e7-b808-90fba685ef5f"]]]></entry>
							<entry name="ADE_RECENT_LIST" type="java.lang.String"><![CDATA[[{"formatter":"9a9bd408-ee86-11e5-a02c-0242ac11002b","properties":{"element_instance_id":"f88cc425-1b5e-11e7-b808-90fba685ef5f","tstyle":"ap-plain","source_containerpage_id":"de3d8206-1b61-11e7-b808-90fba685ef5f","formatterSettings#":"9a9bd408-ee86-11e5-a02c-0242ac11002b"},"element":"de65555e-1b61-11e7-b808-90fba685ef5f"},{"formatter":"9a9bd408-ee86-11e5-a02c-0242ac11002b","properties":{"element_instance_id":"df95197a-0add-11e7-b2d1-90fba685ef5f","tstyle":"ap-plain","source_containerpage_id":"0aa773d3-0ac9-11e7-b2d1-90fba685ef5f","formatterSettings#":"9a9bd408-ee86-11e5-a02c-0242ac11002b"},"element":"0399fc5e-0ade-11e7-b2d1-90fba685ef5f"},{"formatter":"549e54ad-ec1c-11e5-854f-0242ac11002b","properties":{"element_instance_id":"16048571-0adb-11e7-b2d1-90fba685ef5f","source_containerpage_id":"03fee48e-0ac9-11e7-b2d1-90fba685ef5f","formatterSettings#":"549e54ad-ec1c-11e5-854f-0242ac11002b"},"element":"18376b02-0adb-11e7-b2d1-90fba685ef5f"},{"formatter":"9a9bd408-ee86-11e5-a02c-0242ac11002b","properties":{"element_instance_id":"8041ae9d-0949-11e7-928e-90fba685ef5f","tstyle":"ap-plain","source_containerpage_id":"57229d99-0ac9-11e7-b2d1-90fba685ef5f","formatterSettings#":"9a9bd408-ee86-11e5-a02c-0242ac11002b"},"element":"57519ce5-0ac9-11e7-b2d1-90fba685ef5f"},{"formatter":"9a9bd408-ee86-11e5-a02c-0242ac11002b","properties":{"element_instance_id":"82cd3317-1365-11e7-b2d1-90fba685ef5f","source_containerpage_id":"9bbc7048-129e-11e7-b2d1-90fba685ef5f","formatterSettings#":"9a9bd408-ee86-11e5-a02c-0242ac11002b"},"element":"84189ed8-1365-11e7-b2d1-90fba685ef5f"},{"formatter":"9a9bd408-ee86-11e5-a02c-0242ac11002b","properties":{"element_instance_id":"d37eb9ab-12ce-11e7-b2d1-90fba685ef5f","tstyle":"ap-plain","source_containerpage_id":"a440eb75-129e-11e7-b2d1-90fba685ef5f","formatterSettings#":"9a9bd408-ee86-11e5-a02c-0242ac11002b"},"element":"d509ed8c-12ce-11e7-b2d1-90fba685ef5f"},{"formatter":"9a9bd408-ee86-11e5-a02c-0242ac11002b","properties":{"element_instance_id":"66e19c0c-135c-11e7-b2d1-90fba685ef5f","tstyle":"ap-plain","source_containerpage_id":"c0b9bd02-129e-11e7-b2d1-90fba685ef5f","formatterSettings#":"9a9bd408-ee86-11e5-a02c-0242ac11002b"},"element":"67d65c4d-135c-11e7-b2d1-90fba685ef5f"},{"formatter":"9a9bd408-ee86-11e5-a02c-0242ac11002b","properties":{"element_instance_id":"00c30942-1b68-11e7-b808-90fba685ef5f","tstyle":"ap-plain","wrapperclass":"bg-grey bo-radius-20","source_containerpage_id":"324d725d-0ac9-11e7-b2d1-90fba685ef5f","formatterSettings#":"9a9bd408-ee86-11e5-a02c-0242ac11002b"},"element":"1e137618-1b68-11e7-b808-90fba685ef5f"},{"formatter":"c6236d09-eec0-11e5-a02c-0242ac11002b","properties":{"element_instance_id":"26b6973c-086c-11e7-affc-90fba685ef5f","tstyle":"ap-plain","wrapperclass":"bg-blue bo-radius-20","source_containerpage_id":"8dd53d00-0869-11e7-affc-90fba685ef5f","showcopyright":"false","formatterSettings#":"c6236d09-eec0-11e5-a02c-0242ac11002b","hsize":"h2","showtext":"false","showsubtitle":"false","hstyle":"ap-plain","ieffect":"none","showlink":"false"},"element":"28aa02cd-086c-11e7-affc-90fba685ef5f"},{"formatter":"9a9bd408-ee86-11e5-a02c-0242ac11002b","properties":{"element_instance_id":"79eb8b57-1423-11e7-b2d1-90fba685ef5f","tstyle":"ap-plain","wrapperclass":"bo-left-2 bo-red p-0 pl-10","source_containerpage_id":"03fee48e-0ac9-11e7-b2d1-90fba685ef5f","formatterSettings#":"9a9bd408-ee86-11e5-a02c-0242ac11002b"},"element":"7bb01eb8-1423-11e7-b2d1-90fba685ef5f"}]]]></entry>
							<entry name="EDIT_SMALL_ELEMENTS" type="java.lang.String"><![CDATA[true]]></entry>
							<entry name="LAST_PASSWORD_CHANGE" type="java.lang.String"><![CDATA[1489462318375]]></entry>
							<entry name="USERPREFERENCES_additional_org.opencms.ui.apps.CmsFileExplorerSettings" type="java.lang.String"><![CDATA[{"collapsed_collumns":["PROPERTY_PROJECT","PROPERTY_NAVIGATION_TEXT","PROPERTY_COPYRIGHT","PROPERTY_CACHE","PROPERTY_PERMISSIONS","PROPERTY_DATE_MODIFIED","PROPERTY_USER_MODIFIED","PROPERTY_DATE_CREATED","PROPERTY_USER_CREATED","PROPERTY_DATE_RELEASED","PROPERTY_DATE_EXPIRED","PROPERTY_STATE_NAME","PROPERTY_USER_LOCKED"],"sort_column":"PROPERTY_RESOURCE_NAME","sort_order":false}]]></entry>
							<entry name="USERPREFERENCES_additional_org.opencms.ui.editors.CmsSourceEditor$EditorSettings" type="java.lang.String"><![CDATA[{"tabs":true,"fontsize":"16px","wrapping":false,"highlighting":true,"brackets":true}]]></entry>
							<entry name="USERPREFERENCES_editors-preferrededitorsplain" type="java.lang.String"><![CDATA[bestavailable]]></entry>
							<entry name="USERPREFERENCES_editors-preferrededitorsxmlcontent" type="java.lang.String"><![CDATA[bestavailable]]></entry>
							<entry name="USERPREFERENCES_workplace-searchsearchview-style" type="java.lang.String"><![CDATA[explorer]]></entry>
							<entry name="USER_DESCRIPTION" type="java.lang.String"><![CDATA[%(key.GUI_DEFAULTUSER_ROOT_ADMIN_DESCRIPTION_0)]]></entry>
							<entry name="gallery_folder_filter" type="java.lang.String"><![CDATA[{"/sites/default":["/sites/default/Forms-and-SAP/Form/"]}]]></entry>
							<entry name="jlan_hash" type="[B"><![CDATA[rO0ABXVyAAJbQqzzF/gGCFTgAgAAeHAAAAAQIJxhdNpJDK60IvP6WnrmNA==]]></entry>
							<entry name="workflowId" type="java.lang.String"><![CDATA[WORKFLOW_PUBLISH]]></entry>
						</userinfo>
						<userroles>
							<userrole>ROOT_ADMIN</userrole>
						</userroles>
						<usergroups>
							<usergroup>Administrators</usergroup>
						</usergroups>
					</user>
					<user>
						<name>Author</name>
						<password><![CDATA[JHMwJGUwODAxJDBSN3lNTFRjUXo3enpmRFp6dVl2eHc9PSRwblgvQWg1Vk9tREVKZ0w1cExqQ0dkcURWbGYrRFo3NjVudzVMOXIyN2hnPQ==]]></password>
						<firstname> </firstname>
						<lastname> </lastname>
						<email> </email>
						<flags>0</flags>
						<datecreated>1489462454427</datecreated>
						<userinfo>
							<entry name="USER_DESCRIPTION" type="java.lang.String"><![CDATA[Sample author user]]></entry>
						</userinfo>
						<userroles>
							<userrole>ELEMENT_AUTHOR</userrole>
						</userroles>
						<usergroups>
							<usergroup>Users</usergroup>
						</usergroups>
					</user>
					<user>
						<name>Demo</name>
						<password><![CDATA[JHMwJGUwODAxJHVEZy9ROVFnWkxqY0JCQXNwV252NUE9PSRCUTZtdVBvbWhBekF4eUkxT3ZJSDRhU2N2Q3RkMUlvOGczNGpHVkMxMDJrPQ==]]></password>
						<firstname> </firstname>
						<lastname> </lastname>
						<email> </email>
						<flags>0</flags>
						<datecreated>1489462455223</datecreated>
						<userinfo>
							<entry name="USER_DESCRIPTION" type="java.lang.String"><![CDATA[Sample user with workplace access permissions]]></entry>
						</userinfo>
						<userroles>
							<userrole>WORKPLACE_USER</userrole>
						</userroles>
						<usergroups>
							<usergroup>Users</usergroup>
						</usergroups>
					</user>
					<user>
						<name>Editor</name>
						<password><![CDATA[JHMwJGUwODAxJFN6NmQ3NlZDM2Q5c1dOdGxPbCtjRVE9PSR1VFV1YUhUOXB6czB5aDVwczJZQm42K3h3Z1JTYXgxVHpCeURoU3NMSVVRPQ==]]></password>
						<firstname> </firstname>
						<lastname> </lastname>
						<email> </email>
						<flags>0</flags>
						<datecreated>1489462454662</datecreated>
						<userinfo>
							<entry name="USER_DESCRIPTION" type="java.lang.String"><![CDATA[Sample editor user]]></entry>
						</userinfo>
						<userroles>
							<userrole>EDITOR</userrole>
						</userroles>
						<usergroups>
							<usergroup>Users</usergroup>
						</usergroups>
					</user>
					<user>
						<name>Export</name>
						<password><![CDATA[JHMwJGUwODAxJFF0OVJXTkxlMHEzWCtIQjBMMzZWNFE9PSRBTGw2MEZrSU1XOGd1WktBRW54ZHRReXdyY2M4RmhqUUlVMnVnQjhzTWZzPQ==]]></password>
						<firstname> </firstname>
						<lastname> </lastname>
						<email> </email>
						<flags>0</flags>
						<datecreated>1489462315783</datecreated>
						<userinfo>
							<entry name="USER_DESCRIPTION" type="java.lang.String"><![CDATA[%(key.GUI_DEFAULTUSER_ROOT_EXPORT_DESCRIPTION_0)]]></entry>
						</userinfo>
						<userroles/>
						<usergroups>
							<usergroup>Guests</usergroup>
						</usergroups>
					</user>
					<user>
						<name>Gallator</name>
						<password><![CDATA[JHMwJGUwODAxJEhPY3lVVmp0c3EzWnZFYXlnd0RZeGc9PSRBRFowQ1UyVG1OZkRIRkhpbzNuR0w1dWNXaWZUdlp1QjN1ZjRGRTdMTDJNPQ==]]></password>
						<firstname> </firstname>
						<lastname> </lastname>
						<email> </email>
						<flags>0</flags>
						<datecreated>1489462454896</datecreated>
						<userinfo>
							<entry name="USER_DESCRIPTION" type="java.lang.String"><![CDATA[Sample user who can edit categories and galleries]]></entry>
						</userinfo>
						<userroles>
							<userrole>CATEGORY_EDITOR</userrole>
							<userrole>GALLERY_EDITOR</userrole>
						</userroles>
						<usergroups>
							<usergroup>Users</usergroup>
						</usergroups>
					</user>
					<user>
						<name>Guest</name>
						<password><![CDATA[JHMwJGUwODAxJGxPdjlFVEtNTUdhRFRpOGJmTWtvNUE9PSRlWGFiVzJ3bVZrbGZ2cWxDdFcxSzFVM3FnMFBSRmtLT1VpTnM0VXlQYTc0PQ==]]></password>
						<firstname> </firstname>
						<lastname> </lastname>
						<email> </email>
						<flags>0</flags>
						<datecreated>1489462315242</datecreated>
						<userinfo>
							<entry name="USER_DESCRIPTION" type="java.lang.String"><![CDATA[%(key.GUI_DEFAULTUSER_ROOT_GUEST_DESCRIPTION_0)]]></entry>
						</userinfo>
						<userroles/>
						<usergroups>
							<usergroup>Guests</usergroup>
						</usergroups>
					</user>
					<user>
						<name>Templator</name>
						<password><![CDATA[JHMwJGUwODAxJDZWdjFFWmdkazFLd09mK1dEM0JxWkE9PSRKci9PTUhZRUViUTdXdGY4bHpDUmVOVHFnWWlQaEh0bXErRFRoM2hwTERnPQ==]]></password>
						<firstname> </firstname>
						<lastname> </lastname>
						<email> </email>
						<flags>0</flags>
						<datecreated>1489462455482</datecreated>
						<userinfo>
							<entry name="USER_DESCRIPTION" type="java.lang.String"><![CDATA[Sample user with template development permissions]]></entry>
						</userinfo>
						<userroles>
							<userrole>DEVELOPER</userrole>
						</userroles>
						<usergroups>
							<usergroup>Users</usergroup>
						</usergroups>
					</user>
				</users>
			</orgunit>
		</orgunits>
	</accounts>
	<files>
		<file>
			<destination>GDCN</destination>
			<type>folder</type>
			<uuidstructure>774cbb15-1db6-11e7-b808-90fba685ef5f</uuidstructure>
			<datelastmodified>Mon, 10 Apr 2017 06:25:18 GMT</datelastmodified>
			<userlastmodified>Admin</userlastmodified>
			<datecreated>Mon, 10 Apr 2017 06:25:18 GMT</datecreated>
			<usercreated>Admin</usercreated>
			<flags>0</flags>
			<properties/>
			<relations/>
			<accesscontrol/>
		</file>
		<file>
			<source>GDCN/Anti_Spam.pdf</source>
			<destination>GDCN/Anti_Spam.pdf</destination>
			<type>binary</type>
			<uuidstructure>557de5b8-1dcb-11e7-b808-90fba685ef5f</uuidstructure>
			<uuidresource>557de5b9-1dcb-11e7-b808-90fba685ef5f</uuidresource>
			<datelastmodified>Mon, 10 Apr 2017 08:54:40 GMT</datelastmodified>
			<userlastmodified>Admin</userlastmodified>
			<datecreated>Mon, 10 Apr 2017 08:54:40 GMT</datecreated>
			<usercreated>Admin</usercreated>
			<flags>0</flags>
			<properties>
				<property>
					<name>Title</name>
					<value><![CDATA[Anti_Spam]]></value>
				</property>
			</properties>
			<relations/>
			<accesscontrol/>
		</file>
		<file>
			<source>GDCN/Apache-Tomcat-5.5-Hardening-Guide-v1.0.0.pdf</source>
			<destination>GDCN/Apache-Tomcat-5.5-Hardening-Guide-v1.0.0.pdf</destination>
			<type>binary</type>
			<uuidstructure>f8129cd3-1dcd-11e7-b808-90fba685ef5f</uuidstructure>
			<uuidresource>f8129cd4-1dcd-11e7-b808-90fba685ef5f</uuidresource>
			<datelastmodified>Mon, 10 Apr 2017 09:13:32 GMT</datelastmodified>
			<userlastmodified>Admin</userlastmodified>
			<datecreated>Mon, 10 Apr 2017 09:13:32 GMT</datecreated>
			<usercreated>Admin</usercreated>
			<flags>0</flags>
			<properties>
				<property>
					<name>Title</name>
					<value><![CDATA[Apache Tomcat 5.5 Hardening Guide v1.0.0]]></value>
				</property>
			</properties>
			<relations/>
			<accesscontrol/>
		</file>
		<file>
			<source>GDCN/bstratgy.pdf</source>
			<destination>GDCN/bstratgy.pdf</destination>
			<type>binary</type>
			<uuidstructure>3934d737-1dc0-11e7-b808-90fba685ef5f</uuidstructure>
			<uuidresource>3934d738-1dc0-11e7-b808-90fba685ef5f</uuidresource>
			<datelastmodified>Mon, 10 Apr 2017 07:35:08 GMT</datelastmodified>
			<userlastmodified>Admin</userlastmodified>
			<datecreated>Mon, 10 Apr 2017 07:35:08 GMT</datecreated>
			<usercreated>Admin</usercreated>
			<flags>0</flags>
			<properties>
				<property>
					<name>Title</name>
					<value><![CDATA[bstratgy]]></value>
				</property>
			</properties>
			<relations/>
			<accesscontrol/>
		</file>
		<file>
			<source>GDCN/CheckPoint-Firewall-Hardening-Guide-v1.0.pdf</source>
			<destination>GDCN/CheckPoint-Firewall-Hardening-Guide-v1.0.pdf</destination>
			<type>binary</type>
			<uuidstructure>f82efe76-1dcd-11e7-b808-90fba685ef5f</uuidstructure>
			<uuidresource>f82efe77-1dcd-11e7-b808-90fba685ef5f</uuidresource>
			<datelastmodified>Mon, 10 Apr 2017 09:13:32 GMT</datelastmodified>
			<userlastmodified>Admin</userlastmodified>
			<datecreated>Mon, 10 Apr 2017 09:13:32 GMT</datecreated>
			<usercreated>Admin</usercreated>
			<flags>0</flags>
			<properties>
				<property>
					<name>Title</name>
					<value><![CDATA[CheckPoint Firewall Hardening Guide v1.0]]></value>
				</property>
			</properties>
			<relations/>
			<accesscontrol/>
		</file>
		<file>
			<source>GDCN/Cisco-IOS-12-Hardening-Guide-v1.0.pdf</source>
			<destination>GDCN/Cisco-IOS-12-Hardening-Guide-v1.0.pdf</destination>
			<type>binary</type>
			<uuidstructure>f83c6bf9-1dcd-11e7-b808-90fba685ef5f</uuidstructure>
			<uuidresource>f83c6bfa-1dcd-11e7-b808-90fba685ef5f</uuidresource>
			<datelastmodified>Mon, 10 Apr 2017 09:13:32 GMT</datelastmodified>
			<userlastmodified>Admin</userlastmodified>
			<datecreated>Mon, 10 Apr 2017 09:13:32 GMT</datecreated>
			<usercreated>Admin</usercreated>
			<flags>0</flags>
			<properties>
				<property>
					<name>Title</name>
					<value><![CDATA[Cisco IOS 12 Hardening Guide v1.0]]></value>
				</property>
			</properties>
			<relations/>
			<accesscontrol/>
		</file>
		<file>
			<source>GDCN/Cisco-IOS-15-Hardening-Guide-v1.0.pdf</source>
			<destination>GDCN/Cisco-IOS-15-Hardening-Guide-v1.0.pdf</destination>
			<type>binary</type>
			<uuidstructure>f846f34c-1dcd-11e7-b808-90fba685ef5f</uuidstructure>
			<uuidresource>f846f34d-1dcd-11e7-b808-90fba685ef5f</uuidresource>
			<datelastmodified>Mon, 10 Apr 2017 09:13:32 GMT</datelastmodified>
			<userlastmodified>Admin</userlastmodified>
			<datecreated>Mon, 10 Apr 2017 09:13:32 GMT</datecreated>
			<usercreated>Admin</usercreated>
			<flags>0</flags>
			<properties>
				<property>
					<name>Title</name>
					<value><![CDATA[Cisco IOS 15 Hardening Guide v1.0]]></value>
				</property>
			</properties>
			<relations/>
			<accesscontrol/>
		</file>
		<file>
			<source>GDCN/Compatibility-View-Settings-of-IE11-for-SSLVPN.pdf</source>
			<destination>GDCN/Compatibility-View-Settings-of-IE11-for-SSLVPN.pdf</destination>
			<type>binary</type>
			<uuidstructure>3bc6b6da-1dc9-11e7-b808-90fba685ef5f</uuidstructure>
			<uuidresource>3bc6b6db-1dc9-11e7-b808-90fba685ef5f</uuidresource>
			<datelastmodified>Mon, 10 Apr 2017 08:39:38 GMT</datelastmodified>
			<userlastmodified>Admin</userlastmodified>
			<datecreated>Mon, 10 Apr 2017 08:39:38 GMT</datecreated>
			<usercreated>Admin</usercreated>
			<flags>0</flags>
			<properties>
				<property>
					<name>Title</name>
					<value><![CDATA[Compatibility View Settings of IE11 for SSLVPN]]></value>
				</property>
			</properties>
			<relations/>
			<accesscontrol/>
		</file>
		<file>
			<source>GDCN/Configuring_Outlook_2007_for_Exchange_Email.pdf</source>
			<destination>GDCN/Configuring_Outlook_2007_for_Exchange_Email.pdf</destination>
			<type>binary</type>
			<uuidstructure>558b7a4b-1dcb-11e7-b808-90fba685ef5f</uuidstructure>
			<uuidresource>558b7a4c-1dcb-11e7-b808-90fba685ef5f</uuidresource>
			<datelastmodified>Mon, 10 Apr 2017 08:54:40 GMT</datelastmodified>
			<userlastmodified>Admin</userlastmodified>
			<datecreated>Mon, 10 Apr 2017 08:54:40 GMT</datecreated>
			<usercreated>Admin</usercreated>
			<flags>0</flags>
			<properties>
				<property>
					<name>Title</name>
					<value><![CDATA[Configuring_Outlook_2007_for_Exchange_Email]]></value>
				</property>
			</properties>
			<relations/>
			<accesscontrol/>
		</file>
		<file>
			<source>GDCN/Configuring_Outlook_2010_for_Exchange_2010.pdf</source>
			<destination>GDCN/Configuring_Outlook_2010_for_Exchange_2010.pdf</destination>
			<type>binary</type>
			<uuidstructure>5590d17e-1dcb-11e7-b808-90fba685ef5f</uuidstructure>
			<uuidresource>5590d17f-1dcb-11e7-b808-90fba685ef5f</uuidresource>
			<datelastmodified>Mon, 10 Apr 2017 08:54:40 GMT</datelastmodified>
			<userlastmodified>Admin</userlastmodified>
			<datecreated>Mon, 10 Apr 2017 08:54:40 GMT</datecreated>
			<usercreated>Admin</usercreated>
			<flags>0</flags>
			<properties>
				<property>
					<name>Title</name>
					<value><![CDATA[Configuring_Outlook_2010_for_Exchange_2010]]></value>
				</property>
			</properties>
			<relations/>
			<accesscontrol/>
		</file>
		<file>
			<source>GDCN/configuring_thunderbird_mail_for_exchange_2010_email_account.pdf</source>
			<destination>GDCN/configuring_thunderbird_mail_for_exchange_2010_email_account.pdf</destination>
			<type>binary</type>
			<uuidstructure>55d6da46-1dcb-11e7-b808-90fba685ef5f</uuidstructure>
			<uuidresource>55d6da47-1dcb-11e7-b808-90fba685ef5f</uuidresource>
			<datelastmodified>Mon, 10 Apr 2017 08:54:41 GMT</datelastmodified>
			<userlastmodified>Admin</userlastmodified>
			<datecreated>Mon, 10 Apr 2017 08:54:41 GMT</datecreated>
			<usercreated>Admin</usercreated>
			<flags>0</flags>
			<properties>
				<property>
					<name>Title</name>
					<value><![CDATA[configuring_thunderbird_mail_for_exchange_2010_email_account]]></value>
				</property>
			</properties>
			<relations/>
			<accesscontrol/>
		</file>
		<file>
			<source>GDCN/Copyrights-Policy-Version-1.1.pdf</source>
			<destination>GDCN/Copyrights-Policy-Version-1.1.pdf</destination>
			<type>binary</type>
			<uuidstructure>88dca1c0-1dbb-11e7-b808-90fba685ef5f</uuidstructure>
			<uuidresource>88dca1c1-1dbb-11e7-b808-90fba685ef5f</uuidresource>
			<datelastmodified>Mon, 10 Apr 2017 07:01:35 GMT</datelastmodified>
			<userlastmodified>Admin</userlastmodified>
			<datecreated>Mon, 10 Apr 2017 07:01:35 GMT</datecreated>
			<usercreated>Admin</usercreated>
			<flags>0</flags>
			<properties>
				<property>
					<name>Title</name>
					<value><![CDATA[Copyrights Policy Version 1.1]]></value>
				</property>
			</properties>
			<relations/>
			<accesscontrol/>
		</file>
		<file>
			<source>GDCN/desktop_guidelines_to_all_gdcn_users.pdf</source>
			<destination>GDCN/desktop_guidelines_to_all_gdcn_users.pdf</destination>
			<type>binary</type>
			<uuidstructure>3c327118-1dc9-11e7-b808-90fba685ef5f</uuidstructure>
			<uuidresource>3c327119-1dc9-11e7-b808-90fba685ef5f</uuidresource>
			<datelastmodified>Mon, 10 Apr 2017 08:39:39 GMT</datelastmodified>
			<userlastmodified>Admin</userlastmodified>
			<datecreated>Mon, 10 Apr 2017 08:39:39 GMT</datecreated>
			<usercreated>Admin</usercreated>
			<flags>0</flags>
			<properties>
				<property>
					<name>Title</name>
					<value><![CDATA[desktop_guidelines_to_all_gdcn_users]]></value>
				</property>
			</properties>
			<relations/>
			<accesscontrol/>
		</file>
		<file>
			<source>GDCN/DesktopStandard_20161026_f.pdf</source>
			<destination>GDCN/DesktopStandard_20161026_f.pdf</destination>
			<type>binary</type>
			<uuidstructure>2d2257f8-1db9-11e7-b808-90fba685ef5f</uuidstructure>
			<uuidresource>2d2257f9-1db9-11e7-b808-90fba685ef5f</uuidresource>
			<datelastmodified>Mon, 10 Apr 2017 06:44:42 GMT</datelastmodified>
			<userlastmodified>Admin</userlastmodified>
			<datecreated>Mon, 10 Apr 2017 06:44:42 GMT</datecreated>
			<usercreated>Admin</usercreated>
			<flags>0</flags>
			<properties>
				<property>
					<name>Title</name>
					<value><![CDATA[DesktopStandard_20161026_f]]></value>
				</property>
			</properties>
			<relations/>
			<accesscontrol/>
		</file>
		<file>
			<source>GDCN/email_management_v2.1.pdf</source>
			<destination>GDCN/email_management_v2.1.pdf</destination>
			<type>binary</type>
			<uuidstructure>aa12555e-1dba-11e7-b808-90fba685ef5f</uuidstructure>
			<uuidresource>aa12555f-1dba-11e7-b808-90fba685ef5f</uuidresource>
			<datelastmodified>Mon, 10 Apr 2017 06:55:21 GMT</datelastmodified>
			<userlastmodified>Admin</userlastmodified>
			<datecreated>Mon, 10 Apr 2017 06:55:21 GMT</datecreated>
			<usercreated>Admin</usercreated>
			<flags>0</flags>
			<properties>
				<property>
					<name>Title</name>
					<value><![CDATA[email_management_v2.1]]></value>
				</property>
			</properties>
			<relations/>
			<accesscontrol/>
		</file>
		<file>
			<source>GDCN/eMailClient_exchange.pdf</source>
			<destination>GDCN/eMailClient_exchange.pdf</destination>
			<type>binary</type>
			<uuidstructure>55dc5889-1dcb-11e7-b808-90fba685ef5f</uuidstructure>
			<uuidresource>55dc588a-1dcb-11e7-b808-90fba685ef5f</uuidresource>
			<datelastmodified>Mon, 10 Apr 2017 08:54:41 GMT</datelastmodified>
			<userlastmodified>Admin</userlastmodified>
			<datecreated>Mon, 10 Apr 2017 08:54:41 GMT</datecreated>
			<usercreated>Admin</usercreated>
			<flags>0</flags>
			<properties>
				<property>
					<name>Title</name>
					<value><![CDATA[eMailClient_exchange]]></value>
				</property>
			</properties>
			<relations/>
			<accesscontrol/>
		</file>
		<file>
			<source>GDCN/EmailPolicy-V2.0.pdf</source>
			<destination>GDCN/EmailPolicy-V2.0.pdf</destination>
			<type>binary</type>
			<uuidstructure>a9eb1e45-1dba-11e7-b808-90fba685ef5f</uuidstructure>
			<uuidresource>a9eb1e46-1dba-11e7-b808-90fba685ef5f</uuidresource>
			<datelastmodified>Mon, 10 Apr 2017 06:55:21 GMT</datelastmodified>
			<userlastmodified>Admin</userlastmodified>
			<datecreated>Mon, 10 Apr 2017 06:55:21 GMT</datecreated>
			<usercreated>Admin</usercreated>
			<flags>0</flags>
			<properties>
				<property>
					<name>Title</name>
					<value><![CDATA[EmailPolicy V2.0]]></value>
				</property>
			</properties>
			<relations/>
			<accesscontrol/>
		</file>
		<file>
			<source>GDCN/GDCN-Desktop-and-Notebook-Energy-Saving-Policy-Version-1.1-1.pdf</source>
			<destination>GDCN/GDCN-Desktop-and-Notebook-Energy-Saving-Policy-Version-1.1-1.pdf</destination>
			<type>binary</type>
			<uuidstructure>2d40dc7b-1db9-11e7-b808-90fba685ef5f</uuidstructure>
			<uuidresource>2d40dc7c-1db9-11e7-b808-90fba685ef5f</uuidresource>
			<datelastmodified>Mon, 10 Apr 2017 06:44:42 GMT</datelastmodified>
			<userlastmodified>Admin</userlastmodified>
			<datecreated>Mon, 10 Apr 2017 06:44:42 GMT</datecreated>
			<usercreated>Admin</usercreated>
			<flags>0</flags>
			<properties>
				<property>
					<name>Title</name>
					<value><![CDATA[GDCN Desktop and Notebook Energy Saving  Policy Version 1.1 (1)]]></value>
				</property>
			</properties>
			<relations/>
			<accesscontrol/>
		</file>
		<file>
			<source>GDCN/GDCN-Desktop-and-Notebook-Energy-Saving-Policy-Version-1.1.pdf</source>
			<destination>GDCN/GDCN-Desktop-and-Notebook-Energy-Saving-Policy-Version-1.1.pdf</destination>
			<type>binary</type>
			<uuidstructure>2d4dfbde-1db9-11e7-b808-90fba685ef5f</uuidstructure>
			<uuidresource>2d4dfbdf-1db9-11e7-b808-90fba685ef5f</uuidresource>
			<datelastmodified>Mon, 10 Apr 2017 06:44:42 GMT</datelastmodified>
			<userlastmodified>Admin</userlastmodified>
			<datecreated>Mon, 10 Apr 2017 06:44:42 GMT</datecreated>
			<usercreated>Admin</usercreated>
			<flags>0</flags>
			<properties>
				<property>
					<name>Title</name>
					<value><![CDATA[GDCN Desktop and Notebook Energy Saving  Policy Version 1.1]]></value>
				</property>
			</properties>
			<relations/>
			<accesscontrol/>
		</file>
		<file>
			<source>GDCN/GDCN-Desktop-and-Notebook-Security-Policy-Version-2.1.pdf</source>
			<destination>GDCN/GDCN-Desktop-and-Notebook-Security-Policy-Version-2.1.pdf</destination>
			<type>binary</type>
			<uuidstructure>d3e9f62e-1db9-11e7-b808-90fba685ef5f</uuidstructure>
			<uuidresource>d3e9f62f-1db9-11e7-b808-90fba685ef5f</uuidresource>
			<datelastmodified>Mon, 10 Apr 2017 06:49:21 GMT</datelastmodified>
			<userlastmodified>Admin</userlastmodified>
			<datecreated>Mon, 10 Apr 2017 06:49:21 GMT</datecreated>
			<usercreated>Admin</usercreated>
			<flags>0</flags>
			<properties>
				<property>
					<name>Title</name>
					<value><![CDATA[GDCN Desktop and Notebook Security Policy Version 2.1]]></value>
				</property>
			</properties>
			<relations/>
			<accesscontrol/>
		</file>
		<file>
			<source>GDCN/GDCN-Desktop-and-Notebook-Usage-Policy-Version-1.2.pdf</source>
			<destination>GDCN/GDCN-Desktop-and-Notebook-Usage-Policy-Version-1.2.pdf</destination>
			<type>binary</type>
			<uuidstructure>2d5304f1-1db9-11e7-b808-90fba685ef5f</uuidstructure>
			<uuidresource>2d5304f2-1db9-11e7-b808-90fba685ef5f</uuidresource>
			<datelastmodified>Mon, 10 Apr 2017 06:44:42 GMT</datelastmodified>
			<userlastmodified>Admin</userlastmodified>
			<datecreated>Mon, 10 Apr 2017 06:44:42 GMT</datecreated>
			<usercreated>Admin</usercreated>
			<flags>0</flags>
			<properties>
				<property>
					<name>Title</name>
					<value><![CDATA[GDCN Desktop and Notebook Usage Policy Version 1.2]]></value>
				</property>
			</properties>
			<relations/>
			<accesscontrol/>
		</file>
		<file>
			<source>GDCN/GDCN-E-Mail-Security-Policy-Version-1.1.pdf</source>
			<destination>GDCN/GDCN-E-Mail-Security-Policy-Version-1.1.pdf</destination>
			<type>binary</type>
			<uuidstructure>aa064768-1dba-11e7-b808-90fba685ef5f</uuidstructure>
			<uuidresource>aa064769-1dba-11e7-b808-90fba685ef5f</uuidresource>
			<datelastmodified>Mon, 10 Apr 2017 06:55:21 GMT</datelastmodified>
			<userlastmodified>Admin</userlastmodified>
			<datecreated>Mon, 10 Apr 2017 06:55:21 GMT</datecreated>
			<usercreated>Admin</usercreated>
			<flags>0</flags>
			<properties>
				<property>
					<name>Title</name>
					<value><![CDATA[GDCN E-Mail Security Policy Version 1.1]]></value>
				</property>
			</properties>
			<relations/>
			<accesscontrol/>
		</file>
		<file>
			<source>GDCN/GDCN-E-Mail-Usage-Policy-Version-1.3.pdf</source>
			<destination>GDCN/GDCN-E-Mail-Usage-Policy-Version-1.3.pdf</destination>
			<type>binary</type>
			<uuidstructure>aa0d735b-1dba-11e7-b808-90fba685ef5f</uuidstructure>
			<uuidresource>aa0d735c-1dba-11e7-b808-90fba685ef5f</uuidresource>
			<datelastmodified>Mon, 10 Apr 2017 06:55:21 GMT</datelastmodified>
			<userlastmodified>Admin</userlastmodified>
			<datecreated>Mon, 10 Apr 2017 06:55:21 GMT</datecreated>
			<usercreated>Admin</usercreated>
			<flags>0</flags>
			<properties>
				<property>
					<name>Title</name>
					<value><![CDATA[GDCN E-Mail Usage Policy Version 1.3]]></value>
				</property>
			</properties>
			<relations/>
			<accesscontrol/>
		</file>
		<file>
			<source>GDCN/GDCN-Printing-Usage-Policy-Version-1.1.pdf</source>
			<destination>GDCN/GDCN-Printing-Usage-Policy-Version-1.1.pdf</destination>
			<type>binary</type>
			<uuidstructure>2d580e04-1db9-11e7-b808-90fba685ef5f</uuidstructure>
			<uuidresource>2d580e05-1db9-11e7-b808-90fba685ef5f</uuidresource>
			<datelastmodified>Mon, 10 Apr 2017 06:44:42 GMT</datelastmodified>
			<userlastmodified>Admin</userlastmodified>
			<datecreated>Mon, 10 Apr 2017 06:44:42 GMT</datecreated>
			<usercreated>Admin</usercreated>
			<flags>0</flags>
			<properties>
				<property>
					<name>Title</name>
					<value><![CDATA[GDCN Printing Usage Policy Version 1.1]]></value>
				</property>
			</properties>
			<relations/>
			<accesscontrol/>
		</file>
		<file>
			<source>GDCN/GDCN-Remote-Access-Policy-Version-1.1.pdf</source>
			<destination>GDCN/GDCN-Remote-Access-Policy-Version-1.1.pdf</destination>
			<type>binary</type>
			<uuidstructure>dce099f8-1dc1-11e7-b808-90fba685ef5f</uuidstructure>
			<uuidresource>dce099f9-1dc1-11e7-b808-90fba685ef5f</uuidresource>
			<datelastmodified>Mon, 10 Apr 2017 07:46:53 GMT</datelastmodified>
			<userlastmodified>Admin</userlastmodified>
			<datecreated>Mon, 10 Apr 2017 07:46:53 GMT</datecreated>
			<usercreated>Admin</usercreated>
			<flags>0</flags>
			<properties>
				<property>
					<name>Title</name>
					<value><![CDATA[GDCN Remote Access Policy Version 1.1]]></value>
				</property>
			</properties>
			<relations/>
			<accesscontrol/>
		</file>
		<file>
			<source>GDCN/GDCN-Security-Policy-Version-1.2.pdf</source>
			<destination>GDCN/GDCN-Security-Policy-Version-1.2.pdf</destination>
			<type>binary</type>
			<uuidstructure>a08874bc-1db6-11e7-b808-90fba685ef5f</uuidstructure>
			<uuidresource>a08874bd-1db6-11e7-b808-90fba685ef5f</uuidresource>
			<datelastmodified>Mon, 10 Apr 2017 07:46:53 GMT</datelastmodified>
			<userlastmodified>Admin</userlastmodified>
			<datecreated>Mon, 10 Apr 2017 06:26:27 GMT</datecreated>
			<usercreated>Admin</usercreated>
			<flags>0</flags>
			<properties>
				<property>
					<name>Title</name>
					<value><![CDATA[GDCN Security Policy Version 1.2]]></value>
				</property>
			</properties>
			<relations/>
			<accesscontrol/>
		</file>
		<file>
			<source>GDCN/GDCN-Server-Data-Backup-and-Restoration-Policy-Version-2.1.pdf</source>
			<destination>GDCN/GDCN-Server-Data-Backup-and-Restoration-Policy-Version-2.1.pdf</destination>
			<type>binary</type>
			<uuidstructure>3914a4fe-1dc0-11e7-b808-90fba685ef5f</uuidstructure>
			<uuidresource>3914a4ff-1dc0-11e7-b808-90fba685ef5f</uuidresource>
			<datelastmodified>Mon, 10 Apr 2017 07:35:08 GMT</datelastmodified>
			<userlastmodified>Admin</userlastmodified>
			<datecreated>Mon, 10 Apr 2017 07:35:08 GMT</datecreated>
			<usercreated>Admin</usercreated>
			<flags>0</flags>
			<properties>
				<property>
					<name>Title</name>
					<value><![CDATA[GDCN Server Data Backup and Restoration Policy Version 2.1]]></value>
				</property>
			</properties>
			<relations/>
			<accesscontrol/>
		</file>
		<file>
			<source>GDCN/GDCN-Server-Deployment-Policy-Version-1.1.pdf</source>
			<destination>GDCN/GDCN-Server-Deployment-Policy-Version-1.1.pdf</destination>
			<type>binary</type>
			<uuidstructure>5552424b-1dc0-11e7-b808-90fba685ef5f</uuidstructure>
			<uuidresource>5552424c-1dc0-11e7-b808-90fba685ef5f</uuidresource>
			<datelastmodified>Mon, 10 Apr 2017 07:35:56 GMT</datelastmodified>
			<userlastmodified>Admin</userlastmodified>
			<datecreated>Mon, 10 Apr 2017 07:35:56 GMT</datecreated>
			<usercreated>Admin</usercreated>
			<flags>0</flags>
			<properties>
				<property>
					<name>Title</name>
					<value><![CDATA[GDCN Server Deployment Policy Version 1.1]]></value>
				</property>
			</properties>
			<relations/>
			<accesscontrol/>
		</file>
		<file>
			<source>GDCN/GDCN-Server-Security-Policy-Version-2.0.pdf</source>
			<destination>GDCN/GDCN-Server-Security-Policy-Version-2.0.pdf</destination>
			<type>binary</type>
			<uuidstructure>392a9e01-1dc0-11e7-b808-90fba685ef5f</uuidstructure>
			<uuidresource>392a9e02-1dc0-11e7-b808-90fba685ef5f</uuidresource>
			<datelastmodified>Mon, 10 Apr 2017 07:35:08 GMT</datelastmodified>
			<userlastmodified>Admin</userlastmodified>
			<datecreated>Mon, 10 Apr 2017 07:35:08 GMT</datecreated>
			<usercreated>Admin</usercreated>
			<flags>0</flags>
			<properties>
				<property>
					<name>Title</name>
					<value><![CDATA[GDCN Server Security Policy Version 2.0]]></value>
				</property>
			</properties>
			<relations/>
			<accesscontrol/>
		</file>
		<file>
			<source>GDCN/GDCN-Server-Usage-and-Storage-Policy-Version-2.1.pdf</source>
			<destination>GDCN/GDCN-Server-Usage-and-Storage-Policy-Version-2.1.pdf</destination>
			<type>binary</type>
			<uuidstructure>392f0ad4-1dc0-11e7-b808-90fba685ef5f</uuidstructure>
			<uuidresource>392f0ad5-1dc0-11e7-b808-90fba685ef5f</uuidresource>
			<datelastmodified>Mon, 10 Apr 2017 07:35:08 GMT</datelastmodified>
			<userlastmodified>Admin</userlastmodified>
			<datecreated>Mon, 10 Apr 2017 07:35:08 GMT</datecreated>
			<usercreated>Admin</usercreated>
			<flags>0</flags>
			<properties>
				<property>
					<name>Title</name>
					<value><![CDATA[GDCN Server Usage and Storage Policy Version 2.1]]></value>
				</property>
			</properties>
			<relations/>
			<accesscontrol/>
		</file>
		<file>
			<source>GDCN/GDCN-Software-Purchase-and-Adoption-Policy-Version-1.1.pdf</source>
			<destination>GDCN/GDCN-Software-Purchase-and-Adoption-Policy-Version-1.1.pdf</destination>
			<type>binary</type>
			<uuidstructure>a0a4af4f-1db6-11e7-b808-90fba685ef5f</uuidstructure>
			<uuidresource>a0a4af50-1db6-11e7-b808-90fba685ef5f</uuidresource>
			<datelastmodified>Mon, 10 Apr 2017 06:26:27 GMT</datelastmodified>
			<userlastmodified>Admin</userlastmodified>
			<datecreated>Mon, 10 Apr 2017 06:26:27 GMT</datecreated>
			<usercreated>Admin</usercreated>
			<flags>0</flags>
			<properties>
				<property>
					<name>Title</name>
					<value><![CDATA[GDCN Software Purchase and Adoption Policy Version 1.1]]></value>
				</property>
			</properties>
			<relations/>
			<accesscontrol/>
		</file>
		<file>
			<source>GDCN/GDCN-Software-Usage-Policy-Version-1.1.pdf</source>
			<destination>GDCN/GDCN-Software-Usage-Policy-Version-1.1.pdf</destination>
			<type>binary</type>
			<uuidstructure>a0ac7782-1db6-11e7-b808-90fba685ef5f</uuidstructure>
			<uuidresource>a0ac7783-1db6-11e7-b808-90fba685ef5f</uuidresource>
			<datelastmodified>Mon, 10 Apr 2017 06:26:27 GMT</datelastmodified>
			<userlastmodified>Admin</userlastmodified>
			<datecreated>Mon, 10 Apr 2017 06:26:27 GMT</datecreated>
			<usercreated>Admin</usercreated>
			<flags>0</flags>
			<properties>
				<property>
					<name>Title</name>
					<value><![CDATA[GDCN Software Usage Policy Version 1.1]]></value>
				</property>
			</properties>
			<relations/>
			<accesscontrol/>
		</file>
		<file>
			<source>GDCN/GDCN-Usage-Policy-Version-2.2.pdf</source>
			<destination>GDCN/GDCN-Usage-Policy-Version-2.2.pdf</destination>
			<type>binary</type>
			<uuidstructure>88eea323-1dbb-11e7-b808-90fba685ef5f</uuidstructure>
			<uuidresource>88eea324-1dbb-11e7-b808-90fba685ef5f</uuidresource>
			<datelastmodified>Mon, 10 Apr 2017 07:01:35 GMT</datelastmodified>
			<userlastmodified>Admin</userlastmodified>
			<datecreated>Mon, 10 Apr 2017 07:01:35 GMT</datecreated>
			<usercreated>Admin</usercreated>
			<flags>0</flags>
			<properties>
				<property>
					<name>Title</name>
					<value><![CDATA[GDCN Usage Policy Version 2.2]]></value>
				</property>
			</properties>
			<relations/>
			<accesscontrol/>
		</file>
		<file>
			<source>GDCN/GDCN-User-Password-Policy-Version-1.3.pdf</source>
			<destination>GDCN/GDCN-User-Password-Policy-Version-1.3.pdf</destination>
			<type>binary</type>
			<uuidstructure>dd2284fb-1dc1-11e7-b808-90fba685ef5f</uuidstructure>
			<uuidresource>dd2284fc-1dc1-11e7-b808-90fba685ef5f</uuidresource>
			<datelastmodified>Mon, 10 Apr 2017 07:46:53 GMT</datelastmodified>
			<userlastmodified>Admin</userlastmodified>
			<datecreated>Mon, 10 Apr 2017 07:46:53 GMT</datecreated>
			<usercreated>Admin</usercreated>
			<flags>0</flags>
			<properties>
				<property>
					<name>Title</name>
					<value><![CDATA[GDCN User Password Policy Version 1.3]]></value>
				</property>
			</properties>
			<relations/>
			<accesscontrol/>
		</file>
		<file>
			<source>GDCN/GDCN-Wireless-LAN-Access-Policy-Version-1.1.pdf</source>
			<destination>GDCN/GDCN-Wireless-LAN-Access-Policy-Version-1.1.pdf</destination>
			<type>binary</type>
			<uuidstructure>29bd24ad-1dbf-11e7-b808-90fba685ef5f</uuidstructure>
			<uuidresource>29bd24ae-1dbf-11e7-b808-90fba685ef5f</uuidresource>
			<datelastmodified>Mon, 10 Apr 2017 07:27:33 GMT</datelastmodified>
			<userlastmodified>Admin</userlastmodified>
			<datecreated>Mon, 10 Apr 2017 07:27:33 GMT</datecreated>
			<usercreated>Admin</usercreated>
			<flags>0</flags>
			<properties>
				<property>
					<name>Title</name>
					<value><![CDATA[GDCN Wireless LAN Access Policy Version 1.1]]></value>
				</property>
			</properties>
			<relations/>
			<accesscontrol/>
		</file>
		<file>
			<source>GDCN/GDCN_WiFi-FAQs_V3.0.pdf</source>
			<destination>GDCN/GDCN_WiFi-FAQs_V3.0.pdf</destination>
			<type>binary</type>
			<uuidstructure>3be16acd-1dc9-11e7-b808-90fba685ef5f</uuidstructure>
			<uuidresource>3be16ace-1dc9-11e7-b808-90fba685ef5f</uuidresource>
			<datelastmodified>Mon, 10 Apr 2017 08:39:38 GMT</datelastmodified>
			<userlastmodified>Admin</userlastmodified>
			<datecreated>Mon, 10 Apr 2017 08:39:38 GMT</datecreated>
			<usercreated>Admin</usercreated>
			<flags>0</flags>
			<properties>
				<property>
					<name>Title</name>
					<value><![CDATA[GDCN_WiFi-FAQs_V3.0]]></value>
				</property>
			</properties>
			<relations/>
			<accesscontrol/>
		</file>
		<file>
			<source>GDCN/Guide-for-Installation-MS-Office-2007-file-format-converters.pdf</source>
			<destination>GDCN/Guide-for-Installation-MS-Office-2007-file-format-converters.pdf</destination>
			<type>binary</type>
			<uuidstructure>398cde4d-1dc7-11e7-b808-90fba685ef5f</uuidstructure>
			<uuidresource>398cde4e-1dc7-11e7-b808-90fba685ef5f</uuidresource>
			<datelastmodified>Mon, 10 Apr 2017 08:25:15 GMT</datelastmodified>
			<userlastmodified>Admin</userlastmodified>
			<datecreated>Mon, 10 Apr 2017 08:25:15 GMT</datecreated>
			<usercreated>Admin</usercreated>
			<flags>0</flags>
			<properties>
				<property>
					<name>Title</name>
					<value><![CDATA[Guide for Installation MS Office 2007 file format converters]]></value>
				</property>
			</properties>
			<relations/>
			<accesscontrol/>
		</file>
		<file>
			<source>GDCN/Guide-for-Rename-Computer-Name.pdf</source>
			<destination>GDCN/Guide-for-Rename-Computer-Name.pdf</destination>
			<type>binary</type>
			<uuidstructure>3beb07c0-1dc9-11e7-b808-90fba685ef5f</uuidstructure>
			<uuidresource>3beb07c1-1dc9-11e7-b808-90fba685ef5f</uuidresource>
			<datelastmodified>Mon, 10 Apr 2017 08:39:38 GMT</datelastmodified>
			<userlastmodified>Admin</userlastmodified>
			<datecreated>Mon, 10 Apr 2017 08:39:38 GMT</datecreated>
			<usercreated>Admin</usercreated>
			<flags>0</flags>
			<properties>
				<property>
					<name>Title</name>
					<value><![CDATA[Guide for Rename Computer Name]]></value>
				</property>
			</properties>
			<relations/>
			<accesscontrol/>
		</file>
		<file>
			<source>GDCN/Guideline-for-Use-of-IM-ver1.1.pdf</source>
			<destination>GDCN/Guideline-for-Use-of-IM-ver1.1.pdf</destination>
			<type>binary</type>
			<uuidstructure>55978841-1dcb-11e7-b808-90fba685ef5f</uuidstructure>
			<uuidresource>55978842-1dcb-11e7-b808-90fba685ef5f</uuidresource>
			<datelastmodified>Mon, 10 Apr 2017 08:54:40 GMT</datelastmodified>
			<userlastmodified>Admin</userlastmodified>
			<datecreated>Mon, 10 Apr 2017 08:54:40 GMT</datecreated>
			<usercreated>Admin</usercreated>
			<flags>0</flags>
			<properties>
				<property>
					<name>Title</name>
					<value><![CDATA[Guideline for Use of IM ver1.1]]></value>
				</property>
			</properties>
			<relations/>
			<accesscontrol/>
		</file>
		<file>
			<source>GDCN/How-to-setup-outlook-express-for-e2k3-v1.1.pdf</source>
			<destination>GDCN/How-to-setup-outlook-express-for-e2k3-v1.1.pdf</destination>
			<type>binary</type>
			<uuidstructure>559d7bb4-1dcb-11e7-b808-90fba685ef5f</uuidstructure>
			<uuidresource>559d7bb5-1dcb-11e7-b808-90fba685ef5f</uuidresource>
			<datelastmodified>Mon, 10 Apr 2017 08:54:41 GMT</datelastmodified>
			<userlastmodified>Admin</userlastmodified>
			<datecreated>Mon, 10 Apr 2017 08:54:41 GMT</datecreated>
			<usercreated>Admin</usercreated>
			<flags>0</flags>
			<properties>
				<property>
					<name>Title</name>
					<value><![CDATA[How to setup outlook express for e2k3-v1.1]]></value>
				</property>
			</properties>
			<relations/>
			<accesscontrol/>
		</file>
		<file>
			<source>GDCN/Import_the_digital_certificate_to_your_notebook_for_GDCN_WPA.pdf</source>
			<destination>GDCN/Import_the_digital_certificate_to_your_notebook_for_GDCN_WPA.pdf</destination>
			<type>binary</type>
			<uuidstructure>3bf3ba53-1dc9-11e7-b808-90fba685ef5f</uuidstructure>
			<uuidresource>3bf3ba54-1dc9-11e7-b808-90fba685ef5f</uuidresource>
			<datelastmodified>Mon, 10 Apr 2017 08:39:38 GMT</datelastmodified>
			<userlastmodified>Admin</userlastmodified>
			<datecreated>Mon, 10 Apr 2017 08:39:38 GMT</datecreated>
			<usercreated>Admin</usercreated>
			<flags>0</flags>
			<properties>
				<property>
					<name>Title</name>
					<value><![CDATA[Import_the_digital_certificate_to_your_notebook_for_GDCN_WPA]]></value>
				</property>
			</properties>
			<relations/>
			<accesscontrol/>
		</file>
		<file>
			<source>GDCN/Installation_Guide_Outlook_2002.doc</source>
			<destination>GDCN/Installation_Guide_Outlook_2002.doc</destination>
			<type>binary</type>
			<uuidstructure>55abd397-1dcb-11e7-b808-90fba685ef5f</uuidstructure>
			<uuidresource>55abd398-1dcb-11e7-b808-90fba685ef5f</uuidresource>
			<datelastmodified>Mon, 10 Apr 2017 08:54:41 GMT</datelastmodified>
			<userlastmodified>Admin</userlastmodified>
			<datecreated>Mon, 10 Apr 2017 08:54:41 GMT</datecreated>
			<usercreated>Admin</usercreated>
			<flags>0</flags>
			<properties>
				<property>
					<name>Title</name>
					<value><![CDATA[Installation_Guide_Outlook_2002]]></value>
				</property>
			</properties>
			<relations/>
			<accesscontrol/>
		</file>
		<file>
			<source>GDCN/Installation_Guide_Outlook_2003.pdf</source>
			<destination>GDCN/Installation_Guide_Outlook_2003.pdf</destination>
			<type>binary</type>
			<uuidstructure>55b1ee1a-1dcb-11e7-b808-90fba685ef5f</uuidstructure>
			<uuidresource>55b1ee1b-1dcb-11e7-b808-90fba685ef5f</uuidresource>
			<datelastmodified>Mon, 10 Apr 2017 08:54:41 GMT</datelastmodified>
			<userlastmodified>Admin</userlastmodified>
			<datecreated>Mon, 10 Apr 2017 08:54:41 GMT</datecreated>
			<usercreated>Admin</usercreated>
			<flags>0</flags>
			<properties>
				<property>
					<name>Title</name>
					<value><![CDATA[Installation_Guide_Outlook_2003]]></value>
				</property>
			</properties>
			<relations/>
			<accesscontrol/>
		</file>
		<file>
			<source>GDCN/Juniper-JUNOS-Hardening-Guide-v1.0.pdf</source>
			<destination>GDCN/Juniper-JUNOS-Hardening-Guide-v1.0.pdf</destination>
			<type>binary</type>
			<uuidstructure>f8512c7f-1dcd-11e7-b808-90fba685ef5f</uuidstructure>
			<uuidresource>f8512c80-1dcd-11e7-b808-90fba685ef5f</uuidresource>
			<datelastmodified>Mon, 10 Apr 2017 09:13:32 GMT</datelastmodified>
			<userlastmodified>Admin</userlastmodified>
			<datecreated>Mon, 10 Apr 2017 09:13:32 GMT</datecreated>
			<usercreated>Admin</usercreated>
			<flags>0</flags>
			<properties>
				<property>
					<name>Title</name>
					<value><![CDATA[Juniper JUNOS Hardening Guide v1.0]]></value>
				</property>
			</properties>
			<relations/>
			<accesscontrol/>
		</file>
		<file>
			<source>GDCN/Juniper-ScreenOS-Hardening-Guide-v1.0.pdf</source>
			<destination>GDCN/Juniper-ScreenOS-Hardening-Guide-v1.0.pdf</destination>
			<type>binary</type>
			<uuidstructure>f85b8cc2-1dcd-11e7-b808-90fba685ef5f</uuidstructure>
			<uuidresource>f85b8cc3-1dcd-11e7-b808-90fba685ef5f</uuidresource>
			<datelastmodified>Mon, 10 Apr 2017 09:13:33 GMT</datelastmodified>
			<userlastmodified>Admin</userlastmodified>
			<datecreated>Mon, 10 Apr 2017 09:13:33 GMT</datecreated>
			<usercreated>Admin</usercreated>
			<flags>0</flags>
			<properties>
				<property>
					<name>Title</name>
					<value><![CDATA[Juniper ScreenOS Hardening Guide v1.0]]></value>
				</property>
			</properties>
			<relations/>
			<accesscontrol/>
		</file>
		<file>
			<source>GDCN/mailbox_housekeeping_v1.1.pdf</source>
			<destination>GDCN/mailbox_housekeeping_v1.1.pdf</destination>
			<type>binary</type>
			<uuidstructure>55e2730c-1dcb-11e7-b808-90fba685ef5f</uuidstructure>
			<uuidresource>55e2730d-1dcb-11e7-b808-90fba685ef5f</uuidresource>
			<datelastmodified>Mon, 10 Apr 2017 08:54:41 GMT</datelastmodified>
			<userlastmodified>Admin</userlastmodified>
			<datecreated>Mon, 10 Apr 2017 08:54:41 GMT</datecreated>
			<usercreated>Admin</usercreated>
			<flags>0</flags>
			<properties>
				<property>
					<name>Title</name>
					<value><![CDATA[mailbox_housekeeping_v1.1]]></value>
				</property>
			</properties>
			<relations/>
			<accesscontrol/>
		</file>
		<file>
			<source>GDCN/Microsoft-Windows-7-Hardening-Guide-v1.0.pdf</source>
			<destination>GDCN/Microsoft-Windows-7-Hardening-Guide-v1.0.pdf</destination>
			<type>binary</type>
			<uuidstructure>f887a5d5-1dcd-11e7-b808-90fba685ef5f</uuidstructure>
			<uuidresource>f887a5d6-1dcd-11e7-b808-90fba685ef5f</uuidresource>
			<datelastmodified>Mon, 10 Apr 2017 09:13:33 GMT</datelastmodified>
			<userlastmodified>Admin</userlastmodified>
			<datecreated>Mon, 10 Apr 2017 09:13:33 GMT</datecreated>
			<usercreated>Admin</usercreated>
			<flags>0</flags>
			<properties>
				<property>
					<name>Title</name>
					<value><![CDATA[Microsoft Windows 7 Hardening Guide v1.0]]></value>
				</property>
			</properties>
			<relations/>
			<accesscontrol/>
		</file>
		<file>
			<source>GDCN/Microsoft-Windows-8-Hardening-Guide-v1.0.pdf</source>
			<destination>GDCN/Microsoft-Windows-8-Hardening-Guide-v1.0.pdf</destination>
			<type>binary</type>
			<uuidstructure>f890f4a8-1dcd-11e7-b808-90fba685ef5f</uuidstructure>
			<uuidresource>f890f4a9-1dcd-11e7-b808-90fba685ef5f</uuidresource>
			<datelastmodified>Mon, 10 Apr 2017 09:13:33 GMT</datelastmodified>
			<userlastmodified>Admin</userlastmodified>
			<datecreated>Mon, 10 Apr 2017 09:13:33 GMT</datecreated>
			<usercreated>Admin</usercreated>
			<flags>0</flags>
			<properties>
				<property>
					<name>Title</name>
					<value><![CDATA[Microsoft Windows 8 Hardening Guide v1.0]]></value>
				</property>
			</properties>
			<relations/>
			<accesscontrol/>
		</file>
		<file>
			<source>GDCN/Microsoft-Windows-8.1-Hardening-Guide-v1.0.pdf</source>
			<destination>GDCN/Microsoft-Windows-8.1-Hardening-Guide-v1.0.pdf</destination>
			<type>binary</type>
			<uuidstructure>f89bf12b-1dcd-11e7-b808-90fba685ef5f</uuidstructure>
			<uuidresource>f89bf12c-1dcd-11e7-b808-90fba685ef5f</uuidresource>
			<datelastmodified>Mon, 10 Apr 2017 09:13:33 GMT</datelastmodified>
			<userlastmodified>Admin</userlastmodified>
			<datecreated>Mon, 10 Apr 2017 09:13:33 GMT</datecreated>
			<usercreated>Admin</usercreated>
			<flags>0</flags>
			<properties>
				<property>
					<name>Title</name>
					<value><![CDATA[Microsoft Windows 8.1 Hardening Guide v1.0]]></value>
				</property>
			</properties>
			<relations/>
			<accesscontrol/>
		</file>
		<file>
			<source>GDCN/nonstdsw.doc</source>
			<destination>GDCN/nonstdsw.doc</destination>
			<type>binary</type>
			<uuidstructure>91daac88-1db6-11e7-b808-90fba685ef5f</uuidstructure>
			<uuidresource>91daac89-1db6-11e7-b808-90fba685ef5f</uuidresource>
			<datelastmodified>Mon, 10 Apr 2017 06:26:02 GMT</datelastmodified>
			<userlastmodified>Admin</userlastmodified>
			<datecreated>Mon, 10 Apr 2017 06:26:02 GMT</datecreated>
			<usercreated>Admin</usercreated>
			<flags>0</flags>
			<properties>
				<property>
					<name>Title</name>
					<value><![CDATA[nonstdsw]]></value>
				</property>
			</properties>
			<relations/>
			<accesscontrol/>
		</file>
		<file>
			<source>GDCN/OLK2003UserGuide.pdf</source>
			<destination>GDCN/OLK2003UserGuide.pdf</destination>
			<type>binary</type>
			<uuidstructure>55b8f2fd-1dcb-11e7-b808-90fba685ef5f</uuidstructure>
			<uuidresource>55b8f2fe-1dcb-11e7-b808-90fba685ef5f</uuidresource>
			<datelastmodified>Mon, 10 Apr 2017 08:54:41 GMT</datelastmodified>
			<userlastmodified>Admin</userlastmodified>
			<datecreated>Mon, 10 Apr 2017 08:54:41 GMT</datecreated>
			<usercreated>Admin</usercreated>
			<flags>0</flags>
			<properties>
				<property>
					<name>Title</name>
					<value><![CDATA[OLK2003UserGuide]]></value>
				</property>
			</properties>
			<relations/>
			<accesscontrol/>
		</file>
		<file>
			<source>GDCN/PCCW_Anti-SpamSystemUserGuide.pdf</source>
			<destination>GDCN/PCCW_Anti-SpamSystemUserGuide.pdf</destination>
			<type>binary</type>
			<uuidstructure>55c65f80-1dcb-11e7-b808-90fba685ef5f</uuidstructure>
			<uuidresource>55c65f81-1dcb-11e7-b808-90fba685ef5f</uuidresource>
			<datelastmodified>Mon, 10 Apr 2017 08:54:41 GMT</datelastmodified>
			<userlastmodified>Admin</userlastmodified>
			<datecreated>Mon, 10 Apr 2017 08:54:41 GMT</datecreated>
			<usercreated>Admin</usercreated>
			<flags>0</flags>
			<properties>
				<property>
					<name>Title</name>
					<value><![CDATA[PCCW_Anti-SpamSystemUserGuide]]></value>
				</property>
			</properties>
			<relations/>
			<accesscontrol/>
		</file>
		<file>
			<source>GDCN/PCMapping.pdf</source>
			<destination>GDCN/PCMapping.pdf</destination>
			<type>binary</type>
			<uuidstructure>2d61aaf7-1db9-11e7-b808-90fba685ef5f</uuidstructure>
			<uuidresource>2d61aaf8-1db9-11e7-b808-90fba685ef5f</uuidresource>
			<datelastmodified>Mon, 10 Apr 2017 06:44:42 GMT</datelastmodified>
			<userlastmodified>Admin</userlastmodified>
			<datecreated>Mon, 10 Apr 2017 06:44:42 GMT</datecreated>
			<usercreated>Admin</usercreated>
			<flags>0</flags>
			<properties>
				<property>
					<name>Title</name>
					<value><![CDATA[PCMapping]]></value>
				</property>
			</properties>
			<relations/>
			<accesscontrol/>
		</file>
		<file>
			<source>GDCN/Procedure-to-Migrate-to-New-OTF-Platform.pdf</source>
			<destination>GDCN/Procedure-to-Migrate-to-New-OTF-Platform.pdf</destination>
			<type>binary</type>
			<uuidstructure>3998c530-1dc7-11e7-b808-90fba685ef5f</uuidstructure>
			<uuidresource>3998c531-1dc7-11e7-b808-90fba685ef5f</uuidresource>
			<datelastmodified>Mon, 10 Apr 2017 08:25:16 GMT</datelastmodified>
			<userlastmodified>Admin</userlastmodified>
			<datecreated>Mon, 10 Apr 2017 08:25:16 GMT</datecreated>
			<usercreated>Admin</usercreated>
			<flags>0</flags>
			<properties>
				<property>
					<name>Title</name>
					<value><![CDATA[Procedure to Migrate to New OTF Platform]]></value>
				</property>
			</properties>
			<relations/>
			<accesscontrol/>
		</file>
		<file>
			<source>GDCN/Procedure_for_OTF_Version_2.0.x_Installation-User.pdf</source>
			<destination>GDCN/Procedure_for_OTF_Version_2.0.x_Installation-User.pdf</destination>
			<type>binary</type>
			<uuidstructure>39a4ac13-1dc7-11e7-b808-90fba685ef5f</uuidstructure>
			<uuidresource>39a4ac14-1dc7-11e7-b808-90fba685ef5f</uuidresource>
			<datelastmodified>Mon, 10 Apr 2017 08:25:16 GMT</datelastmodified>
			<userlastmodified>Admin</userlastmodified>
			<datecreated>Mon, 10 Apr 2017 08:25:16 GMT</datecreated>
			<usercreated>Admin</usercreated>
			<flags>0</flags>
			<properties>
				<property>
					<name>Title</name>
					<value><![CDATA[Procedure_for_OTF_Version_2.0.x_Installation-User]]></value>
				</property>
			</properties>
			<relations/>
			<accesscontrol/>
		</file>
		<file>
			<source>GDCN/Procedure_to_Change_Domain_User_Password.pdf</source>
			<destination>GDCN/Procedure_to_Change_Domain_User_Password.pdf</destination>
			<type>binary</type>
			<uuidstructure>55cca113-1dcb-11e7-b808-90fba685ef5f</uuidstructure>
			<uuidresource>55cca114-1dcb-11e7-b808-90fba685ef5f</uuidresource>
			<datelastmodified>Mon, 10 Apr 2017 08:54:41 GMT</datelastmodified>
			<userlastmodified>Admin</userlastmodified>
			<datecreated>Mon, 10 Apr 2017 08:54:41 GMT</datecreated>
			<usercreated>Admin</usercreated>
			<flags>0</flags>
			<properties>
				<property>
					<name>Title</name>
					<value><![CDATA[Procedure_to_Change_Domain_User_Password]]></value>
				</property>
			</properties>
			<relations/>
			<accesscontrol/>
		</file>
		<file>
			<source>GDCN/Recommendation_of_Encrypted_USB_Flash_Drive_for_GDCN_Users.pdf</source>
			<destination>GDCN/Recommendation_of_Encrypted_USB_Flash_Drive_for_GDCN_Users.pdf</destination>
			<type>binary</type>
			<uuidstructure>3bfd7e56-1dc9-11e7-b808-90fba685ef5f</uuidstructure>
			<uuidresource>3bfd7e57-1dc9-11e7-b808-90fba685ef5f</uuidresource>
			<datelastmodified>Mon, 10 Apr 2017 08:39:39 GMT</datelastmodified>
			<userlastmodified>Admin</userlastmodified>
			<datecreated>Mon, 10 Apr 2017 08:39:39 GMT</datecreated>
			<usercreated>Admin</usercreated>
			<flags>0</flags>
			<properties>
				<property>
					<name>Title</name>
					<value><![CDATA[Recommendation_of_Encrypted_USB_Flash_Drive_for_GDCN_Users]]></value>
				</property>
			</properties>
			<relations/>
			<accesscontrol/>
		</file>
		<file>
			<source>GDCN/User-Guide-to-Safer-Computing-at-PCCW-Version-2.1.pdf</source>
			<destination>GDCN/User-Guide-to-Safer-Computing-at-PCCW-Version-2.1.pdf</destination>
			<type>binary</type>
			<uuidstructure>88f50bc6-1dbb-11e7-b808-90fba685ef5f</uuidstructure>
			<uuidresource>88f50bc7-1dbb-11e7-b808-90fba685ef5f</uuidresource>
			<datelastmodified>Mon, 10 Apr 2017 07:01:35 GMT</datelastmodified>
			<userlastmodified>Admin</userlastmodified>
			<datecreated>Mon, 10 Apr 2017 07:01:35 GMT</datecreated>
			<usercreated>Admin</usercreated>
			<flags>0</flags>
			<properties>
				<property>
					<name>Title</name>
					<value><![CDATA[User Guide to Safer Computing at PCCW Version 2.1]]></value>
				</property>
			</properties>
			<relations/>
			<accesscontrol/>
		</file>
		<file>
			<source>GDCN/User-Responsibilities-Version-2.1.pdf</source>
			<destination>GDCN/User-Responsibilities-Version-2.1.pdf</destination>
			<type>binary</type>
			<uuidstructure>88f9c6b9-1dbb-11e7-b808-90fba685ef5f</uuidstructure>
			<uuidresource>88f9c6ba-1dbb-11e7-b808-90fba685ef5f</uuidresource>
			<datelastmodified>Mon, 10 Apr 2017 07:01:35 GMT</datelastmodified>
			<userlastmodified>Admin</userlastmodified>
			<datecreated>Mon, 10 Apr 2017 07:01:35 GMT</datecreated>
			<usercreated>Admin</usercreated>
			<flags>0</flags>
			<properties>
				<property>
					<name>Title</name>
					<value><![CDATA[User Responsibilities Version 2.1]]></value>
				</property>
			</properties>
			<relations/>
			<accesscontrol/>
		</file>
		<file>
			<source>GDCN/Websphere-8.5-Hardening-Guide-v1.0.0.pdf</source>
			<destination>GDCN/Websphere-8.5-Hardening-Guide-v1.0.0.pdf</destination>
			<type>binary</type>
			<uuidstructure>f8a73bce-1dcd-11e7-b808-90fba685ef5f</uuidstructure>
			<uuidresource>f8a73bcf-1dcd-11e7-b808-90fba685ef5f</uuidresource>
			<datelastmodified>Mon, 10 Apr 2017 09:13:33 GMT</datelastmodified>
			<userlastmodified>Admin</userlastmodified>
			<datecreated>Mon, 10 Apr 2017 09:13:33 GMT</datecreated>
			<usercreated>Admin</usercreated>
			<flags>0</flags>
			<properties>
				<property>
					<name>Title</name>
					<value><![CDATA[Websphere 8.5 Hardening Guide v1.0.0]]></value>
				</property>
			</properties>
			<relations/>
			<accesscontrol/>
		</file>
		<file>
			<source>GDCN/Wlan_Userguide_Win7_V6_for_PC_joining_corphq_domain.pdf</source>
			<destination>GDCN/Wlan_Userguide_Win7_V6_for_PC_joining_corphq_domain.pdf</destination>
			<type>binary</type>
			<uuidstructure>3c10430c-1dc9-11e7-b808-90fba685ef5f</uuidstructure>
			<uuidresource>3c10430d-1dc9-11e7-b808-90fba685ef5f</uuidresource>
			<datelastmodified>Mon, 10 Apr 2017 08:39:39 GMT</datelastmodified>
			<userlastmodified>Admin</userlastmodified>
			<datecreated>Mon, 10 Apr 2017 08:39:39 GMT</datecreated>
			<usercreated>Admin</usercreated>
			<flags>0</flags>
			<properties>
				<property>
					<name>Title</name>
					<value><![CDATA[Wlan_Userguide_Win7_V6_for_PC_joining_corphq_domain]]></value>
				</property>
			</properties>
			<relations/>
			<accesscontrol/>
		</file>
		<file>
			<source>GDCN/Wlan_Userguide_Win7_V6_for_PC_joining_other_domain.pdf</source>
			<destination>GDCN/Wlan_Userguide_Win7_V6_for_PC_joining_other_domain.pdf</destination>
			<type>binary</type>
			<uuidstructure>3c196acf-1dc9-11e7-b808-90fba685ef5f</uuidstructure>
			<uuidresource>3c196ad0-1dc9-11e7-b808-90fba685ef5f</uuidresource>
			<datelastmodified>Mon, 10 Apr 2017 08:39:39 GMT</datelastmodified>
			<userlastmodified>Admin</userlastmodified>
			<datecreated>Mon, 10 Apr 2017 08:39:39 GMT</datecreated>
			<usercreated>Admin</usercreated>
			<flags>0</flags>
			<properties>
				<property>
					<name>Title</name>
					<value><![CDATA[Wlan_Userguide_Win7_V6_for_PC_joining_other_domain]]></value>
				</property>
			</properties>
			<relations/>
			<accesscontrol/>
		</file>
		<file>
			<source>GDCN/Wlan_Userguide_Win8_V3_for_PC_joining_corphq_domain.pdf</source>
			<destination>GDCN/Wlan_Userguide_Win8_V3_for_PC_joining_corphq_domain.pdf</destination>
			<type>binary</type>
			<uuidstructure>3c22e0b2-1dc9-11e7-b808-90fba685ef5f</uuidstructure>
			<uuidresource>3c22e0b3-1dc9-11e7-b808-90fba685ef5f</uuidresource>
			<datelastmodified>Mon, 10 Apr 2017 08:39:39 GMT</datelastmodified>
			<userlastmodified>Admin</userlastmodified>
			<datecreated>Mon, 10 Apr 2017 08:39:39 GMT</datecreated>
			<usercreated>Admin</usercreated>
			<flags>0</flags>
			<properties>
				<property>
					<name>Title</name>
					<value><![CDATA[Wlan_Userguide_Win8_V3_for_PC_joining_corphq_domain]]></value>
				</property>
			</properties>
			<relations/>
			<accesscontrol/>
		</file>
		<file>
			<source>GDCN/Wlan_Userguide_Win8_V3_for_PC_joining_other_domain.pdf</source>
			<destination>GDCN/Wlan_Userguide_Win8_V3_for_PC_joining_other_domain.pdf</destination>
			<type>binary</type>
			<uuidstructure>3c29e595-1dc9-11e7-b808-90fba685ef5f</uuidstructure>
			<uuidresource>3c29e596-1dc9-11e7-b808-90fba685ef5f</uuidresource>
			<datelastmodified>Mon, 10 Apr 2017 08:39:39 GMT</datelastmodified>
			<userlastmodified>Admin</userlastmodified>
			<datecreated>Mon, 10 Apr 2017 08:39:39 GMT</datecreated>
			<usercreated>Admin</usercreated>
			<flags>0</flags>
			<properties>
				<property>
					<name>Title</name>
					<value><![CDATA[Wlan_Userguide_Win8_V3_for_PC_joining_other_domain]]></value>
				</property>
			</properties>
			<relations/>
			<accesscontrol/>
		</file>
		<file>
			<source>GDCN/WLAN_Userguide_WinXP_v6.pdf</source>
			<destination>GDCN/WLAN_Userguide_WinXP_v6.pdf</destination>
			<type>binary</type>
			<uuidstructure>3c0630e9-1dc9-11e7-b808-90fba685ef5f</uuidstructure>
			<uuidresource>3c0630ea-1dc9-11e7-b808-90fba685ef5f</uuidresource>
			<datelastmodified>Mon, 10 Apr 2017 08:39:39 GMT</datelastmodified>
			<userlastmodified>Admin</userlastmodified>
			<datecreated>Mon, 10 Apr 2017 08:39:39 GMT</datecreated>
			<usercreated>Admin</usercreated>
			<flags>0</flags>
			<properties>
				<property>
					<name>Title</name>
					<value><![CDATA[WLAN_Userguide_WinXP_v6]]></value>
				</property>
			</properties>
			<relations/>
			<accesscontrol/>
		</file>
	</files>
	<projects>
		<project>
			<name>Offline</name>
			<description><![CDATA[The Offline Project]]></description>
			<usersgroup>Users</usersgroup>
			<managersgroup>Users</managersgroup>
			<resources>
				<resource>/</resource>
			</resources>
		</project>
	</projects>
</export>
