<?xml version="1.0" encoding="UTF-8"?>

<NewFormatters xmlns:xsi="http://www.w3.org/2001/XMLSchema-instance" xsi:noNamespaceSchemaLocation="opencms://system/modules/org.opencms.ade.config/schemas/formatters/new_formatter.xsd">
  <NewFormatter language="en">
    <NiceName><![CDATA[%(key.formatter.a-faq.teaser.accordion)]]></NiceName>
    <Type><![CDATA[a-faq]]></Type>
    <Jsp>
      <link type="WEAK">
        <target><![CDATA[/system/modules/org.opencms.apollo/formatters/faq-teaser-accordion.jsp]]></target>
        <uuid>4ec73632-3d13-11e6-aee4-0242ac11002b</uuid>
      </link>
    </Jsp>
    <Rank><![CDATA[600]]></Rank>
    <Match>
      <Types>
        <ContainerType><![CDATA[element]]></ContainerType>
        <ContainerType><![CDATA[faq]]></ContainerType>
      </Types>
    </Match>
    <Preview>false</Preview>
    <SearchContent>true</SearchContent>
    <AutoEnabled>true</AutoEnabled>
    <Detail>false</Detail>
    <Display>true</Display>
    <NestedContainers>false</NestedContainers>
    <Setting>
      <PropertyName><![CDATA[cssWrapper]]></PropertyName>
      <DisplayName><![CDATA[%(key.apollo.setting.cssclass)]]></DisplayName>
      <Description><![CDATA[%(key.apollo.setting.cssclass.description)]]></Description>
      <Widget><![CDATA[string]]></Widget>
    </Setting>
    <Setting>
      <PropertyName><![CDATA[requiredListWrapper]]></PropertyName>
      <Widget><![CDATA[hidden]]></Widget>
      <Default><![CDATA[ap-panel panel-group]]></Default>
    </Setting>
    <Setting>
      <PropertyName><![CDATA[showExpired]]></PropertyName>
      <Widget><![CDATA[hidden]]></Widget>
      <Default><![CDATA[true]]></Default>
    </Setting>
    <Setting>
      <PropertyName><![CDATA[supportedLists]]></PropertyName>
      <Widget><![CDATA[hidden]]></Widget>
      <Default><![CDATA[static]]></Default>
    </Setting>
  </NewFormatter>
</NewFormatters>
