<?xml version="1.0" encoding="UTF-8"?>

<export>
	<info>
		<creator>Admin</creator>
		<opencms_version>10.5.1</opencms_version>
		<createdate>Tue, 18 Apr 2017 06:37:01 GMT</createdate>
		<infoproject>Offline</infoproject>
		<export_version>10</export_version>
	</info>
	<files>
		<file>
			<destination>Project-_-Change-Request</destination>
			<type>folder</type>
			<uuidstructure>03f76a78-0ac9-11e7-b2d1-90fba685ef5f</uuidstructure>
			<datelastmodified>Thu, 23 Mar 2017 08:23:18 GMT</datelastmodified>
			<userlastmodified>Admin</userlastmodified>
			<datecreated>Fri, 17 Mar 2017 04:20:12 GMT</datecreated>
			<usercreated>Admin</usercreated>
			<flags>0</flags>
			<properties>
				<property>
					<name>NavPos</name>
					<value><![CDATA[20.088749999999997]]></value>
				</property>
				<property>
					<name>NavText</name>
					<value><![CDATA[Project / Change Request]]></value>
				</property>
				<property>
					<name>Title</name>
					<value><![CDATA[Project / Change Request]]></value>
				</property>
				<property type="shared">
					<name>Title</name>
					<value><![CDATA[page]]></value>
				</property>
			</properties>
			<relations/>
			<accesscontrol/>
		</file>
		<file>
			<source>Project-_-Change-Request/index.html</source>
			<destination>Project-_-Change-Request/index.html</destination>
			<type>containerpage</type>
			<uuidstructure>03fee48e-0ac9-11e7-b2d1-90fba685ef5f</uuidstructure>
			<uuidresource>03fee48f-0ac9-11e7-b2d1-90fba685ef5f</uuidresource>
			<datelastmodified>Wed, 29 Mar 2017 02:00:44 GMT</datelastmodified>
			<userlastmodified>Admin</userlastmodified>
			<datecreated>Fri, 17 Mar 2017 04:20:12 GMT</datecreated>
			<usercreated>Admin</usercreated>
			<flags>0</flags>
			<properties>
				<property>
					<name>Description_de</name>
					<value><![CDATA[Klassisches Layout mit linker Navigationsspalte.]]></value>
				</property>
				<property>
					<name>Title</name>
					<value><![CDATA[Project / Change Request]]></value>
				</property>
				<property>
					<name>Title_de</name>
					<value><![CDATA[Apollo Template: Navigation links]]></value>
				</property>
				<property>
					<name>apollo.title.prefix</name>
					<value><![CDATA[BPU Intranet |]]></value>
				</property>
			</properties>
			<relations/>
			<accesscontrol/>
		</file>
	</files>
	<projects>
		<project>
			<name>Offline</name>
			<description><![CDATA[The Offline Project]]></description>
			<usersgroup>Users</usersgroup>
			<managersgroup>Users</managersgroup>
			<resources>
				<resource>/</resource>
			</resources>
		</project>
	</projects>
</export>
