<?xml version="1.0" encoding="UTF-8"?>

<export>
	<info>
		<infoproject>Offline</infoproject>
		<export_version>10</export_version>
	</info>
	<module>
		<name>org.opencms.apollo.template.tabs</name>
		<nicename><![CDATA[Apollo Template Tabs]]></nicename>
		<group>Apollo Template</group>
		<class/>
		<import-site>/</import-site>
		<export-mode name="reduced"/>
		<description><![CDATA[The OpenCms 10 Apollo template tabs extension.]]></description>
		<version>10.5.1</version>
		<authorname><![CDATA[Alkacon Software GmbH & Co. KG]]></authorname>
		<authoremail/>
		<datecreated/>
		<userinstalled/>
		<dateinstalled/>
		<dependencies>
			<dependency name="org.opencms.apollo.template.core" version="10.5.1"/>
		</dependencies>
		<exportpoints/>
		<resources>
			<resource uri="/system/modules/org.opencms.apollo.template.tabs/"/>
			<resource uri="/system/workplace/resources/filetypes/a-tabs.png"/>
			<resource uri="/system/workplace/resources/filetypes/a-tabs_big.png"/>
			<resource uri="/system/modules/org.opencms.apollo/formatters/tabs-accordion.jsp"/>
			<resource uri="/system/modules/org.opencms.apollo/formatters/tabs-accordion.xml"/>
			<resource uri="/system/modules/org.opencms.apollo/formatters/tabs-standard.jsp"/>
			<resource uri="/system/modules/org.opencms.apollo/formatters/tabs-standard.xml"/>
			<resource uri="/system/modules/org.opencms.apollo/i18n/org.opencms.apollo.template.tabs.messages_de"/>
			<resource uri="/system/modules/org.opencms.apollo/i18n/org.opencms.apollo.template.tabs.messages_en"/>
			<resource uri="/system/modules/org.opencms.apollo/schemas/tabs.xsd"/>
		</resources>
		<excluderesources/>
		<parameters/>
		<resourcetypes>
			<type class="org.opencms.file.types.CmsResourceTypeXmlContent" name="a-tabs" id="455">
				<param name="schema">/system/modules/org.opencms.apollo/schemas/tabs.xsd</param>
			</type>
		</resourcetypes>
		<explorertypes>
			<explorertype name="a-tabs" key="fileicon.a-tabs" icon="a-tabs.png" bigicon="a-tabs_big.png" reference="xmlcontent">
				<newresource page="a-menu" uri="newresource_xmlcontent.jsp?newresourcetype=a-tabs" order="40" autosetnavigation="false" autosettitle="false" info="desc.a-tabs" key="title.a-tabs"/>
			</explorertype>
		</explorertypes>
	</module>
	<files>
		<file>
			<destination>system</destination>
			<type>folder</type>
			<properties/>
		</file>
		<file>
			<destination>system/modules</destination>
			<type>folder</type>
			<properties/>
		</file>
		<file>
			<destination>system/modules/org.opencms.apollo.template.tabs</destination>
			<type>folder</type>
			<uuidstructure>2ad6a35d-75a2-11e6-af22-0242ac11002b</uuidstructure>
			<datecreated>Thu, 08 Sep 2016 08:56:44 GMT</datecreated>
			<flags>0</flags>
			<properties/>
			<relations/>
			<accesscontrol/>
		</file>
		<file>
			<source>system/modules/org.opencms.apollo.template.tabs/.config</source>
			<destination>system/modules/org.opencms.apollo.template.tabs/.config</destination>
			<type>module_config</type>
			<uuidstructure>d350d384-75a2-11e6-af22-0242ac11002b</uuidstructure>
			<uuidresource>d350d385-75a2-11e6-af22-0242ac11002b</uuidresource>
			<datecreated>Thu, 08 Sep 2016 09:01:27 GMT</datecreated>
			<flags>0</flags>
			<properties>
				<property>
					<name>locale</name>
					<value><![CDATA[en]]></value>
				</property>
				<property>
					<name>locale-available</name>
					<value><![CDATA[en]]></value>
				</property>
				<property>
					<name>search.exclude</name>
					<value><![CDATA[all]]></value>
				</property>
			</properties>
			<relations/>
			<accesscontrol/>
		</file>
		<file>
			<destination>system/modules/org.opencms.apollo</destination>
			<type>folder</type>
			<properties/>
		</file>
		<file>
			<destination>system/modules/org.opencms.apollo/formatters</destination>
			<type>folder</type>
			<properties/>
		</file>
		<file>
			<source>system/modules/org.opencms.apollo/formatters/tabs-accordion.jsp</source>
			<destination>system/modules/org.opencms.apollo/formatters/tabs-accordion.jsp</destination>
			<type>jsp</type>
			<uuidstructure>ffcce12b-56e3-11e5-946f-0242ac11002b</uuidstructure>
			<uuidresource>ffcce12c-56e3-11e5-946f-0242ac11002b</uuidresource>
			<datecreated>Wed, 09 Sep 2015 11:14:55 GMT</datecreated>
			<flags>0</flags>
			<properties>
				<property>
					<name>Title</name>
					<value><![CDATA[Formatter JSP for tabs-accordion as accordion]]></value>
				</property>
				<property>
					<name>cache</name>
					<value><![CDATA[container-element;locale]]></value>
				</property>
				<property type="shared">
					<name>export</name>
					<value><![CDATA[false]]></value>
				</property>
			</properties>
			<relations/>
			<accesscontrol/>
		</file>
		<file>
			<source>system/modules/org.opencms.apollo/formatters/tabs-accordion.xml</source>
			<destination>system/modules/org.opencms.apollo/formatters/tabs-accordion.xml</destination>
			<type>formatter_config</type>
			<uuidstructure>f5c79265-56e3-11e5-946f-0242ac11002b</uuidstructure>
			<uuidresource>f5c79266-56e3-11e5-946f-0242ac11002b</uuidresource>
			<datecreated>Wed, 09 Sep 2015 11:14:38 GMT</datecreated>
			<flags>0</flags>
			<properties>
				<property>
					<name>Title</name>
					<value><![CDATA[Tabs as accordion]]></value>
				</property>
				<property>
					<name>locale</name>
					<value><![CDATA[en]]></value>
				</property>
				<property>
					<name>locale-available</name>
					<value><![CDATA[en]]></value>
				</property>
				<property>
					<name>search.exclude</name>
					<value><![CDATA[all]]></value>
				</property>
			</properties>
			<relations/>
			<accesscontrol/>
		</file>
		<file>
			<source>system/modules/org.opencms.apollo/formatters/tabs-standard.jsp</source>
			<destination>system/modules/org.opencms.apollo/formatters/tabs-standard.jsp</destination>
			<type>jsp</type>
			<uuidstructure>20d49b52-56e2-11e5-946f-0242ac11002b</uuidstructure>
			<uuidresource>20d49b53-56e2-11e5-946f-0242ac11002b</uuidresource>
			<datecreated>Wed, 09 Sep 2015 11:01:31 GMT</datecreated>
			<flags>0</flags>
			<properties>
				<property>
					<name>Title</name>
					<value><![CDATA[Formatter JSP for tabs-accordion as tabs]]></value>
				</property>
				<property>
					<name>cache</name>
					<value><![CDATA[container-element;locale]]></value>
				</property>
				<property type="shared">
					<name>export</name>
					<value><![CDATA[false]]></value>
				</property>
			</properties>
			<relations/>
			<accesscontrol/>
		</file>
		<file>
			<source>system/modules/org.opencms.apollo/formatters/tabs-standard.xml</source>
			<destination>system/modules/org.opencms.apollo/formatters/tabs-standard.xml</destination>
			<type>formatter_config</type>
			<uuidstructure>20d8e115-56e2-11e5-946f-0242ac11002b</uuidstructure>
			<uuidresource>20d8e116-56e2-11e5-946f-0242ac11002b</uuidresource>
			<datecreated>Wed, 09 Sep 2015 11:01:31 GMT</datecreated>
			<flags>0</flags>
			<properties>
				<property>
					<name>Title</name>
					<value><![CDATA[Tabs in a row]]></value>
				</property>
				<property>
					<name>locale</name>
					<value><![CDATA[en]]></value>
				</property>
				<property>
					<name>locale-available</name>
					<value><![CDATA[en]]></value>
				</property>
				<property>
					<name>search.exclude</name>
					<value><![CDATA[all]]></value>
				</property>
			</properties>
			<relations/>
			<accesscontrol/>
		</file>
		<file>
			<destination>system/modules/org.opencms.apollo/i18n</destination>
			<type>folder</type>
			<properties/>
		</file>
		<file>
			<source>system/modules/org.opencms.apollo/i18n/org.opencms.apollo.template.tabs.messages_de</source>
			<destination>system/modules/org.opencms.apollo/i18n/org.opencms.apollo.template.tabs.messages_de</destination>
			<type>propertyvfsbundle</type>
			<uuidstructure>1ce899ba-adaa-11e6-a18e-0242ac11002b</uuidstructure>
			<uuidresource>1ce899bb-adaa-11e6-a18e-0242ac11002b</uuidresource>
			<datecreated>Fri, 18 Nov 2016 16:14:42 GMT</datecreated>
			<flags>0</flags>
			<properties>
				<property>
					<name>content-encoding</name>
					<value><![CDATA[UTF-8]]></value>
				</property>
				<property type="shared">
					<name>content-encoding</name>
					<value><![CDATA[UTF-8]]></value>
				</property>
				<property>
					<name>search.exclude</name>
					<value><![CDATA[all]]></value>
				</property>
			</properties>
			<relations/>
			<accesscontrol/>
		</file>
		<file>
			<source>system/modules/org.opencms.apollo/i18n/org.opencms.apollo.template.tabs.messages_en</source>
			<destination>system/modules/org.opencms.apollo/i18n/org.opencms.apollo.template.tabs.messages_en</destination>
			<type>propertyvfsbundle</type>
			<uuidstructure>1cea6e7d-adaa-11e6-a18e-0242ac11002b</uuidstructure>
			<uuidresource>1cea6e7e-adaa-11e6-a18e-0242ac11002b</uuidresource>
			<datecreated>Fri, 18 Nov 2016 16:14:42 GMT</datecreated>
			<flags>0</flags>
			<properties>
				<property>
					<name>content-encoding</name>
					<value><![CDATA[UTF-8]]></value>
				</property>
				<property type="shared">
					<name>content-encoding</name>
					<value><![CDATA[UTF-8]]></value>
				</property>
				<property>
					<name>search.exclude</name>
					<value><![CDATA[all]]></value>
				</property>
			</properties>
			<relations/>
			<accesscontrol/>
		</file>
		<file>
			<destination>system/modules/org.opencms.apollo/schemas</destination>
			<type>folder</type>
			<properties/>
		</file>
		<file>
			<source>system/modules/org.opencms.apollo/schemas/tabs.xsd</source>
			<destination>system/modules/org.opencms.apollo/schemas/tabs.xsd</destination>
			<type>plain</type>
			<uuidstructure>20af6007-56e2-11e5-946f-0242ac11002b</uuidstructure>
			<uuidresource>20af6008-56e2-11e5-946f-0242ac11002b</uuidresource>
			<datecreated>Wed, 09 Sep 2015 11:01:31 GMT</datecreated>
			<flags>0</flags>
			<properties>
				<property>
					<name>Title</name>
					<value><![CDATA[XSD for a tabs / accordion]]></value>
				</property>
			</properties>
			<relations/>
			<accesscontrol/>
		</file>
		<file>
			<destination>system/workplace</destination>
			<type>folder</type>
			<properties/>
		</file>
		<file>
			<destination>system/workplace/resources</destination>
			<type>folder</type>
			<properties/>
		</file>
		<file>
			<destination>system/workplace/resources/filetypes</destination>
			<type>folder</type>
			<properties/>
		</file>
		<file>
			<source>system/workplace/resources/filetypes/a-tabs.png</source>
			<destination>system/workplace/resources/filetypes/a-tabs.png</destination>
			<type>image</type>
			<uuidstructure>20be542a-56e2-11e5-946f-0242ac11002b</uuidstructure>
			<uuidresource>b67b4e7e-56e2-11e5-946f-0242ac11002b</uuidresource>
			<datecreated>Wed, 09 Sep 2015 11:05:42 GMT</datecreated>
			<flags>0</flags>
			<properties>
				<property type="shared">
					<name>image.size</name>
					<value><![CDATA[w:16,h:16]]></value>
				</property>
			</properties>
			<relations/>
			<accesscontrol/>
		</file>
		<file>
			<source>system/workplace/resources/filetypes/a-tabs_big.png</source>
			<destination>system/workplace/resources/filetypes/a-tabs_big.png</destination>
			<type>image</type>
			<uuidstructure>20c5f54e-56e2-11e5-946f-0242ac11002b</uuidstructure>
			<uuidresource>c05806a3-56e2-11e5-946f-0242ac11002b</uuidresource>
			<datecreated>Wed, 09 Sep 2015 11:05:59 GMT</datecreated>
			<flags>0</flags>
			<properties>
				<property type="shared">
					<name>image.size</name>
					<value><![CDATA[w:24,h:24]]></value>
				</property>
			</properties>
			<relations/>
			<accesscontrol/>
		</file>
	</files>
</export>
