<?xml version="1.0" encoding="UTF-8"?>

<export>
	<info>
		<creator>Admin</creator>
		<opencms_version>10.5.1</opencms_version>
		<createdate>Tue, 18 Apr 2017 08:51:45 GMT</createdate>
		<infoproject>Offline</infoproject>
		<export_version>10</export_version>
	</info>
	<files>
		<file>
			<destination>PolicyProcedures-Guidelines</destination>
			<type>subsitemap</type>
			<uuidstructure>ecc23200-0868-11e7-affc-90fba685ef5f</uuidstructure>
			<datelastmodified>Thu, 30 Mar 2017 04:25:15 GMT</datelastmodified>
			<userlastmodified>Admin</userlastmodified>
			<datecreated>Tue, 14 Mar 2017 03:47:19 GMT</datecreated>
			<usercreated>Admin</usercreated>
			<flags>0</flags>
			<properties>
				<property>
					<name>NavInfo</name>
					<value><![CDATA[ignoreInDefaultNav]]></value>
				</property>
				<property>
					<name>NavPos</name>
					<value><![CDATA[0.010624997]]></value>
				</property>
				<property>
					<name>NavText</name>
					<value><![CDATA[Procedures & Policy]]></value>
				</property>
				<property>
					<name>Title</name>
					<value><![CDATA[Policy,Procedures & Guidelines]]></value>
				</property>
				<property>
					<name>default-file</name>
					<value><![CDATA[##navigation_level_folder##]]></value>
				</property>
			</properties>
			<relations/>
			<accesscontrol/>
		</file>
		<file>
			<destination>PolicyProcedures-Guidelines/user-guide-guideline</destination>
			<type>folder</type>
			<uuidstructure>996b1a9f-1da2-11e7-b808-90fba685ef5f</uuidstructure>
			<datelastmodified>Mon, 10 Apr 2017 04:03:25 GMT</datelastmodified>
			<userlastmodified>Admin</userlastmodified>
			<datecreated>Mon, 10 Apr 2017 04:03:05 GMT</datecreated>
			<usercreated>Admin</usercreated>
			<flags>0</flags>
			<properties>
				<property>
					<name>NavPos</name>
					<value><![CDATA[4.8801303E-6]]></value>
				</property>
				<property>
					<name>NavText</name>
					<value><![CDATA[User Guide/ Guideline]]></value>
				</property>
				<property>
					<name>Title</name>
					<value><![CDATA[User Guide/ Guideline]]></value>
				</property>
				<property type="shared">
					<name>Title</name>
					<value><![CDATA[page]]></value>
				</property>
			</properties>
			<relations/>
			<accesscontrol/>
		</file>
		<file>
			<source>PolicyProcedures-Guidelines/user-guide-guideline/index.html</source>
			<destination>PolicyProcedures-Guidelines/user-guide-guideline/index.html</destination>
			<type>containerpage</type>
			<uuidstructure>997b2035-1da2-11e7-b808-90fba685ef5f</uuidstructure>
			<uuidresource>997b2036-1da2-11e7-b808-90fba685ef5f</uuidresource>
			<datelastmodified>Wed, 12 Apr 2017 02:48:07 GMT</datelastmodified>
			<userlastmodified>Admin</userlastmodified>
			<datecreated>Mon, 10 Apr 2017 04:03:05 GMT</datecreated>
			<usercreated>Admin</usercreated>
			<flags>0</flags>
			<properties>
				<property>
					<name>Description_de</name>
					<value><![CDATA[Klassisches Layout mit linker Navigationsspalte.]]></value>
				</property>
				<property>
					<name>Title</name>
					<value><![CDATA[User Guide/ Guideline]]></value>
				</property>
				<property>
					<name>Title_de</name>
					<value><![CDATA[Apollo Template: Navigation links]]></value>
				</property>
				<property>
					<name>apollo.title.prefix</name>
					<value><![CDATA[BPU Intranet |]]></value>
				</property>
			</properties>
			<relations/>
			<accesscontrol/>
		</file>
	</files>
	<projects>
		<project>
			<name>Offline</name>
			<description><![CDATA[The Offline Project]]></description>
			<usersgroup>Users</usersgroup>
			<managersgroup>Users</managersgroup>
			<resources>
				<resource>/</resource>
			</resources>
		</project>
	</projects>
</export>
