<?xml version="1.0" encoding="UTF-8"?>

<export>
	<info>
		<infoproject>Offline</infoproject>
		<export_version>10</export_version>
	</info>
	<module>
		<name>org.opencms.apollo.template.linksequence</name>
		<nicename><![CDATA[Apollo Template Link list]]></nicename>
		<group>Apollo Template</group>
		<class/>
		<import-site>/</import-site>
		<export-mode name="reduced"/>
		<description><![CDATA[The OpenCms 10 Apollo template link sequence extension.]]></description>
		<version>10.5.1</version>
		<authorname><![CDATA[Alkacon Software GmbH & Co. KG]]></authorname>
		<authoremail/>
		<datecreated/>
		<userinstalled/>
		<dateinstalled/>
		<dependencies>
			<dependency name="org.opencms.apollo.template.core" version="10.5.1"/>
		</dependencies>
		<exportpoints>
			<exportpoint uri="/system/modules/org.opencms.apollo.template.linksequence/tags/" destination="WEB-INF/tags/apollo/"/>
		</exportpoints>
		<resources>
			<resource uri="/system/modules/org.opencms.apollo.template.linksequence/"/>
			<resource uri="/system/workplace/resources/filetypes/a-linksequence.png"/>
			<resource uri="/system/workplace/resources/filetypes/a-linksequence_big.png"/>
			<resource uri="/system/modules/org.opencms.apollo/formatters/linksequence-head.jsp"/>
			<resource uri="/system/modules/org.opencms.apollo/formatters/linksequence-head.xml"/>
			<resource uri="/system/modules/org.opencms.apollo/formatters/linksequence-standard.jsp"/>
			<resource uri="/system/modules/org.opencms.apollo/formatters/linksequence-standard.xml"/>
			<resource uri="/system/modules/org.opencms.apollo/i18n/org.opencms.apollo.template.linksequence.messages_de"/>
			<resource uri="/system/modules/org.opencms.apollo/i18n/org.opencms.apollo.template.linksequence.messages_en"/>
			<resource uri="/system/modules/org.opencms.apollo/schemas/linksequence.xsd"/>
		</resources>
		<excluderesources/>
		<parameters/>
		<resourcetypes>
			<type class="org.opencms.file.types.CmsResourceTypeXmlContent" name="a-linksequence" id="468">
				<param name="schema">/system/modules/org.opencms.apollo/schemas/linksequence.xsd</param>
			</type>
		</resourcetypes>
		<explorertypes>
			<explorertype name="a-linksequence" key="fileicon.a-linksequence" icon="a-linksequence.png" bigicon="a-linksequence_big.png" reference="xmlcontent">
				<newresource page="structurecontent" uri="newresource_xmlcontent.jsp?newresourcetype=a-linksequence" order="10" autosetnavigation="false" autosettitle="false" info="desc.a-linksequence" key="title.a-linksequence"/>
			</explorertype>
		</explorertypes>
	</module>
	<files>
		<file>
			<destination>system</destination>
			<type>folder</type>
			<properties/>
		</file>
		<file>
			<destination>system/modules</destination>
			<type>folder</type>
			<properties/>
		</file>
		<file>
			<destination>system/modules/org.opencms.apollo.template.linksequence</destination>
			<type>folder</type>
			<uuidstructure>9cc20dc8-3f77-11e6-b24c-0242ac11002b</uuidstructure>
			<datecreated>Fri, 01 Jul 2016 10:36:04 GMT</datecreated>
			<flags>0</flags>
			<properties/>
			<relations/>
			<accesscontrol/>
		</file>
		<file>
			<source>system/modules/org.opencms.apollo.template.linksequence/.config</source>
			<destination>system/modules/org.opencms.apollo.template.linksequence/.config</destination>
			<type>module_config</type>
			<uuidstructure>44845fbe-3f78-11e6-b24c-0242ac11002b</uuidstructure>
			<uuidresource>44845fbf-3f78-11e6-b24c-0242ac11002b</uuidresource>
			<datecreated>Fri, 01 Jul 2016 10:40:45 GMT</datecreated>
			<flags>0</flags>
			<properties>
				<property>
					<name>locale</name>
					<value><![CDATA[en]]></value>
				</property>
				<property>
					<name>locale-available</name>
					<value><![CDATA[en]]></value>
				</property>
				<property>
					<name>search.exclude</name>
					<value><![CDATA[all]]></value>
				</property>
			</properties>
			<relations/>
			<accesscontrol/>
		</file>
		<file>
			<destination>system/modules/org.opencms.apollo</destination>
			<type>folder</type>
			<properties/>
		</file>
		<file>
			<destination>system/modules/org.opencms.apollo/formatters</destination>
			<type>folder</type>
			<properties/>
		</file>
		<file>
			<source>system/modules/org.opencms.apollo/formatters/linksequence-head.jsp</source>
			<destination>system/modules/org.opencms.apollo/formatters/linksequence-head.jsp</destination>
			<type>jsp</type>
			<uuidstructure>0830964f-5499-11e6-958f-0242ac11002b</uuidstructure>
			<uuidresource>08309650-5499-11e6-958f-0242ac11002b</uuidresource>
			<datecreated>Thu, 28 Jul 2016 07:58:12 GMT</datecreated>
			<flags>0</flags>
			<properties>
				<property>
					<name>Title</name>
					<value><![CDATA[Formatter JSP for head link list]]></value>
				</property>
				<property>
					<name>cache</name>
					<value><![CDATA[container-element;locale]]></value>
				</property>
				<property type="shared">
					<name>export</name>
					<value><![CDATA[false]]></value>
				</property>
			</properties>
			<relations/>
			<accesscontrol/>
		</file>
		<file>
			<source>system/modules/org.opencms.apollo/formatters/linksequence-head.xml</source>
			<destination>system/modules/org.opencms.apollo/formatters/linksequence-head.xml</destination>
			<type>formatter_config</type>
			<uuidstructure>1ffcc519-5498-11e6-958f-0242ac11002b</uuidstructure>
			<uuidresource>1ffcc51a-5498-11e6-958f-0242ac11002b</uuidresource>
			<datecreated>Thu, 28 Jul 2016 07:51:42 GMT</datecreated>
			<flags>0</flags>
			<properties>
				<property>
					<name>Title</name>
					<value><![CDATA[Link sequence in a row]]></value>
				</property>
				<property>
					<name>locale</name>
					<value><![CDATA[en]]></value>
				</property>
				<property>
					<name>locale-available</name>
					<value><![CDATA[en]]></value>
				</property>
				<property>
					<name>search.exclude</name>
					<value><![CDATA[all]]></value>
				</property>
			</properties>
			<relations/>
			<accesscontrol/>
		</file>
		<file>
			<source>system/modules/org.opencms.apollo/formatters/linksequence-standard.jsp</source>
			<destination>system/modules/org.opencms.apollo/formatters/linksequence-standard.jsp</destination>
			<type>jsp</type>
			<uuidstructure>44771945-3f78-11e6-b24c-0242ac11002b</uuidstructure>
			<uuidresource>44771946-3f78-11e6-b24c-0242ac11002b</uuidresource>
			<datecreated>Fri, 01 Jul 2016 10:40:45 GMT</datecreated>
			<flags>0</flags>
			<properties>
				<property>
					<name>Title</name>
					<value><![CDATA[Formatter JSP for standard link list]]></value>
				</property>
				<property>
					<name>cache</name>
					<value><![CDATA[container-element;locale]]></value>
				</property>
				<property type="shared">
					<name>export</name>
					<value><![CDATA[false]]></value>
				</property>
			</properties>
			<relations/>
			<accesscontrol/>
		</file>
		<file>
			<source>system/modules/org.opencms.apollo/formatters/linksequence-standard.xml</source>
			<destination>system/modules/org.opencms.apollo/formatters/linksequence-standard.xml</destination>
			<type>formatter_config</type>
			<uuidstructure>447a74a8-3f78-11e6-b24c-0242ac11002b</uuidstructure>
			<uuidresource>447a74a9-3f78-11e6-b24c-0242ac11002b</uuidresource>
			<datecreated>Fri, 01 Jul 2016 10:40:45 GMT</datecreated>
			<flags>0</flags>
			<properties>
				<property>
					<name>Title</name>
					<value><![CDATA[Link sequence as bullet points]]></value>
				</property>
				<property>
					<name>locale</name>
					<value><![CDATA[en]]></value>
				</property>
				<property>
					<name>locale-available</name>
					<value><![CDATA[en]]></value>
				</property>
				<property>
					<name>search.exclude</name>
					<value><![CDATA[all]]></value>
				</property>
			</properties>
			<relations/>
			<accesscontrol/>
		</file>
		<file>
			<destination>system/modules/org.opencms.apollo/i18n</destination>
			<type>folder</type>
			<properties/>
		</file>
		<file>
			<source>system/modules/org.opencms.apollo/i18n/org.opencms.apollo.template.linksequence.messages_de</source>
			<destination>system/modules/org.opencms.apollo/i18n/org.opencms.apollo.template.linksequence.messages_de</destination>
			<type>propertyvfsbundle</type>
			<uuidstructure>e18b2678-ada9-11e6-a18e-0242ac11002b</uuidstructure>
			<uuidresource>e18b2679-ada9-11e6-a18e-0242ac11002b</uuidresource>
			<datecreated>Fri, 18 Nov 2016 16:13:02 GMT</datecreated>
			<flags>0</flags>
			<properties>
				<property>
					<name>content-encoding</name>
					<value><![CDATA[UTF-8]]></value>
				</property>
				<property type="shared">
					<name>content-encoding</name>
					<value><![CDATA[UTF-8]]></value>
				</property>
				<property>
					<name>search.exclude</name>
					<value><![CDATA[all]]></value>
				</property>
			</properties>
			<relations/>
			<accesscontrol/>
		</file>
		<file>
			<source>system/modules/org.opencms.apollo/i18n/org.opencms.apollo.template.linksequence.messages_en</source>
			<destination>system/modules/org.opencms.apollo/i18n/org.opencms.apollo.template.linksequence.messages_en</destination>
			<type>propertyvfsbundle</type>
			<uuidstructure>e18d706b-ada9-11e6-a18e-0242ac11002b</uuidstructure>
			<uuidresource>e18d706c-ada9-11e6-a18e-0242ac11002b</uuidresource>
			<datecreated>Fri, 18 Nov 2016 16:13:02 GMT</datecreated>
			<flags>0</flags>
			<properties>
				<property>
					<name>content-encoding</name>
					<value><![CDATA[UTF-8]]></value>
				</property>
				<property type="shared">
					<name>content-encoding</name>
					<value><![CDATA[UTF-8]]></value>
				</property>
				<property>
					<name>search.exclude</name>
					<value><![CDATA[all]]></value>
				</property>
			</properties>
			<relations/>
			<accesscontrol/>
		</file>
		<file>
			<destination>system/modules/org.opencms.apollo/schemas</destination>
			<type>folder</type>
			<properties/>
		</file>
		<file>
			<source>system/modules/org.opencms.apollo/schemas/linksequence.xsd</source>
			<destination>system/modules/org.opencms.apollo/schemas/linksequence.xsd</destination>
			<type>plain</type>
			<uuidstructure>44329627-3f78-11e6-b24c-0242ac11002b</uuidstructure>
			<uuidresource>44329628-3f78-11e6-b24c-0242ac11002b</uuidresource>
			<datecreated>Fri, 01 Jul 2016 10:40:45 GMT</datecreated>
			<flags>0</flags>
			<properties>
				<property>
					<name>Title</name>
					<value><![CDATA[XSD for a link list]]></value>
				</property>
			</properties>
			<relations/>
			<accesscontrol/>
		</file>
		<file>
			<destination>system/workplace</destination>
			<type>folder</type>
			<properties/>
		</file>
		<file>
			<destination>system/workplace/resources</destination>
			<type>folder</type>
			<properties/>
		</file>
		<file>
			<destination>system/workplace/resources/filetypes</destination>
			<type>folder</type>
			<properties/>
		</file>
		<file>
			<source>system/workplace/resources/filetypes/a-linksequence.png</source>
			<destination>system/workplace/resources/filetypes/a-linksequence.png</destination>
			<type>image</type>
			<uuidstructure>445eaf3a-3f78-11e6-b24c-0242ac11002b</uuidstructure>
			<uuidresource>445eaf3b-3f78-11e6-b24c-0242ac11002b</uuidresource>
			<datecreated>Fri, 01 Jul 2016 10:40:45 GMT</datecreated>
			<flags>0</flags>
			<properties>
				<property type="shared">
					<name>image.size</name>
					<value><![CDATA[w:16,h:16]]></value>
				</property>
			</properties>
			<relations/>
			<accesscontrol/>
		</file>
		<file>
			<source>system/workplace/resources/filetypes/a-linksequence_big.png</source>
			<destination>system/workplace/resources/filetypes/a-linksequence_big.png</destination>
			<type>image</type>
			<uuidstructure>4461e38e-3f78-11e6-b24c-0242ac11002b</uuidstructure>
			<uuidresource>4461e38f-3f78-11e6-b24c-0242ac11002b</uuidresource>
			<datecreated>Fri, 01 Jul 2016 10:40:45 GMT</datecreated>
			<flags>0</flags>
			<properties>
				<property type="shared">
					<name>image.size</name>
					<value><![CDATA[w:24,h:24]]></value>
				</property>
			</properties>
			<relations/>
			<accesscontrol/>
		</file>
	</files>
</export>
