<?xml version="1.0" encoding="UTF-8"?>

<export>
	<info>
		<creator>Admin</creator>
		<opencms_version>10.5.1</opencms_version>
		<createdate>Mon, 24 Apr 2017 05:58:47 GMT</createdate>
		<infoproject>Offline</infoproject>
		<export_version>10</export_version>
	</info>
	<files>
		<file>
			<destination>Enquiries</destination>
			<type>folder</type>
			<uuidstructure>120c613f-24d3-11e7-ac94-90fba685ef5f</uuidstructure>
			<datelastmodified>Fri, 21 Apr 2017 02:49:48 GMT</datelastmodified>
			<userlastmodified>Admin</userlastmodified>
			<datecreated>Wed, 19 Apr 2017 07:37:41 GMT</datecreated>
			<usercreated>Admin</usercreated>
			<flags>0</flags>
			<properties>
				<property>
					<name>NavInfo</name>
					<value><![CDATA[ignoreInDefaultNav]]></value>
				</property>
				<property>
					<name>NavPos</name>
					<value><![CDATA[0.0018359348]]></value>
				</property>
				<property>
					<name>NavText</name>
					<value><![CDATA[About Us]]></value>
				</property>
				<property>
					<name>Title</name>
					<value><![CDATA[About Us]]></value>
				</property>
				<property type="shared">
					<name>Title</name>
					<value><![CDATA[page]]></value>
				</property>
			</properties>
			<relations/>
			<accesscontrol/>
		</file>
		<file>
			<source>Enquiries/index.html</source>
			<destination>Enquiries/index.html</destination>
			<type>containerpage</type>
			<uuidstructure>127498f5-24d3-11e7-ac94-90fba685ef5f</uuidstructure>
			<uuidresource>127498f6-24d3-11e7-ac94-90fba685ef5f</uuidresource>
			<datelastmodified>Fri, 21 Apr 2017 04:15:00 GMT</datelastmodified>
			<userlastmodified>Admin</userlastmodified>
			<datecreated>Wed, 19 Apr 2017 07:37:42 GMT</datecreated>
			<usercreated>Admin</usercreated>
			<flags>0</flags>
			<properties>
				<property>
					<name>Description_de</name>
					<value><![CDATA[Klassisches Layout mit linker Navigationsspalte.]]></value>
				</property>
				<property>
					<name>Title</name>
					<value><![CDATA[Enquiry]]></value>
				</property>
				<property>
					<name>Title_de</name>
					<value><![CDATA[Apollo Template: Navigation links]]></value>
				</property>
			</properties>
			<relations/>
			<accesscontrol/>
		</file>
	</files>
	<projects>
		<project>
			<name>Offline</name>
			<description><![CDATA[The Offline Project]]></description>
			<usersgroup>Users</usersgroup>
			<managersgroup>Users</managersgroup>
			<resources>
				<resource>/</resource>
			</resources>
		</project>
	</projects>
</export>
