<?xml version="1.0" encoding="UTF-8"?>

<export>
	<info>
		<creator>Admin</creator>
		<opencms_version>10.5.1</opencms_version>
		<createdate>Tue, 18 Apr 2017 04:28:41 GMT</createdate>
		<infoproject>Offline</infoproject>
		<export_version>10</export_version>
	</info>
	<files>
		<file>
			<source>index.html</source>
			<destination>index.html</destination>
			<type>htmlredirect</type>
			<uuidstructure>37a44795-5ab9-11e4-955d-005056b61161</uuidstructure>
			<uuidresource>37a44796-5ab9-11e4-955d-005056b61161</uuidresource>
			<datelastmodified>Tue, 14 Mar 2017 04:11:38 GMT</datelastmodified>
			<userlastmodified>Admin</userlastmodified>
			<datecreated>Thu, 23 Oct 2014 13:33:47 GMT</datecreated>
			<usercreated>Admin</usercreated>
			<flags>0</flags>
			<properties>
				<property>
					<name>Title</name>
					<value><![CDATA[Link to: /home/]]></value>
				</property>
				<property>
					<name>locale-available</name>
					<value><![CDATA[en]]></value>
				</property>
				<property>
					<name>search.exclude</name>
					<value><![CDATA[all]]></value>
				</property>
				<property type="shared">
					<name>template-elements</name>
					<value><![CDATA[/system/modules/org.opencms.ade.sitemap/pages/redirect-detail.jsp]]></value>
				</property>
			</properties>
			<relations/>
			<accesscontrol/>
		</file>
	</files>
</export>
