<?xml version="1.0" encoding="UTF-8"?>

<export>
	<info>
		<creator>Admin</creator>
		<opencms_version>10.5.1</opencms_version>
		<createdate>Mon, 24 Apr 2017 05:59:31 GMT</createdate>
		<infoproject>Offline</infoproject>
		<export_version>10</export_version>
	</info>
	<files>
		<file>
			<destination>useful-forms_0001</destination>
			<type>folder</type>
			<uuidstructure>de317411-1b61-11e7-b808-90fba685ef5f</uuidstructure>
			<datelastmodified>Fri, 07 Apr 2017 07:15:54 GMT</datelastmodified>
			<userlastmodified>Admin</userlastmodified>
			<datecreated>Fri, 07 Apr 2017 07:14:41 GMT</datecreated>
			<usercreated>Admin</usercreated>
			<flags>0</flags>
			<properties>
				<property>
					<name>NavPos</name>
					<value><![CDATA[30.713749]]></value>
				</property>
				<property>
					<name>NavText</name>
					<value><![CDATA[Useful Forms]]></value>
				</property>
				<property>
					<name>Title</name>
					<value><![CDATA[Useful Forms]]></value>
				</property>
			</properties>
			<relations/>
			<accesscontrol/>
		</file>
		<file>
			<source>useful-forms_0001/index.html</source>
			<destination>useful-forms_0001/index.html</destination>
			<type>containerpage</type>
			<uuidstructure>de3d8206-1b61-11e7-b808-90fba685ef5f</uuidstructure>
			<uuidresource>de3d8207-1b61-11e7-b808-90fba685ef5f</uuidresource>
			<datelastmodified>Fri, 21 Apr 2017 06:49:12 GMT</datelastmodified>
			<userlastmodified>Admin</userlastmodified>
			<datecreated>Fri, 07 Apr 2017 07:14:41 GMT</datecreated>
			<usercreated>Admin</usercreated>
			<flags>0</flags>
			<properties>
				<property>
					<name>Description_de</name>
					<value><![CDATA[Klassisches Layout mit linker Navigationsspalte.]]></value>
				</property>
				<property>
					<name>Title</name>
					<value><![CDATA[Useful Forms]]></value>
				</property>
				<property>
					<name>Title_de</name>
					<value><![CDATA[Apollo Template: Navigation links]]></value>
				</property>
				<property>
					<name>apollo.title.prefix</name>
					<value><![CDATA[BPU Intranet |]]></value>
				</property>
			</properties>
			<relations/>
			<accesscontrol/>
		</file>
	</files>
	<projects>
		<project>
			<name>Offline</name>
			<description><![CDATA[The Offline Project]]></description>
			<usersgroup>Users</usersgroup>
			<managersgroup>Users</managersgroup>
			<resources>
				<resource>/</resource>
			</resources>
		</project>
	</projects>
</export>
