<?xml version="1.0" encoding="UTF-8"?>

<export>
	<info>
		<creator>Admin</creator>
		<opencms_version>10.5.1</opencms_version>
		<createdate>Fri, 21 Apr 2017 08:41:56 GMT</createdate>
		<infoproject>Offline</infoproject>
		<export_version>10</export_version>
	</info>
	<files>
		<file>
			<destination>AMS-_-Production-Support</destination>
			<type>folder</type>
			<uuidstructure>0a7c451d-0ac9-11e7-b2d1-90fba685ef5f</uuidstructure>
			<datelastmodified>Wed, 05 Apr 2017 01:53:48 GMT</datelastmodified>
			<userlastmodified>Admin</userlastmodified>
			<datecreated>Fri, 17 Mar 2017 04:20:23 GMT</datecreated>
			<usercreated>Admin</usercreated>
			<flags>0</flags>
			<properties>
				<property>
					<name>NavPos</name>
					<value><![CDATA[30.088749999999997]]></value>
				</property>
				<property>
					<name>NavText</name>
					<value><![CDATA[AMS / Production Support]]></value>
				</property>
				<property>
					<name>Title</name>
					<value><![CDATA[AMS / Production Support]]></value>
				</property>
				<property type="shared">
					<name>Title</name>
					<value><![CDATA[page]]></value>
				</property>
			</properties>
			<relations/>
			<accesscontrol/>
		</file>
		<file>
			<source>AMS-_-Production-Support/index.html</source>
			<destination>AMS-_-Production-Support/index.html</destination>
			<type>containerpage</type>
			<uuidstructure>0aa773d3-0ac9-11e7-b2d1-90fba685ef5f</uuidstructure>
			<uuidresource>0aa773d4-0ac9-11e7-b2d1-90fba685ef5f</uuidresource>
			<datelastmodified>Fri, 21 Apr 2017 06:49:29 GMT</datelastmodified>
			<userlastmodified>Admin</userlastmodified>
			<datecreated>Fri, 17 Mar 2017 04:20:24 GMT</datecreated>
			<usercreated>Admin</usercreated>
			<flags>0</flags>
			<properties>
				<property>
					<name>Description_de</name>
					<value><![CDATA[Klassisches Layout mit linker Navigationsspalte.]]></value>
				</property>
				<property>
					<name>Title</name>
					<value><![CDATA[AMS/ Production Support]]></value>
				</property>
				<property>
					<name>Title_de</name>
					<value><![CDATA[Apollo Template: Navigation links]]></value>
				</property>
				<property>
					<name>apollo.title.prefix</name>
					<value><![CDATA[BPU Intranet |]]></value>
				</property>
			</properties>
			<relations/>
			<accesscontrol/>
		</file>
	</files>
	<projects>
		<project>
			<name>Offline</name>
			<description><![CDATA[The Offline Project]]></description>
			<usersgroup>Users</usersgroup>
			<managersgroup>Users</managersgroup>
			<resources>
				<resource>/</resource>
			</resources>
		</project>
	</projects>
</export>
