<?xml version="1.0" encoding="UTF-8"?>

<export>
	<info>
		<creator>Admin</creator>
		<opencms_version>10.5.1</opencms_version>
		<createdate>Tue, 18 Apr 2017 06:35:41 GMT</createdate>
		<infoproject>Offline</infoproject>
		<export_version>10</export_version>
	</info>
	<files>
		<file>
			<destination>pccws-scope</destination>
			<type>folder</type>
			<uuidstructure>787fcca5-0ae1-11e7-b2d1-90fba685ef5f</uuidstructure>
			<datelastmodified>Fri, 17 Mar 2017 07:17:54 GMT</datelastmodified>
			<userlastmodified>Admin</userlastmodified>
			<datecreated>Fri, 17 Mar 2017 07:15:16 GMT</datecreated>
			<usercreated>Admin</usercreated>
			<flags>0</flags>
			<properties>
				<property>
					<name>NavInfo</name>
					<value><![CDATA[ignoreInDefaultNav]]></value>
				</property>
				<property>
					<name>NavPos</name>
					<value><![CDATA[1.2695044E-4]]></value>
				</property>
				<property>
					<name>NavText</name>
					<value><![CDATA[PCCWS scope]]></value>
				</property>
				<property>
					<name>Title</name>
					<value><![CDATA[PCCWS scope]]></value>
				</property>
				<property type="shared">
					<name>Title</name>
					<value><![CDATA[page]]></value>
				</property>
			</properties>
			<relations/>
			<accesscontrol/>
		</file>
		<file>
			<source>pccws-scope/index.html</source>
			<destination>pccws-scope/index.html</destination>
			<type>containerpage</type>
			<uuidstructure>78d825db-0ae1-11e7-b2d1-90fba685ef5f</uuidstructure>
			<uuidresource>78d825dc-0ae1-11e7-b2d1-90fba685ef5f</uuidresource>
			<datelastmodified>Thu, 23 Mar 2017 03:08:02 GMT</datelastmodified>
			<userlastmodified>Admin</userlastmodified>
			<datecreated>Fri, 17 Mar 2017 07:15:16 GMT</datecreated>
			<usercreated>Admin</usercreated>
			<flags>0</flags>
			<properties>
				<property>
					<name>Description_de</name>
					<value><![CDATA[Klassisches Layout mit linker Navigationsspalte.]]></value>
				</property>
				<property>
					<name>Title</name>
					<value><![CDATA[Production Support Request (PSR System)]]></value>
				</property>
				<property>
					<name>Title_de</name>
					<value><![CDATA[Apollo Template: Navigation links]]></value>
				</property>
				<property>
					<name>apollo.title.prefix</name>
					<value><![CDATA[BPU Intranet |]]></value>
				</property>
			</properties>
			<relations/>
			<accesscontrol/>
		</file>
	</files>
	<projects>
		<project>
			<name>Offline</name>
			<description><![CDATA[The Offline Project]]></description>
			<usersgroup>Users</usersgroup>
			<managersgroup>Users</managersgroup>
			<resources>
				<resource>/</resource>
			</resources>
		</project>
	</projects>
</export>
