<?xml version="1.0" encoding="UTF-8"?>

<NewFormatters xmlns:xsi="http://www.w3.org/2001/XMLSchema-instance" xsi:noNamespaceSchemaLocation="opencms://system/modules/org.opencms.ade.config/schemas/formatters/new_formatter.xsd">
  <NewFormatter language="en">
    <NiceName><![CDATA[%(key.formatter.a-navigation.side)]]></NiceName>
    <Type><![CDATA[a-navigation]]></Type>
    <Jsp>
      <link type="WEAK">
        <target><![CDATA[/system/modules/org.opencms.apollo/formatters/navigation-side.jsp]]></target>
        <uuid>c00f205c-5605-11e5-b868-0242ac11002b</uuid>
      </link>
    </Jsp>
    <Rank><![CDATA[1000]]></Rank>
    <Match>
      <Types>
        <ContainerType><![CDATA[element]]></ContainerType>
        <ContainerType><![CDATA[navigation]]></ContainerType>
      </Types>
    </Match>
    <Preview>false</Preview>
    <SearchContent>false</SearchContent>
    <AutoEnabled>true</AutoEnabled>
    <Detail>false</Detail>
    <NestedContainers>false</NestedContainers>
    <Setting>
      <PropertyName><![CDATA[wrapperclass]]></PropertyName>
      <DisplayName><![CDATA[%(key.apollo.setting.cssclass)]]></DisplayName>
      <Description><![CDATA[%(key.apollo.setting.cssclass.description)]]></Description>
      <Widget><![CDATA[combo]]></Widget>
      <WidgetConfig><![CDATA[hidden-xs:%(key.apollo.setting.cssclass.hiddenxs)]]></WidgetConfig>
    </Setting>
  </NewFormatter>
</NewFormatters>
