<?xml version="1.0" encoding="UTF-8"?>

<ApolloSitemaps xmlns:xsi="http://www.w3.org/2001/XMLSchema-instance" xsi:noNamespaceSchemaLocation="opencms://system/modules/org.opencms.apollo/schemas/sitemap.xsd">
  <ApolloSitemap language="en">
    <Title><![CDATA[BPU Intranet Sitemap]]></Title>
    <SitemapOpenedPerDefault>true</SitemapOpenedPerDefault>
    <SubFoldersOpenedPerDefault>false</SubFoldersOpenedPerDefault>
    <IncludeSubSiteMaps>true</IncludeSubSiteMaps>
  </ApolloSitemap>
</ApolloSitemaps>
