<?xml version="1.0" encoding="UTF-8"?>

<export>
	<info>
		<creator>Admin</creator>
		<opencms_version>10.5.1</opencms_version>
		<createdate>Tue, 18 Apr 2017 06:37:30 GMT</createdate>
		<infoproject>Offline</infoproject>
		<export_version>10</export_version>
	</info>
	<files>
		<file>
			<destination>sitemap</destination>
			<type>folder</type>
			<uuidstructure>3aba0fd5-0869-11e7-affc-90fba685ef5f</uuidstructure>
			<datelastmodified>Tue, 14 Mar 2017 03:51:43 GMT</datelastmodified>
			<userlastmodified>Admin</userlastmodified>
			<datecreated>Tue, 14 Mar 2017 03:49:30 GMT</datecreated>
			<usercreated>Admin</usercreated>
			<flags>0</flags>
			<properties>
				<property>
					<name>NavInfo</name>
					<value><![CDATA[ignoreInDefaultNav]]></value>
				</property>
				<property>
					<name>NavPos</name>
					<value><![CDATA[0.0028124973]]></value>
				</property>
				<property>
					<name>NavText</name>
					<value><![CDATA[SiteMap]]></value>
				</property>
				<property>
					<name>Title</name>
					<value><![CDATA[SiteMap]]></value>
				</property>
				<property type="shared">
					<name>Title</name>
					<value><![CDATA[page]]></value>
				</property>
			</properties>
			<relations/>
			<accesscontrol/>
		</file>
		<file>
			<source>sitemap/index.html</source>
			<destination>sitemap/index.html</destination>
			<type>containerpage</type>
			<uuidstructure>3ac8199b-0869-11e7-affc-90fba685ef5f</uuidstructure>
			<uuidresource>3ac8199c-0869-11e7-affc-90fba685ef5f</uuidresource>
			<datelastmodified>Thu, 23 Mar 2017 03:07:44 GMT</datelastmodified>
			<userlastmodified>Admin</userlastmodified>
			<datecreated>Tue, 14 Mar 2017 03:49:30 GMT</datecreated>
			<usercreated>Admin</usercreated>
			<flags>0</flags>
			<properties>
				<property>
					<name>Description_de</name>
					<value><![CDATA[Klassisches Layout mit linker Navigationsspalte.]]></value>
				</property>
				<property>
					<name>Title</name>
					<value><![CDATA[SiteMap]]></value>
				</property>
				<property>
					<name>Title_de</name>
					<value><![CDATA[Apollo Template: Navigation links]]></value>
				</property>
				<property>
					<name>apollo.title.prefix</name>
					<value><![CDATA[BPU Intranet |]]></value>
				</property>
			</properties>
			<relations/>
			<accesscontrol/>
		</file>
	</files>
	<projects>
		<project>
			<name>Offline</name>
			<description><![CDATA[The Offline Project]]></description>
			<usersgroup>Users</usersgroup>
			<managersgroup>Users</managersgroup>
			<resources>
				<resource>/</resource>
			</resources>
		</project>
	</projects>
</export>
