<?xml version="1.0" encoding="UTF-8"?>

<export>
	<info>
		<creator>Admin</creator>
		<opencms_version>10.5.1</opencms_version>
		<createdate>Mon, 24 Apr 2017 05:58:35 GMT</createdate>
		<infoproject>Offline</infoproject>
		<export_version>10</export_version>
	</info>
	<files>
		<file>
			<destination>bpu-it-scope</destination>
			<type>folder</type>
			<uuidstructure>1263827a-0ae1-11e7-b2d1-90fba685ef5f</uuidstructure>
			<datelastmodified>Fri, 17 Mar 2017 07:17:57 GMT</datelastmodified>
			<userlastmodified>Admin</userlastmodified>
			<datecreated>Fri, 17 Mar 2017 07:12:25 GMT</datecreated>
			<usercreated>Admin</usercreated>
			<flags>0</flags>
			<properties>
				<property>
					<name>NavInfo</name>
					<value><![CDATA[ignoreInDefaultNav]]></value>
				</property>
				<property>
					<name>NavPos</name>
					<value><![CDATA[3.7109107E-4]]></value>
				</property>
				<property>
					<name>NavText</name>
					<value><![CDATA[BPU-IT scope]]></value>
				</property>
				<property>
					<name>Title</name>
					<value><![CDATA[BPU-IT scope]]></value>
				</property>
				<property type="shared">
					<name>Title</name>
					<value><![CDATA[page]]></value>
				</property>
			</properties>
			<relations/>
			<accesscontrol/>
		</file>
		<file>
			<source>bpu-it-scope/index.html</source>
			<destination>bpu-it-scope/index.html</destination>
			<type>containerpage</type>
			<uuidstructure>127ed2b0-0ae1-11e7-b2d1-90fba685ef5f</uuidstructure>
			<uuidresource>127ed2b1-0ae1-11e7-b2d1-90fba685ef5f</uuidresource>
			<datelastmodified>Thu, 23 Mar 2017 03:07:52 GMT</datelastmodified>
			<userlastmodified>Admin</userlastmodified>
			<datecreated>Fri, 17 Mar 2017 07:12:25 GMT</datecreated>
			<usercreated>Admin</usercreated>
			<flags>0</flags>
			<properties>
				<property>
					<name>Description_de</name>
					<value><![CDATA[Klassisches Layout mit linker Navigationsspalte.]]></value>
				</property>
				<property>
					<name>Title</name>
					<value><![CDATA[User Request (UR System)]]></value>
				</property>
				<property>
					<name>Title_de</name>
					<value><![CDATA[Apollo Template: Navigation links]]></value>
				</property>
				<property>
					<name>apollo.title.prefix</name>
					<value><![CDATA[BPU Intranet |]]></value>
				</property>
			</properties>
			<relations/>
			<accesscontrol/>
		</file>
	</files>
	<projects>
		<project>
			<name>Offline</name>
			<description><![CDATA[The Offline Project]]></description>
			<usersgroup>Users</usersgroup>
			<managersgroup>Users</managersgroup>
			<resources>
				<resource>/</resource>
			</resources>
		</project>
	</projects>
</export>
