<?xml version="1.0" encoding="UTF-8"?>

<NewFormatters xmlns:xsi="http://www.w3.org/2001/XMLSchema-instance" xsi:noNamespaceSchemaLocation="opencms://system/modules/org.opencms.ade.config/schemas/formatters/new_formatter.xsd">
  <NewFormatter language="en">
    <NiceName><![CDATA[%(key.formatter.a-list.dynamic)]]></NiceName>
    <Type><![CDATA[a-list]]></Type>
    <Jsp>
      <link type="WEAK">
        <target><![CDATA[/system/modules/org.opencms.apollo/formatters/list-dynamic.jsp]]></target>
        <uuid>d2619f72-5871-11e5-b803-0242ac11002b</uuid>
      </link>
    </Jsp>
    <Rank><![CDATA[100]]></Rank>
    <Match>
      <Types>
        <ContainerType><![CDATA[element]]></ContainerType>
        <ContainerType><![CDATA[list]]></ContainerType>
      </Types>
    </Match>
    <Preview>false</Preview>
    <SearchContent>true</SearchContent>
    <AutoEnabled>true</AutoEnabled>
    <Detail>false</Detail>
    <NestedContainers>false</NestedContainers>
    <Setting>
      <PropertyName><![CDATA[hideTitle]]></PropertyName>
      <DisplayName><![CDATA[%(key.apollo.setting.hidetitle)]]></DisplayName>
      <Widget><![CDATA[checkbox]]></Widget>
      <Default><![CDATA[false]]></Default>
    </Setting>
    <Setting>
      <PropertyName><![CDATA[appendSwitch]]></PropertyName>
      <DisplayName><![CDATA[%(key.apollo.setting.list.appendSwitch)]]></DisplayName>
      <Widget><![CDATA[select]]></Widget>
      <Default><![CDATA[xs]]></Default>
      <WidgetConfig><![CDATA[
        never:          %(key.apollo.setting.list.appendSwitch.never)|
        xs:             %(key.apollo.setting.list.appendSwitch.xs)|
        sm-xs:          %(key.apollo.setting.list.appendSwitch.sm)|
        md-sm-xs:       %(key.apollo.setting.list.appendSwitch.md)|
        md-sm-xs-lg:    %(key.apollo.setting.list.appendSwitch.always)
        ]]></WidgetConfig>
    </Setting>
    <Setting>
      <PropertyName><![CDATA[appendOption]]></PropertyName>
      <DisplayName><![CDATA[%(key.apollo.setting.list.appendOption)]]></DisplayName>
      <Widget><![CDATA[select]]></Widget>
      <Default><![CDATA[clickonly]]></Default>
      <WidgetConfig><![CDATA[
        clickonly:  %(key.apollo.setting.list.appendOption.clickonly)|
        clickfirst: %(key.apollo.setting.list.appendOption.clickfirst)|
        noclick:    %(key.apollo.setting.list.appendOption.noclick)
        ]]></WidgetConfig>
    </Setting>
  </NewFormatter>
</NewFormatters>
