<?xml version="1.0" encoding="UTF-8"?>

<export>
	<info>
		<creator>Admin</creator>
		<opencms_version>10.5.1</opencms_version>
		<createdate>Tue, 18 Apr 2017 06:13:01 GMT</createdate>
		<infoproject>Offline</infoproject>
		<export_version>10</export_version>
	</info>
	<files>
		<file>
			<destination>it-support</destination>
			<type>subsitemap</type>
			<uuidstructure>2872a60a-0869-11e7-affc-90fba685ef5f</uuidstructure>
			<datelastmodified>Fri, 17 Mar 2017 04:23:10 GMT</datelastmodified>
			<userlastmodified>Admin</userlastmodified>
			<datecreated>Tue, 14 Mar 2017 03:49:00 GMT</datecreated>
			<usercreated>Admin</usercreated>
			<flags>0</flags>
			<properties>
				<property>
					<name>NavInfo</name>
					<value><![CDATA[ignoreInDefaultNav]]></value>
				</property>
				<property>
					<name>NavPos</name>
					<value><![CDATA[0.024296872]]></value>
				</property>
				<property>
					<name>NavText</name>
					<value><![CDATA[IT Support]]></value>
				</property>
				<property>
					<name>Title</name>
					<value><![CDATA[IT Support]]></value>
				</property>
				<property>
					<name>default-file</name>
					<value><![CDATA[##navigation_level_folder##]]></value>
				</property>
			</properties>
			<relations/>
			<accesscontrol/>
		</file>
		<file>
			<source>it-support/index.html</source>
			<destination>it-support/index.html</destination>
			<type>htmlredirect</type>
			<uuidstructure>2880d6e0-0869-11e7-affc-90fba685ef5f</uuidstructure>
			<uuidresource>2880d6e1-0869-11e7-affc-90fba685ef5f</uuidresource>
			<datelastmodified>Tue, 14 Mar 2017 03:49:00 GMT</datelastmodified>
			<userlastmodified>Admin</userlastmodified>
			<datecreated>Tue, 14 Mar 2017 03:49:00 GMT</datecreated>
			<usercreated>Admin</usercreated>
			<flags>0</flags>
			<properties>
				<property>
					<name>Title</name>
					<value><![CDATA[page]]></value>
				</property>
				<property>
					<name>locale-available</name>
					<value><![CDATA[en]]></value>
				</property>
				<property>
					<name>search.exclude</name>
					<value><![CDATA[all]]></value>
				</property>
				<property type="shared">
					<name>template-elements</name>
					<value><![CDATA[/system/modules/org.opencms.ade.sitemap/pages/redirect-detail.jsp]]></value>
				</property>
			</properties>
			<relations/>
			<accesscontrol/>
		</file>
		<file>
			<destination>it-support/.content</destination>
			<type>content_folder</type>
			<uuidstructure>4e4914d8-0869-11e7-affc-90fba685ef5f</uuidstructure>
			<datelastmodified>Tue, 14 Mar 2017 03:50:03 GMT</datelastmodified>
			<userlastmodified>Admin</userlastmodified>
			<datecreated>Tue, 14 Mar 2017 03:50:03 GMT</datecreated>
			<usercreated>Admin</usercreated>
			<flags>0</flags>
			<properties/>
			<relations/>
			<accesscontrol/>
		</file>
		<file>
			<source>it-support/.content/.config</source>
			<destination>it-support/.content/.config</destination>
			<type>sitemap_config</type>
			<uuidstructure>4e493bea-0869-11e7-affc-90fba685ef5f</uuidstructure>
			<uuidresource>4e493beb-0869-11e7-affc-90fba685ef5f</uuidresource>
			<datelastmodified>Tue, 14 Mar 2017 03:32:14 GMT</datelastmodified>
			<userlastmodified>Admin</userlastmodified>
			<datecreated>Tue, 14 Mar 2017 03:50:03 GMT</datecreated>
			<usercreated>Admin</usercreated>
			<flags>512</flags>
			<properties>
				<property>
					<name>Title</name>
					<value><![CDATA[Sitemap configuration file]]></value>
				</property>
				<property>
					<name>locale</name>
					<value><![CDATA[en]]></value>
				</property>
				<property>
					<name>locale-available</name>
					<value><![CDATA[en]]></value>
				</property>
				<property>
					<name>search.exclude</name>
					<value><![CDATA[all]]></value>
				</property>
			</properties>
			<relations/>
			<accesscontrol/>
		</file>
		<file>
			<destination>it-support/contact</destination>
			<type>folder</type>
			<uuidstructure>fcf23772-0869-11e7-affc-90fba685ef5f</uuidstructure>
			<datelastmodified>Tue, 14 Mar 2017 03:55:01 GMT</datelastmodified>
			<userlastmodified>Admin</userlastmodified>
			<datecreated>Tue, 14 Mar 2017 03:54:56 GMT</datecreated>
			<usercreated>Admin</usercreated>
			<flags>0</flags>
			<properties>
				<property>
					<name>NavPos</name>
					<value><![CDATA[1.0]]></value>
				</property>
				<property>
					<name>NavText</name>
					<value><![CDATA[Contact]]></value>
				</property>
				<property>
					<name>Title</name>
					<value><![CDATA[Contact]]></value>
				</property>
				<property type="shared">
					<name>Title</name>
					<value><![CDATA[page]]></value>
				</property>
			</properties>
			<relations/>
			<accesscontrol/>
		</file>
		<file>
			<source>it-support/contact/index.html</source>
			<destination>it-support/contact/index.html</destination>
			<type>containerpage</type>
			<uuidstructure>fcf78ea8-0869-11e7-affc-90fba685ef5f</uuidstructure>
			<uuidresource>fcf78ea9-0869-11e7-affc-90fba685ef5f</uuidresource>
			<datelastmodified>Fri, 17 Mar 2017 04:27:13 GMT</datelastmodified>
			<userlastmodified>Admin</userlastmodified>
			<datecreated>Tue, 14 Mar 2017 03:54:56 GMT</datecreated>
			<usercreated>Admin</usercreated>
			<flags>0</flags>
			<properties>
				<property>
					<name>Description_de</name>
					<value><![CDATA[Klassisches Layout mit linker Navigationsspalte.]]></value>
				</property>
				<property>
					<name>Title</name>
					<value><![CDATA[Contact]]></value>
				</property>
				<property>
					<name>Title_de</name>
					<value><![CDATA[Apollo Template: Navigation links]]></value>
				</property>
				<property>
					<name>apollo.title.prefix</name>
					<value><![CDATA[BPU Intranet |]]></value>
				</property>
			</properties>
			<relations/>
			<accesscontrol/>
		</file>
	</files>
	<projects>
		<project>
			<name>Offline</name>
			<description><![CDATA[The Offline Project]]></description>
			<usersgroup>Users</usersgroup>
			<managersgroup>Users</managersgroup>
			<resources>
				<resource>/</resource>
			</resources>
		</project>
	</projects>
</export>
