<?xml version="1.0" encoding="UTF-8"?>

<export>
	<info>
		<infoproject>Offline</infoproject>
		<export_version>10</export_version>
	</info>
	<module>
		<name>org.opencms.apollo.theme</name>
		<nicename><![CDATA[Apollo Template Default Theme]]></nicename>
		<group>Apollo Template</group>
		<class/>
		<import-site>/</import-site>
		<export-mode name="reduced"/>
		<description><![CDATA[Contains the default Apollo CSS, JavaScript and resources.]]></description>
		<version>10.5.1</version>
		<authorname><![CDATA[Alkacon Software GmbH & Co. KG]]></authorname>
		<authoremail/>
		<datecreated/>
		<userinstalled/>
		<dateinstalled/>
		<dependencies>
			<dependency name="org.opencms.ade.config" version="10.0.0"/>
			<dependency name="org.opencms.jsp.search" version="10.0.0"/>
		</dependencies>
		<exportpoints/>
		<resources>
			<resource uri="/system/modules/org.opencms.apollo.theme/"/>
		</resources>
		<excluderesources/>
		<parameters/>
	</module>
	<files>
		<file>
			<destination>system</destination>
			<type>folder</type>
			<properties/>
		</file>
		<file>
			<destination>system/modules</destination>
			<type>folder</type>
			<properties/>
		</file>
		<file>
			<destination>system/modules/org.opencms.apollo.theme</destination>
			<type>folder</type>
			<uuidstructure>96f41b8b-514d-11e5-abeb-0242ac11002b</uuidstructure>
			<datecreated>Wed, 02 Sep 2015 08:35:39 GMT</datecreated>
			<flags>0</flags>
			<properties/>
			<relations/>
			<accesscontrol/>
		</file>
		<file>
			<destination>system/modules/org.opencms.apollo.theme/resources</destination>
			<type>folder</type>
			<uuidstructure>9700c5bd-514d-11e5-abeb-0242ac11002b</uuidstructure>
			<datecreated>Wed, 02 Sep 2015 08:35:39 GMT</datecreated>
			<flags>0</flags>
			<properties>
				<property>
					<name>export</name>
					<value><![CDATA[true]]></value>
				</property>
			</properties>
			<relations/>
			<accesscontrol/>
		</file>
		<file>
			<destination>system/modules/org.opencms.apollo.theme/resources/css</destination>
			<type>folder</type>
			<uuidstructure>cf505ca3-514d-11e5-abeb-0242ac11002b</uuidstructure>
			<datecreated>Wed, 02 Sep 2015 08:37:13 GMT</datecreated>
			<flags>0</flags>
			<properties/>
			<relations/>
			<accesscontrol/>
		</file>
		<file>
			<source>system/modules/org.opencms.apollo.theme/resources/css/style-blue.min.css</source>
			<destination>system/modules/org.opencms.apollo.theme/resources/css/style-blue.min.css</destination>
			<type>plain</type>
			<uuidstructure>a1ca069f-ed26-11e5-a0c5-0242ac11002b</uuidstructure>
			<uuidresource>a1ca06a0-ed26-11e5-a0c5-0242ac11002b</uuidresource>
			<datecreated>Fri, 18 Mar 2016 16:29:48 GMT</datecreated>
			<flags>0</flags>
			<properties/>
			<relations/>
			<accesscontrol/>
		</file>
		<file>
			<source>system/modules/org.opencms.apollo.theme/resources/css/style-blue.min.css.map</source>
			<destination>system/modules/org.opencms.apollo.theme/resources/css/style-blue.min.css.map</destination>
			<type>plain</type>
			<uuidstructure>aa27afdc-0c85-11e6-b01b-0242ac11002b</uuidstructure>
			<uuidresource>aa27afdd-0c85-11e6-b01b-0242ac11002b</uuidresource>
			<datecreated>Wed, 27 Apr 2016 14:38:10 GMT</datecreated>
			<flags>0</flags>
			<properties/>
			<relations/>
			<accesscontrol/>
		</file>
		<file>
			<source>system/modules/org.opencms.apollo.theme/resources/css/style-editor.css</source>
			<destination>system/modules/org.opencms.apollo.theme/resources/css/style-editor.css</destination>
			<type>plain</type>
			<uuidstructure>f946a7c8-5157-11e5-abeb-0242ac11002b</uuidstructure>
			<uuidresource>f946a7c9-5157-11e5-abeb-0242ac11002b</uuidresource>
			<datecreated>Wed, 02 Sep 2015 09:49:59 GMT</datecreated>
			<flags>0</flags>
			<properties/>
			<relations/>
			<accesscontrol/>
		</file>
		<file>
			<source>system/modules/org.opencms.apollo.theme/resources/css/style-red.min.css</source>
			<destination>system/modules/org.opencms.apollo.theme/resources/css/style-red.min.css</destination>
			<type>plain</type>
			<uuidstructure>a1be94eb-ed26-11e5-a0c5-0242ac11002b</uuidstructure>
			<uuidresource>a1be94ec-ed26-11e5-a0c5-0242ac11002b</uuidresource>
			<datecreated>Fri, 18 Mar 2016 16:29:48 GMT</datecreated>
			<flags>0</flags>
			<properties/>
			<relations/>
			<accesscontrol/>
		</file>
		<file>
			<source>system/modules/org.opencms.apollo.theme/resources/css/style-red.min.css.map</source>
			<destination>system/modules/org.opencms.apollo.theme/resources/css/style-red.min.css.map</destination>
			<type>plain</type>
			<uuidstructure>aa38c6de-0c85-11e6-b01b-0242ac11002b</uuidstructure>
			<uuidresource>aa38c6df-0c85-11e6-b01b-0242ac11002b</uuidresource>
			<datecreated>Wed, 27 Apr 2016 14:38:10 GMT</datecreated>
			<flags>0</flags>
			<properties/>
			<relations/>
			<accesscontrol/>
		</file>
		<file>
			<destination>system/modules/org.opencms.apollo.theme/resources/fonts</destination>
			<type>folder</type>
			<uuidstructure>cd80a57b-514d-11e5-abeb-0242ac11002b</uuidstructure>
			<datecreated>Wed, 02 Sep 2015 08:37:10 GMT</datecreated>
			<flags>0</flags>
			<properties/>
			<relations/>
			<accesscontrol/>
		</file>
		<file>
			<source>system/modules/org.opencms.apollo.theme/resources/fonts/fontawesome-webfont.eot</source>
			<destination>system/modules/org.opencms.apollo.theme/resources/fonts/fontawesome-webfont.eot</destination>
			<type>plain</type>
			<uuidstructure>cd87f87d-514d-11e5-abeb-0242ac11002b</uuidstructure>
			<uuidresource>cd87f87e-514d-11e5-abeb-0242ac11002b</uuidresource>
			<datecreated>Wed, 02 Sep 2015 08:37:10 GMT</datecreated>
			<flags>0</flags>
			<properties/>
			<relations/>
			<accesscontrol/>
		</file>
		<file>
			<source>system/modules/org.opencms.apollo.theme/resources/fonts/fontawesome-webfont.svg</source>
			<destination>system/modules/org.opencms.apollo.theme/resources/fonts/fontawesome-webfont.svg</destination>
			<type>plain</type>
			<uuidstructure>cd927fcf-514d-11e5-abeb-0242ac11002b</uuidstructure>
			<uuidresource>cd927fd0-514d-11e5-abeb-0242ac11002b</uuidresource>
			<datecreated>Wed, 02 Sep 2015 08:37:10 GMT</datecreated>
			<flags>0</flags>
			<properties/>
			<relations/>
			<accesscontrol/>
		</file>
		<file>
			<source>system/modules/org.opencms.apollo.theme/resources/fonts/fontawesome-webfont.ttf</source>
			<destination>system/modules/org.opencms.apollo.theme/resources/fonts/fontawesome-webfont.ttf</destination>
			<type>plain</type>
			<uuidstructure>cd9d7c51-514d-11e5-abeb-0242ac11002b</uuidstructure>
			<uuidresource>cd9d7c52-514d-11e5-abeb-0242ac11002b</uuidresource>
			<datecreated>Wed, 02 Sep 2015 08:37:10 GMT</datecreated>
			<flags>0</flags>
			<properties/>
			<relations/>
			<accesscontrol/>
		</file>
		<file>
			<source>system/modules/org.opencms.apollo.theme/resources/fonts/fontawesome-webfont.woff</source>
			<destination>system/modules/org.opencms.apollo.theme/resources/fonts/fontawesome-webfont.woff</destination>
			<type>plain</type>
			<uuidstructure>cda655f3-514d-11e5-abeb-0242ac11002b</uuidstructure>
			<uuidresource>cda655f4-514d-11e5-abeb-0242ac11002b</uuidresource>
			<datecreated>Wed, 02 Sep 2015 08:37:10 GMT</datecreated>
			<flags>0</flags>
			<properties/>
			<relations/>
			<accesscontrol/>
		</file>
		<file>
			<source>system/modules/org.opencms.apollo.theme/resources/fonts/fontawesome-webfont.woff2</source>
			<destination>system/modules/org.opencms.apollo.theme/resources/fonts/fontawesome-webfont.woff2</destination>
			<type>plain</type>
			<uuidstructure>cdaeba65-514d-11e5-abeb-0242ac11002b</uuidstructure>
			<uuidresource>cdaeba66-514d-11e5-abeb-0242ac11002b</uuidresource>
			<datecreated>Wed, 02 Sep 2015 08:37:10 GMT</datecreated>
			<flags>0</flags>
			<properties/>
			<relations/>
			<accesscontrol/>
		</file>
		<file>
			<source>system/modules/org.opencms.apollo.theme/resources/fonts/FontAwesome.otf</source>
			<destination>system/modules/org.opencms.apollo.theme/resources/fonts/FontAwesome.otf</destination>
			<type>plain</type>
			<uuidstructure>cdb80937-514d-11e5-abeb-0242ac11002b</uuidstructure>
			<uuidresource>cdb80938-514d-11e5-abeb-0242ac11002b</uuidresource>
			<datecreated>Wed, 02 Sep 2015 08:37:11 GMT</datecreated>
			<flags>0</flags>
			<properties/>
			<relations/>
			<accesscontrol/>
		</file>
		<file>
			<source>system/modules/org.opencms.apollo.theme/resources/fonts/open-sans-v13-latin_latin-ext-300.woff</source>
			<destination>system/modules/org.opencms.apollo.theme/resources/fonts/open-sans-v13-latin_latin-ext-300.woff</destination>
			<type>plain</type>
			<uuidstructure>571ef694-afe4-11e6-a18e-0242ac11002b</uuidstructure>
			<uuidresource>571ef695-afe4-11e6-a18e-0242ac11002b</uuidresource>
			<datecreated>Mon, 21 Nov 2016 12:16:33 GMT</datecreated>
			<flags>0</flags>
			<properties>
				<property>
					<name>Title</name>
					<value><![CDATA[open-sans-v13-latin_latin-ext-300]]></value>
				</property>
			</properties>
			<relations/>
			<accesscontrol/>
		</file>
		<file>
			<source>system/modules/org.opencms.apollo.theme/resources/fonts/open-sans-v13-latin_latin-ext-300.woff2</source>
			<destination>system/modules/org.opencms.apollo.theme/resources/fonts/open-sans-v13-latin_latin-ext-300.woff2</destination>
			<type>plain</type>
			<uuidstructure>57214087-afe4-11e6-a18e-0242ac11002b</uuidstructure>
			<uuidresource>57214088-afe4-11e6-a18e-0242ac11002b</uuidresource>
			<datecreated>Mon, 21 Nov 2016 12:16:33 GMT</datecreated>
			<flags>0</flags>
			<properties>
				<property>
					<name>Title</name>
					<value><![CDATA[open-sans-v13-latin_latin-ext-300]]></value>
				</property>
			</properties>
			<relations/>
			<accesscontrol/>
		</file>
		<file>
			<source>system/modules/org.opencms.apollo.theme/resources/fonts/open-sans-v13-latin_latin-ext-300italic.woff</source>
			<destination>system/modules/org.opencms.apollo.theme/resources/fonts/open-sans-v13-latin_latin-ext-300italic.woff</destination>
			<type>plain</type>
			<uuidstructure>57255f3a-afe4-11e6-a18e-0242ac11002b</uuidstructure>
			<uuidresource>57255f3b-afe4-11e6-a18e-0242ac11002b</uuidresource>
			<datecreated>Mon, 21 Nov 2016 12:16:33 GMT</datecreated>
			<flags>0</flags>
			<properties>
				<property>
					<name>Title</name>
					<value><![CDATA[open-sans-v13-latin_latin-ext-300italic]]></value>
				</property>
			</properties>
			<relations/>
			<accesscontrol/>
		</file>
		<file>
			<source>system/modules/org.opencms.apollo.theme/resources/fonts/open-sans-v13-latin_latin-ext-300italic.woff2</source>
			<destination>system/modules/org.opencms.apollo.theme/resources/fonts/open-sans-v13-latin_latin-ext-300italic.woff2</destination>
			<type>plain</type>
			<uuidstructure>5728456e-afe4-11e6-a18e-0242ac11002b</uuidstructure>
			<uuidresource>5728456f-afe4-11e6-a18e-0242ac11002b</uuidresource>
			<datecreated>Mon, 21 Nov 2016 12:16:33 GMT</datecreated>
			<flags>0</flags>
			<properties>
				<property>
					<name>Title</name>
					<value><![CDATA[open-sans-v13-latin_latin-ext-300italic]]></value>
				</property>
			</properties>
			<relations/>
			<accesscontrol/>
		</file>
		<file>
			<source>system/modules/org.opencms.apollo.theme/resources/fonts/open-sans-v13-latin_latin-ext-600.woff</source>
			<destination>system/modules/org.opencms.apollo.theme/resources/fonts/open-sans-v13-latin_latin-ext-600.woff</destination>
			<type>plain</type>
			<uuidstructure>572a8f61-afe4-11e6-a18e-0242ac11002b</uuidstructure>
			<uuidresource>572a8f62-afe4-11e6-a18e-0242ac11002b</uuidresource>
			<datecreated>Mon, 21 Nov 2016 12:16:33 GMT</datecreated>
			<flags>0</flags>
			<properties>
				<property>
					<name>Title</name>
					<value><![CDATA[open-sans-v13-latin_latin-ext-600]]></value>
				</property>
			</properties>
			<relations/>
			<accesscontrol/>
		</file>
		<file>
			<source>system/modules/org.opencms.apollo.theme/resources/fonts/open-sans-v13-latin_latin-ext-600.woff2</source>
			<destination>system/modules/org.opencms.apollo.theme/resources/fonts/open-sans-v13-latin_latin-ext-600.woff2</destination>
			<type>plain</type>
			<uuidstructure>572d4e84-afe4-11e6-a18e-0242ac11002b</uuidstructure>
			<uuidresource>572d4e85-afe4-11e6-a18e-0242ac11002b</uuidresource>
			<datecreated>Mon, 21 Nov 2016 12:16:33 GMT</datecreated>
			<flags>0</flags>
			<properties>
				<property>
					<name>Title</name>
					<value><![CDATA[open-sans-v13-latin_latin-ext-600]]></value>
				</property>
			</properties>
			<relations/>
			<accesscontrol/>
		</file>
		<file>
			<source>system/modules/org.opencms.apollo.theme/resources/fonts/open-sans-v13-latin_latin-ext-600italic.woff</source>
			<destination>system/modules/org.opencms.apollo.theme/resources/fonts/open-sans-v13-latin_latin-ext-600italic.woff</destination>
			<type>plain</type>
			<uuidstructure>57311f17-afe4-11e6-a18e-0242ac11002b</uuidstructure>
			<uuidresource>57311f18-afe4-11e6-a18e-0242ac11002b</uuidresource>
			<datecreated>Mon, 21 Nov 2016 12:16:33 GMT</datecreated>
			<flags>0</flags>
			<properties>
				<property>
					<name>Title</name>
					<value><![CDATA[open-sans-v13-latin_latin-ext-600italic]]></value>
				</property>
			</properties>
			<relations/>
			<accesscontrol/>
		</file>
		<file>
			<source>system/modules/org.opencms.apollo.theme/resources/fonts/open-sans-v13-latin_latin-ext-600italic.woff2</source>
			<destination>system/modules/org.opencms.apollo.theme/resources/fonts/open-sans-v13-latin_latin-ext-600italic.woff2</destination>
			<type>plain</type>
			<uuidstructure>5733b72a-afe4-11e6-a18e-0242ac11002b</uuidstructure>
			<uuidresource>5733b72b-afe4-11e6-a18e-0242ac11002b</uuidresource>
			<datecreated>Mon, 21 Nov 2016 12:16:33 GMT</datecreated>
			<flags>0</flags>
			<properties>
				<property>
					<name>Title</name>
					<value><![CDATA[open-sans-v13-latin_latin-ext-600italic]]></value>
				</property>
			</properties>
			<relations/>
			<accesscontrol/>
		</file>
		<file>
			<source>system/modules/org.opencms.apollo.theme/resources/fonts/open-sans-v13-latin_latin-ext-700.woff</source>
			<destination>system/modules/org.opencms.apollo.theme/resources/fonts/open-sans-v13-latin_latin-ext-700.woff</destination>
			<type>plain</type>
			<uuidstructure>57364f3d-afe4-11e6-a18e-0242ac11002b</uuidstructure>
			<uuidresource>57364f3e-afe4-11e6-a18e-0242ac11002b</uuidresource>
			<datecreated>Mon, 21 Nov 2016 12:16:33 GMT</datecreated>
			<flags>0</flags>
			<properties>
				<property>
					<name>Title</name>
					<value><![CDATA[open-sans-v13-latin_latin-ext-700]]></value>
				</property>
			</properties>
			<relations/>
			<accesscontrol/>
		</file>
		<file>
			<source>system/modules/org.opencms.apollo.theme/resources/fonts/open-sans-v13-latin_latin-ext-700.woff2</source>
			<destination>system/modules/org.opencms.apollo.theme/resources/fonts/open-sans-v13-latin_latin-ext-700.woff2</destination>
			<type>plain</type>
			<uuidstructure>57389930-afe4-11e6-a18e-0242ac11002b</uuidstructure>
			<uuidresource>57389931-afe4-11e6-a18e-0242ac11002b</uuidresource>
			<datecreated>Mon, 21 Nov 2016 12:16:33 GMT</datecreated>
			<flags>0</flags>
			<properties>
				<property>
					<name>Title</name>
					<value><![CDATA[open-sans-v13-latin_latin-ext-700]]></value>
				</property>
			</properties>
			<relations/>
			<accesscontrol/>
		</file>
		<file>
			<source>system/modules/org.opencms.apollo.theme/resources/fonts/open-sans-v13-latin_latin-ext-700italic.woff</source>
			<destination>system/modules/org.opencms.apollo.theme/resources/fonts/open-sans-v13-latin_latin-ext-700italic.woff</destination>
			<type>plain</type>
			<uuidstructure>573a6df3-afe4-11e6-a18e-0242ac11002b</uuidstructure>
			<uuidresource>573a6df4-afe4-11e6-a18e-0242ac11002b</uuidresource>
			<datecreated>Mon, 21 Nov 2016 12:16:33 GMT</datecreated>
			<flags>0</flags>
			<properties>
				<property>
					<name>Title</name>
					<value><![CDATA[open-sans-v13-latin_latin-ext-700italic]]></value>
				</property>
			</properties>
			<relations/>
			<accesscontrol/>
		</file>
		<file>
			<source>system/modules/org.opencms.apollo.theme/resources/fonts/open-sans-v13-latin_latin-ext-700italic.woff2</source>
			<destination>system/modules/org.opencms.apollo.theme/resources/fonts/open-sans-v13-latin_latin-ext-700italic.woff2</destination>
			<type>plain</type>
			<uuidstructure>573c42b6-afe4-11e6-a18e-0242ac11002b</uuidstructure>
			<uuidresource>573c42b7-afe4-11e6-a18e-0242ac11002b</uuidresource>
			<datecreated>Mon, 21 Nov 2016 12:16:33 GMT</datecreated>
			<flags>0</flags>
			<properties>
				<property>
					<name>Title</name>
					<value><![CDATA[open-sans-v13-latin_latin-ext-700italic]]></value>
				</property>
			</properties>
			<relations/>
			<accesscontrol/>
		</file>
		<file>
			<source>system/modules/org.opencms.apollo.theme/resources/fonts/open-sans-v13-latin_latin-ext-800.woff</source>
			<destination>system/modules/org.opencms.apollo.theme/resources/fonts/open-sans-v13-latin_latin-ext-800.woff</destination>
			<type>plain</type>
			<uuidstructure>573e1779-afe4-11e6-a18e-0242ac11002b</uuidstructure>
			<uuidresource>573e177a-afe4-11e6-a18e-0242ac11002b</uuidresource>
			<datecreated>Mon, 21 Nov 2016 12:16:33 GMT</datecreated>
			<flags>0</flags>
			<properties>
				<property>
					<name>Title</name>
					<value><![CDATA[open-sans-v13-latin_latin-ext-800]]></value>
				</property>
			</properties>
			<relations/>
			<accesscontrol/>
		</file>
		<file>
			<source>system/modules/org.opencms.apollo.theme/resources/fonts/open-sans-v13-latin_latin-ext-800.woff2</source>
			<destination>system/modules/org.opencms.apollo.theme/resources/fonts/open-sans-v13-latin_latin-ext-800.woff2</destination>
			<type>plain</type>
			<uuidstructure>5740616c-afe4-11e6-a18e-0242ac11002b</uuidstructure>
			<uuidresource>5740616d-afe4-11e6-a18e-0242ac11002b</uuidresource>
			<datecreated>Mon, 21 Nov 2016 12:16:33 GMT</datecreated>
			<flags>0</flags>
			<properties>
				<property>
					<name>Title</name>
					<value><![CDATA[open-sans-v13-latin_latin-ext-800]]></value>
				</property>
			</properties>
			<relations/>
			<accesscontrol/>
		</file>
		<file>
			<source>system/modules/org.opencms.apollo.theme/resources/fonts/open-sans-v13-latin_latin-ext-800italic.woff</source>
			<destination>system/modules/org.opencms.apollo.theme/resources/fonts/open-sans-v13-latin_latin-ext-800italic.woff</destination>
			<type>plain</type>
			<uuidstructure>5742844f-afe4-11e6-a18e-0242ac11002b</uuidstructure>
			<uuidresource>57428450-afe4-11e6-a18e-0242ac11002b</uuidresource>
			<datecreated>Mon, 21 Nov 2016 12:16:33 GMT</datecreated>
			<flags>0</flags>
			<properties>
				<property>
					<name>Title</name>
					<value><![CDATA[open-sans-v13-latin_latin-ext-800italic]]></value>
				</property>
			</properties>
			<relations/>
			<accesscontrol/>
		</file>
		<file>
			<source>system/modules/org.opencms.apollo.theme/resources/fonts/open-sans-v13-latin_latin-ext-800italic.woff2</source>
			<destination>system/modules/org.opencms.apollo.theme/resources/fonts/open-sans-v13-latin_latin-ext-800italic.woff2</destination>
			<type>plain</type>
			<uuidstructure>57451c62-afe4-11e6-a18e-0242ac11002b</uuidstructure>
			<uuidresource>57451c63-afe4-11e6-a18e-0242ac11002b</uuidresource>
			<datecreated>Mon, 21 Nov 2016 12:16:33 GMT</datecreated>
			<flags>0</flags>
			<properties>
				<property>
					<name>Title</name>
					<value><![CDATA[open-sans-v13-latin_latin-ext-800italic]]></value>
				</property>
			</properties>
			<relations/>
			<accesscontrol/>
		</file>
		<file>
			<source>system/modules/org.opencms.apollo.theme/resources/fonts/open-sans-v13-latin_latin-ext-italic.woff</source>
			<destination>system/modules/org.opencms.apollo.theme/resources/fonts/open-sans-v13-latin_latin-ext-italic.woff</destination>
			<type>plain</type>
			<uuidstructure>5747db85-afe4-11e6-a18e-0242ac11002b</uuidstructure>
			<uuidresource>5747db86-afe4-11e6-a18e-0242ac11002b</uuidresource>
			<datecreated>Mon, 21 Nov 2016 12:16:33 GMT</datecreated>
			<flags>0</flags>
			<properties>
				<property>
					<name>Title</name>
					<value><![CDATA[open-sans-v13-latin_latin-ext-italic]]></value>
				</property>
			</properties>
			<relations/>
			<accesscontrol/>
		</file>
		<file>
			<source>system/modules/org.opencms.apollo.theme/resources/fonts/open-sans-v13-latin_latin-ext-italic.woff2</source>
			<destination>system/modules/org.opencms.apollo.theme/resources/fonts/open-sans-v13-latin_latin-ext-italic.woff2</destination>
			<type>plain</type>
			<uuidstructure>574ae8c8-afe4-11e6-a18e-0242ac11002b</uuidstructure>
			<uuidresource>574ae8c9-afe4-11e6-a18e-0242ac11002b</uuidresource>
			<datecreated>Mon, 21 Nov 2016 12:16:33 GMT</datecreated>
			<flags>0</flags>
			<properties>
				<property>
					<name>Title</name>
					<value><![CDATA[open-sans-v13-latin_latin-ext-italic]]></value>
				</property>
			</properties>
			<relations/>
			<accesscontrol/>
		</file>
		<file>
			<source>system/modules/org.opencms.apollo.theme/resources/fonts/open-sans-v13-latin_latin-ext-regular.woff</source>
			<destination>system/modules/org.opencms.apollo.theme/resources/fonts/open-sans-v13-latin_latin-ext-regular.woff</destination>
			<type>plain</type>
			<uuidstructure>574ce49b-afe4-11e6-a18e-0242ac11002b</uuidstructure>
			<uuidresource>574ce49c-afe4-11e6-a18e-0242ac11002b</uuidresource>
			<datecreated>Mon, 21 Nov 2016 12:16:33 GMT</datecreated>
			<flags>0</flags>
			<properties>
				<property>
					<name>Title</name>
					<value><![CDATA[open-sans-v13-latin_latin-ext-regular]]></value>
				</property>
			</properties>
			<relations/>
			<accesscontrol/>
		</file>
		<file>
			<source>system/modules/org.opencms.apollo.theme/resources/fonts/open-sans-v13-latin_latin-ext-regular.woff2</source>
			<destination>system/modules/org.opencms.apollo.theme/resources/fonts/open-sans-v13-latin_latin-ext-regular.woff2</destination>
			<type>plain</type>
			<uuidstructure>5750b530-afe4-11e6-a18e-0242ac11002b</uuidstructure>
			<uuidresource>5750b531-afe4-11e6-a18e-0242ac11002b</uuidresource>
			<datecreated>Mon, 21 Nov 2016 12:16:33 GMT</datecreated>
			<flags>0</flags>
			<properties>
				<property>
					<name>Title</name>
					<value><![CDATA[open-sans-v13-latin_latin-ext-regular]]></value>
				</property>
			</properties>
			<relations/>
			<accesscontrol/>
		</file>
		<file>
			<source>system/modules/org.opencms.apollo.theme/resources/fonts/prompt-v1-latin-ext_latin-300.woff</source>
			<destination>system/modules/org.opencms.apollo.theme/resources/fonts/prompt-v1-latin-ext_latin-300.woff</destination>
			<type>plain</type>
			<uuidstructure>0e8e7068-b08a-11e6-a18e-0242ac11002b</uuidstructure>
			<uuidresource>0e8e7069-b08a-11e6-a18e-0242ac11002b</uuidresource>
			<datecreated>Tue, 22 Nov 2016 08:02:47 GMT</datecreated>
			<flags>0</flags>
			<properties>
				<property>
					<name>Title</name>
					<value><![CDATA[prompt-v1-latin-ext_latin-300]]></value>
				</property>
			</properties>
			<relations/>
			<accesscontrol/>
		</file>
		<file>
			<source>system/modules/org.opencms.apollo.theme/resources/fonts/prompt-v1-latin-ext_latin-300.woff2</source>
			<destination>system/modules/org.opencms.apollo.theme/resources/fonts/prompt-v1-latin-ext_latin-300.woff2</destination>
			<type>plain</type>
			<uuidstructure>0e91087b-b08a-11e6-a18e-0242ac11002b</uuidstructure>
			<uuidresource>0e91087c-b08a-11e6-a18e-0242ac11002b</uuidresource>
			<datecreated>Tue, 22 Nov 2016 08:02:47 GMT</datecreated>
			<flags>0</flags>
			<properties>
				<property>
					<name>Title</name>
					<value><![CDATA[prompt-v1-latin-ext_latin-300]]></value>
				</property>
			</properties>
			<relations/>
			<accesscontrol/>
		</file>
		<file>
			<source>system/modules/org.opencms.apollo.theme/resources/fonts/prompt-v1-latin-ext_latin-300italic.woff</source>
			<destination>system/modules/org.opencms.apollo.theme/resources/fonts/prompt-v1-latin-ext_latin-300italic.woff</destination>
			<type>plain</type>
			<uuidstructure>0e92b62e-b08a-11e6-a18e-0242ac11002b</uuidstructure>
			<uuidresource>0e92b62f-b08a-11e6-a18e-0242ac11002b</uuidresource>
			<datecreated>Tue, 22 Nov 2016 08:02:47 GMT</datecreated>
			<flags>0</flags>
			<properties>
				<property>
					<name>Title</name>
					<value><![CDATA[prompt-v1-latin-ext_latin-300italic]]></value>
				</property>
			</properties>
			<relations/>
			<accesscontrol/>
		</file>
		<file>
			<source>system/modules/org.opencms.apollo.theme/resources/fonts/prompt-v1-latin-ext_latin-300italic.woff2</source>
			<destination>system/modules/org.opencms.apollo.theme/resources/fonts/prompt-v1-latin-ext_latin-300italic.woff2</destination>
			<type>plain</type>
			<uuidstructure>0e9463e1-b08a-11e6-a18e-0242ac11002b</uuidstructure>
			<uuidresource>0e9463e2-b08a-11e6-a18e-0242ac11002b</uuidresource>
			<datecreated>Tue, 22 Nov 2016 08:02:47 GMT</datecreated>
			<flags>0</flags>
			<properties>
				<property>
					<name>Title</name>
					<value><![CDATA[prompt-v1-latin-ext_latin-300italic]]></value>
				</property>
			</properties>
			<relations/>
			<accesscontrol/>
		</file>
		<file>
			<source>system/modules/org.opencms.apollo.theme/resources/fonts/prompt-v1-latin-ext_latin-500.woff</source>
			<destination>system/modules/org.opencms.apollo.theme/resources/fonts/prompt-v1-latin-ext_latin-500.woff</destination>
			<type>plain</type>
			<uuidstructure>0e961194-b08a-11e6-a18e-0242ac11002b</uuidstructure>
			<uuidresource>0e961195-b08a-11e6-a18e-0242ac11002b</uuidresource>
			<datecreated>Tue, 22 Nov 2016 08:02:47 GMT</datecreated>
			<flags>0</flags>
			<properties>
				<property>
					<name>Title</name>
					<value><![CDATA[prompt-v1-latin-ext_latin-500]]></value>
				</property>
			</properties>
			<relations/>
			<accesscontrol/>
		</file>
		<file>
			<source>system/modules/org.opencms.apollo.theme/resources/fonts/prompt-v1-latin-ext_latin-500.woff2</source>
			<destination>system/modules/org.opencms.apollo.theme/resources/fonts/prompt-v1-latin-ext_latin-500.woff2</destination>
			<type>plain</type>
			<uuidstructure>0e97e657-b08a-11e6-a18e-0242ac11002b</uuidstructure>
			<uuidresource>0e97e658-b08a-11e6-a18e-0242ac11002b</uuidresource>
			<datecreated>Tue, 22 Nov 2016 08:02:47 GMT</datecreated>
			<flags>0</flags>
			<properties>
				<property>
					<name>Title</name>
					<value><![CDATA[prompt-v1-latin-ext_latin-500]]></value>
				</property>
			</properties>
			<relations/>
			<accesscontrol/>
		</file>
		<file>
			<source>system/modules/org.opencms.apollo.theme/resources/fonts/prompt-v1-latin-ext_latin-500italic.woff</source>
			<destination>system/modules/org.opencms.apollo.theme/resources/fonts/prompt-v1-latin-ext_latin-500italic.woff</destination>
			<type>plain</type>
			<uuidstructure>0e99940a-b08a-11e6-a18e-0242ac11002b</uuidstructure>
			<uuidresource>0e99940b-b08a-11e6-a18e-0242ac11002b</uuidresource>
			<datecreated>Tue, 22 Nov 2016 08:02:47 GMT</datecreated>
			<flags>0</flags>
			<properties>
				<property>
					<name>Title</name>
					<value><![CDATA[prompt-v1-latin-ext_latin-500italic]]></value>
				</property>
			</properties>
			<relations/>
			<accesscontrol/>
		</file>
		<file>
			<source>system/modules/org.opencms.apollo.theme/resources/fonts/prompt-v1-latin-ext_latin-500italic.woff2</source>
			<destination>system/modules/org.opencms.apollo.theme/resources/fonts/prompt-v1-latin-ext_latin-500italic.woff2</destination>
			<type>plain</type>
			<uuidstructure>0e9b68cd-b08a-11e6-a18e-0242ac11002b</uuidstructure>
			<uuidresource>0e9b68ce-b08a-11e6-a18e-0242ac11002b</uuidresource>
			<datecreated>Tue, 22 Nov 2016 08:02:47 GMT</datecreated>
			<flags>0</flags>
			<properties>
				<property>
					<name>Title</name>
					<value><![CDATA[prompt-v1-latin-ext_latin-500italic]]></value>
				</property>
			</properties>
			<relations/>
			<accesscontrol/>
		</file>
		<file>
			<source>system/modules/org.opencms.apollo.theme/resources/fonts/prompt-v1-latin-ext_latin-600.woff</source>
			<destination>system/modules/org.opencms.apollo.theme/resources/fonts/prompt-v1-latin-ext_latin-600.woff</destination>
			<type>plain</type>
			<uuidstructure>0e9d1680-b08a-11e6-a18e-0242ac11002b</uuidstructure>
			<uuidresource>0e9d1681-b08a-11e6-a18e-0242ac11002b</uuidresource>
			<datecreated>Tue, 22 Nov 2016 08:02:47 GMT</datecreated>
			<flags>0</flags>
			<properties>
				<property>
					<name>Title</name>
					<value><![CDATA[prompt-v1-latin-ext_latin-600]]></value>
				</property>
			</properties>
			<relations/>
			<accesscontrol/>
		</file>
		<file>
			<source>system/modules/org.opencms.apollo.theme/resources/fonts/prompt-v1-latin-ext_latin-600.woff2</source>
			<destination>system/modules/org.opencms.apollo.theme/resources/fonts/prompt-v1-latin-ext_latin-600.woff2</destination>
			<type>plain</type>
			<uuidstructure>0e9ec433-b08a-11e6-a18e-0242ac11002b</uuidstructure>
			<uuidresource>0e9ec434-b08a-11e6-a18e-0242ac11002b</uuidresource>
			<datecreated>Tue, 22 Nov 2016 08:02:47 GMT</datecreated>
			<flags>0</flags>
			<properties>
				<property>
					<name>Title</name>
					<value><![CDATA[prompt-v1-latin-ext_latin-600]]></value>
				</property>
			</properties>
			<relations/>
			<accesscontrol/>
		</file>
		<file>
			<source>system/modules/org.opencms.apollo.theme/resources/fonts/prompt-v1-latin-ext_latin-600italic.woff</source>
			<destination>system/modules/org.opencms.apollo.theme/resources/fonts/prompt-v1-latin-ext_latin-600italic.woff</destination>
			<type>plain</type>
			<uuidstructure>0ea071e6-b08a-11e6-a18e-0242ac11002b</uuidstructure>
			<uuidresource>0ea071e7-b08a-11e6-a18e-0242ac11002b</uuidresource>
			<datecreated>Tue, 22 Nov 2016 08:02:47 GMT</datecreated>
			<flags>0</flags>
			<properties>
				<property>
					<name>Title</name>
					<value><![CDATA[prompt-v1-latin-ext_latin-600italic]]></value>
				</property>
			</properties>
			<relations/>
			<accesscontrol/>
		</file>
		<file>
			<source>system/modules/org.opencms.apollo.theme/resources/fonts/prompt-v1-latin-ext_latin-600italic.woff2</source>
			<destination>system/modules/org.opencms.apollo.theme/resources/fonts/prompt-v1-latin-ext_latin-600italic.woff2</destination>
			<type>plain</type>
			<uuidstructure>0ea246a9-b08a-11e6-a18e-0242ac11002b</uuidstructure>
			<uuidresource>0ea246aa-b08a-11e6-a18e-0242ac11002b</uuidresource>
			<datecreated>Tue, 22 Nov 2016 08:02:47 GMT</datecreated>
			<flags>0</flags>
			<properties>
				<property>
					<name>Title</name>
					<value><![CDATA[prompt-v1-latin-ext_latin-600italic]]></value>
				</property>
			</properties>
			<relations/>
			<accesscontrol/>
		</file>
		<file>
			<source>system/modules/org.opencms.apollo.theme/resources/fonts/prompt-v1-latin-ext_latin-700.woff</source>
			<destination>system/modules/org.opencms.apollo.theme/resources/fonts/prompt-v1-latin-ext_latin-700.woff</destination>
			<type>plain</type>
			<uuidstructure>0ea3f45c-b08a-11e6-a18e-0242ac11002b</uuidstructure>
			<uuidresource>0ea3f45d-b08a-11e6-a18e-0242ac11002b</uuidresource>
			<datecreated>Tue, 22 Nov 2016 08:02:47 GMT</datecreated>
			<flags>0</flags>
			<properties>
				<property>
					<name>Title</name>
					<value><![CDATA[prompt-v1-latin-ext_latin-700]]></value>
				</property>
			</properties>
			<relations/>
			<accesscontrol/>
		</file>
		<file>
			<source>system/modules/org.opencms.apollo.theme/resources/fonts/prompt-v1-latin-ext_latin-700.woff2</source>
			<destination>system/modules/org.opencms.apollo.theme/resources/fonts/prompt-v1-latin-ext_latin-700.woff2</destination>
			<type>plain</type>
			<uuidstructure>0ea728af-b08a-11e6-a18e-0242ac11002b</uuidstructure>
			<uuidresource>0ea728b0-b08a-11e6-a18e-0242ac11002b</uuidresource>
			<datecreated>Tue, 22 Nov 2016 08:02:47 GMT</datecreated>
			<flags>0</flags>
			<properties>
				<property>
					<name>Title</name>
					<value><![CDATA[prompt-v1-latin-ext_latin-700]]></value>
				</property>
			</properties>
			<relations/>
			<accesscontrol/>
		</file>
		<file>
			<source>system/modules/org.opencms.apollo.theme/resources/fonts/prompt-v1-latin-ext_latin-700italic.woff</source>
			<destination>system/modules/org.opencms.apollo.theme/resources/fonts/prompt-v1-latin-ext_latin-700italic.woff</destination>
			<type>plain</type>
			<uuidstructure>0ea8d662-b08a-11e6-a18e-0242ac11002b</uuidstructure>
			<uuidresource>0ea8d663-b08a-11e6-a18e-0242ac11002b</uuidresource>
			<datecreated>Tue, 22 Nov 2016 08:02:47 GMT</datecreated>
			<flags>0</flags>
			<properties>
				<property>
					<name>Title</name>
					<value><![CDATA[prompt-v1-latin-ext_latin-700italic]]></value>
				</property>
			</properties>
			<relations/>
			<accesscontrol/>
		</file>
		<file>
			<source>system/modules/org.opencms.apollo.theme/resources/fonts/prompt-v1-latin-ext_latin-700italic.woff2</source>
			<destination>system/modules/org.opencms.apollo.theme/resources/fonts/prompt-v1-latin-ext_latin-700italic.woff2</destination>
			<type>plain</type>
			<uuidstructure>0eaaab25-b08a-11e6-a18e-0242ac11002b</uuidstructure>
			<uuidresource>0eaaab26-b08a-11e6-a18e-0242ac11002b</uuidresource>
			<datecreated>Tue, 22 Nov 2016 08:02:47 GMT</datecreated>
			<flags>0</flags>
			<properties>
				<property>
					<name>Title</name>
					<value><![CDATA[prompt-v1-latin-ext_latin-700italic]]></value>
				</property>
			</properties>
			<relations/>
			<accesscontrol/>
		</file>
		<file>
			<source>system/modules/org.opencms.apollo.theme/resources/fonts/prompt-v1-latin-ext_latin-800.woff</source>
			<destination>system/modules/org.opencms.apollo.theme/resources/fonts/prompt-v1-latin-ext_latin-800.woff</destination>
			<type>plain</type>
			<uuidstructure>0eac7fe8-b08a-11e6-a18e-0242ac11002b</uuidstructure>
			<uuidresource>0eac7fe9-b08a-11e6-a18e-0242ac11002b</uuidresource>
			<datecreated>Tue, 22 Nov 2016 08:02:47 GMT</datecreated>
			<flags>0</flags>
			<properties>
				<property>
					<name>Title</name>
					<value><![CDATA[prompt-v1-latin-ext_latin-800]]></value>
				</property>
			</properties>
			<relations/>
			<accesscontrol/>
		</file>
		<file>
			<source>system/modules/org.opencms.apollo.theme/resources/fonts/prompt-v1-latin-ext_latin-800.woff2</source>
			<destination>system/modules/org.opencms.apollo.theme/resources/fonts/prompt-v1-latin-ext_latin-800.woff2</destination>
			<type>plain</type>
			<uuidstructure>0eae54ab-b08a-11e6-a18e-0242ac11002b</uuidstructure>
			<uuidresource>0eae54ac-b08a-11e6-a18e-0242ac11002b</uuidresource>
			<datecreated>Tue, 22 Nov 2016 08:02:47 GMT</datecreated>
			<flags>0</flags>
			<properties>
				<property>
					<name>Title</name>
					<value><![CDATA[prompt-v1-latin-ext_latin-800]]></value>
				</property>
			</properties>
			<relations/>
			<accesscontrol/>
		</file>
		<file>
			<source>system/modules/org.opencms.apollo.theme/resources/fonts/prompt-v1-latin-ext_latin-800italic.woff</source>
			<destination>system/modules/org.opencms.apollo.theme/resources/fonts/prompt-v1-latin-ext_latin-800italic.woff</destination>
			<type>plain</type>
			<uuidstructure>0eb0025e-b08a-11e6-a18e-0242ac11002b</uuidstructure>
			<uuidresource>0eb0025f-b08a-11e6-a18e-0242ac11002b</uuidresource>
			<datecreated>Tue, 22 Nov 2016 08:02:47 GMT</datecreated>
			<flags>0</flags>
			<properties>
				<property>
					<name>Title</name>
					<value><![CDATA[prompt-v1-latin-ext_latin-800italic]]></value>
				</property>
			</properties>
			<relations/>
			<accesscontrol/>
		</file>
		<file>
			<source>system/modules/org.opencms.apollo.theme/resources/fonts/prompt-v1-latin-ext_latin-800italic.woff2</source>
			<destination>system/modules/org.opencms.apollo.theme/resources/fonts/prompt-v1-latin-ext_latin-800italic.woff2</destination>
			<type>plain</type>
			<uuidstructure>0eb1b011-b08a-11e6-a18e-0242ac11002b</uuidstructure>
			<uuidresource>0eb1b012-b08a-11e6-a18e-0242ac11002b</uuidresource>
			<datecreated>Tue, 22 Nov 2016 08:02:47 GMT</datecreated>
			<flags>0</flags>
			<properties>
				<property>
					<name>Title</name>
					<value><![CDATA[prompt-v1-latin-ext_latin-800italic]]></value>
				</property>
			</properties>
			<relations/>
			<accesscontrol/>
		</file>
		<file>
			<source>system/modules/org.opencms.apollo.theme/resources/fonts/prompt-v1-latin-ext_latin-italic.woff</source>
			<destination>system/modules/org.opencms.apollo.theme/resources/fonts/prompt-v1-latin-ext_latin-italic.woff</destination>
			<type>plain</type>
			<uuidstructure>0eb35dc4-b08a-11e6-a18e-0242ac11002b</uuidstructure>
			<uuidresource>0eb35dc5-b08a-11e6-a18e-0242ac11002b</uuidresource>
			<datecreated>Tue, 22 Nov 2016 08:02:48 GMT</datecreated>
			<flags>0</flags>
			<properties>
				<property>
					<name>Title</name>
					<value><![CDATA[prompt-v1-latin-ext_latin-italic]]></value>
				</property>
			</properties>
			<relations/>
			<accesscontrol/>
		</file>
		<file>
			<source>system/modules/org.opencms.apollo.theme/resources/fonts/prompt-v1-latin-ext_latin-italic.woff2</source>
			<destination>system/modules/org.opencms.apollo.theme/resources/fonts/prompt-v1-latin-ext_latin-italic.woff2</destination>
			<type>plain</type>
			<uuidstructure>0eb50b77-b08a-11e6-a18e-0242ac11002b</uuidstructure>
			<uuidresource>0eb50b78-b08a-11e6-a18e-0242ac11002b</uuidresource>
			<datecreated>Tue, 22 Nov 2016 08:02:48 GMT</datecreated>
			<flags>0</flags>
			<properties>
				<property>
					<name>Title</name>
					<value><![CDATA[prompt-v1-latin-ext_latin-italic]]></value>
				</property>
			</properties>
			<relations/>
			<accesscontrol/>
		</file>
		<file>
			<source>system/modules/org.opencms.apollo.theme/resources/fonts/prompt-v1-latin-ext_latin-regular.woff</source>
			<destination>system/modules/org.opencms.apollo.theme/resources/fonts/prompt-v1-latin-ext_latin-regular.woff</destination>
			<type>plain</type>
			<uuidstructure>0eb7a38a-b08a-11e6-a18e-0242ac11002b</uuidstructure>
			<uuidresource>0eb7a38b-b08a-11e6-a18e-0242ac11002b</uuidresource>
			<datecreated>Tue, 22 Nov 2016 08:02:48 GMT</datecreated>
			<flags>0</flags>
			<properties>
				<property>
					<name>Title</name>
					<value><![CDATA[prompt-v1-latin-ext_latin-regular]]></value>
				</property>
			</properties>
			<relations/>
			<accesscontrol/>
		</file>
		<file>
			<source>system/modules/org.opencms.apollo.theme/resources/fonts/prompt-v1-latin-ext_latin-regular.woff2</source>
			<destination>system/modules/org.opencms.apollo.theme/resources/fonts/prompt-v1-latin-ext_latin-regular.woff2</destination>
			<type>plain</type>
			<uuidstructure>0eb9c66d-b08a-11e6-a18e-0242ac11002b</uuidstructure>
			<uuidresource>0eb9c66e-b08a-11e6-a18e-0242ac11002b</uuidresource>
			<datecreated>Tue, 22 Nov 2016 08:02:48 GMT</datecreated>
			<flags>0</flags>
			<properties>
				<property>
					<name>Title</name>
					<value><![CDATA[prompt-v1-latin-ext_latin-regular]]></value>
				</property>
			</properties>
			<relations/>
			<accesscontrol/>
		</file>
		<file>
			<source>system/modules/org.opencms.apollo.theme/resources/fonts/Simple-Line-Icons.dev.svg</source>
			<destination>system/modules/org.opencms.apollo.theme/resources/fonts/Simple-Line-Icons.dev.svg</destination>
			<type>plain</type>
			<uuidstructure>d53b6837-514d-11e5-abeb-0242ac11002b</uuidstructure>
			<uuidresource>d53b6838-514d-11e5-abeb-0242ac11002b</uuidresource>
			<datecreated>Wed, 02 Sep 2015 08:37:23 GMT</datecreated>
			<flags>0</flags>
			<properties/>
			<relations/>
			<accesscontrol/>
		</file>
		<file>
			<source>system/modules/org.opencms.apollo.theme/resources/fonts/Simple-Line-Icons.eot</source>
			<destination>system/modules/org.opencms.apollo.theme/resources/fonts/Simple-Line-Icons.eot</destination>
			<type>plain</type>
			<uuidstructure>d547eb59-514d-11e5-abeb-0242ac11002b</uuidstructure>
			<uuidresource>d547eb5a-514d-11e5-abeb-0242ac11002b</uuidresource>
			<datecreated>Wed, 02 Sep 2015 08:37:23 GMT</datecreated>
			<flags>0</flags>
			<properties/>
			<relations/>
			<accesscontrol/>
		</file>
		<file>
			<source>system/modules/org.opencms.apollo.theme/resources/fonts/Simple-Line-Icons.svg</source>
			<destination>system/modules/org.opencms.apollo.theme/resources/fonts/Simple-Line-Icons.svg</destination>
			<type>plain</type>
			<uuidstructure>d553ab2b-514d-11e5-abeb-0242ac11002b</uuidstructure>
			<uuidresource>d553ab2c-514d-11e5-abeb-0242ac11002b</uuidresource>
			<datecreated>Wed, 02 Sep 2015 08:37:23 GMT</datecreated>
			<flags>0</flags>
			<properties/>
			<relations/>
			<accesscontrol/>
		</file>
		<file>
			<source>system/modules/org.opencms.apollo.theme/resources/fonts/Simple-Line-Icons.ttf</source>
			<destination>system/modules/org.opencms.apollo.theme/resources/fonts/Simple-Line-Icons.ttf</destination>
			<type>plain</type>
			<uuidstructure>d5613fbd-514d-11e5-abeb-0242ac11002b</uuidstructure>
			<uuidresource>d5613fbe-514d-11e5-abeb-0242ac11002b</uuidresource>
			<datecreated>Wed, 02 Sep 2015 08:37:23 GMT</datecreated>
			<flags>0</flags>
			<properties/>
			<relations/>
			<accesscontrol/>
		</file>
		<file>
			<source>system/modules/org.opencms.apollo.theme/resources/fonts/Simple-Line-Icons.woff</source>
			<destination>system/modules/org.opencms.apollo.theme/resources/fonts/Simple-Line-Icons.woff</destination>
			<type>plain</type>
			<uuidstructure>d56b9fff-514d-11e5-abeb-0242ac11002b</uuidstructure>
			<uuidresource>d56ba000-514d-11e5-abeb-0242ac11002b</uuidresource>
			<datecreated>Wed, 02 Sep 2015 08:37:23 GMT</datecreated>
			<flags>0</flags>
			<properties/>
			<relations/>
			<accesscontrol/>
		</file>
		<file>
			<destination>system/modules/org.opencms.apollo.theme/resources/img</destination>
			<type>folder</type>
			<uuidstructure>0bed04ea-5159-11e5-abeb-0242ac11002b</uuidstructure>
			<datecreated>Wed, 02 Sep 2015 09:57:39 GMT</datecreated>
			<flags>0</flags>
			<properties/>
			<relations/>
			<accesscontrol/>
		</file>
		<file>
			<source>system/modules/org.opencms.apollo.theme/resources/img/favicon_120.png</source>
			<destination>system/modules/org.opencms.apollo.theme/resources/img/favicon_120.png</destination>
			<type>image</type>
			<uuidstructure>0c514573-5159-11e5-abeb-0242ac11002b</uuidstructure>
			<uuidresource>0c514574-5159-11e5-abeb-0242ac11002b</uuidresource>
			<datecreated>Wed, 02 Sep 2015 09:57:40 GMT</datecreated>
			<flags>0</flags>
			<properties>
				<property type="shared">
					<name>image.size</name>
					<value><![CDATA[w:101,h:78]]></value>
				</property>
			</properties>
			<relations/>
			<accesscontrol/>
		</file>
		<file>
			<source>system/modules/org.opencms.apollo.theme/resources/img/favicon_16.png</source>
			<destination>system/modules/org.opencms.apollo.theme/resources/img/favicon_16.png</destination>
			<type>image</type>
			<uuidstructure>0c536856-5159-11e5-abeb-0242ac11002b</uuidstructure>
			<uuidresource>0c536857-5159-11e5-abeb-0242ac11002b</uuidresource>
			<datecreated>Wed, 02 Sep 2015 09:57:40 GMT</datecreated>
			<flags>0</flags>
			<properties>
				<property type="shared">
					<name>image.size</name>
					<value><![CDATA[w:16,h:16]]></value>
				</property>
			</properties>
			<relations/>
			<accesscontrol/>
		</file>
		<file>
			<source>system/modules/org.opencms.apollo.theme/resources/img/favicon_32.png</source>
			<destination>system/modules/org.opencms.apollo.theme/resources/img/favicon_32.png</destination>
			<type>image</type>
			<uuidstructure>0c556429-5159-11e5-abeb-0242ac11002b</uuidstructure>
			<uuidresource>0c55642a-5159-11e5-abeb-0242ac11002b</uuidresource>
			<datecreated>Wed, 02 Sep 2015 09:57:40 GMT</datecreated>
			<flags>0</flags>
			<properties>
				<property type="shared">
					<name>image.size</name>
					<value><![CDATA[w:32,h:32]]></value>
				</property>
			</properties>
			<relations/>
			<accesscontrol/>
		</file>
		<file>
			<destination>system/modules/org.opencms.apollo.theme/resources/img/logo</destination>
			<type>folder</type>
			<uuidstructure>0c3cd2f7-5159-11e5-abeb-0242ac11002b</uuidstructure>
			<datecreated>Wed, 02 Sep 2015 09:57:40 GMT</datecreated>
			<flags>0</flags>
			<properties/>
			<relations/>
			<accesscontrol/>
		</file>
		<file>
			<source>system/modules/org.opencms.apollo.theme/resources/img/logo/logo_alkacon_png24.png</source>
			<destination>system/modules/org.opencms.apollo.theme/resources/img/logo/logo_alkacon_png24.png</destination>
			<type>image</type>
			<uuidstructure>0c3e5999-5159-11e5-abeb-0242ac11002b</uuidstructure>
			<uuidresource>0c3e599a-5159-11e5-abeb-0242ac11002b</uuidresource>
			<datecreated>Wed, 02 Sep 2015 09:57:40 GMT</datecreated>
			<flags>0</flags>
			<properties>
				<property type="shared">
					<name>image.size</name>
					<value><![CDATA[w:154,h:50]]></value>
				</property>
			</properties>
			<relations/>
			<accesscontrol/>
		</file>
		<file>
			<source>system/modules/org.opencms.apollo.theme/resources/img/logo/logo_opencms_170x42.png</source>
			<destination>system/modules/org.opencms.apollo.theme/resources/img/logo/logo_opencms_170x42.png</destination>
			<type>image</type>
			<uuidstructure>71ac2b99-be83-11e5-a9f8-0242ac11002b</uuidstructure>
			<uuidresource>71ac2b9a-be83-11e5-a9f8-0242ac11002b</uuidresource>
			<datecreated>Tue, 19 Jan 2016 08:05:46 GMT</datecreated>
			<flags>0</flags>
			<properties>
				<property type="shared">
					<name>image.size</name>
					<value><![CDATA[w:170,h:42]]></value>
				</property>
			</properties>
			<relations/>
			<accesscontrol/>
		</file>
		<file>
			<source>system/modules/org.opencms.apollo.theme/resources/img/logo/logo_opencms_png24.png</source>
			<destination>system/modules/org.opencms.apollo.theme/resources/img/logo/logo_opencms_png24.png</destination>
			<type>image</type>
			<uuidstructure>0c407c7c-5159-11e5-abeb-0242ac11002b</uuidstructure>
			<uuidresource>0c407c7d-5159-11e5-abeb-0242ac11002b</uuidresource>
			<datecreated>Wed, 02 Sep 2015 09:57:40 GMT</datecreated>
			<flags>0</flags>
			<properties>
				<property type="shared">
					<name>image.size</name>
					<value><![CDATA[w:206,h:50]]></value>
				</property>
			</properties>
			<relations/>
			<accesscontrol/>
		</file>
		<file>
			<destination>system/modules/org.opencms.apollo.theme/resources/js</destination>
			<type>folder</type>
			<uuidstructure>04129411-5153-11e5-abeb-0242ac11002b</uuidstructure>
			<datecreated>Wed, 02 Sep 2015 09:14:29 GMT</datecreated>
			<flags>0</flags>
			<properties/>
			<relations/>
			<accesscontrol/>
		</file>
		<file>
			<source>system/modules/org.opencms.apollo.theme/resources/js/scripts-all.min.js</source>
			<destination>system/modules/org.opencms.apollo.theme/resources/js/scripts-all.min.js</destination>
			<type>plain</type>
			<uuidstructure>0fc90357-5155-11e5-abeb-0242ac11002b</uuidstructure>
			<uuidresource>0fc90358-5155-11e5-abeb-0242ac11002b</uuidresource>
			<datecreated>Wed, 02 Sep 2015 09:29:08 GMT</datecreated>
			<flags>0</flags>
			<properties/>
			<relations/>
			<accesscontrol/>
		</file>
		<file>
			<source>system/modules/org.opencms.apollo.theme/resources/js/scripts-all.min.js.map</source>
			<destination>system/modules/org.opencms.apollo.theme/resources/js/scripts-all.min.js.map</destination>
			<type>plain</type>
			<uuidstructure>aa439c50-0c85-11e6-b01b-0242ac11002b</uuidstructure>
			<uuidresource>aa439c51-0c85-11e6-b01b-0242ac11002b</uuidresource>
			<datecreated>Wed, 27 Apr 2016 14:38:10 GMT</datecreated>
			<flags>0</flags>
			<properties/>
			<relations/>
			<accesscontrol/>
		</file>
		<file>
			<destination>system/modules/org.opencms.apollo.theme/resources/photoswipe</destination>
			<type>folder</type>
			<uuidstructure>57339791-dce1-11e6-8bb8-0242ac11002b</uuidstructure>
			<datecreated>Tue, 17 Jan 2017 18:18:27 GMT</datecreated>
			<flags>0</flags>
			<properties/>
			<relations/>
			<accesscontrol/>
		</file>
		<file>
			<destination>system/modules/org.opencms.apollo.theme/resources/photoswipe/default-skin</destination>
			<type>folder</type>
			<uuidstructure>57374113-dce1-11e6-8bb8-0242ac11002b</uuidstructure>
			<datecreated>Tue, 17 Jan 2017 18:18:27 GMT</datecreated>
			<flags>0</flags>
			<properties/>
			<relations/>
			<accesscontrol/>
		</file>
		<file>
			<source>system/modules/org.opencms.apollo.theme/resources/photoswipe/default-skin/default-skin.png</source>
			<destination>system/modules/org.opencms.apollo.theme/resources/photoswipe/default-skin/default-skin.png</destination>
			<type>image</type>
			<uuidstructure>5739d925-dce1-11e6-8bb8-0242ac11002b</uuidstructure>
			<uuidresource>5739d926-dce1-11e6-8bb8-0242ac11002b</uuidresource>
			<datecreated>Tue, 17 Jan 2017 18:18:27 GMT</datecreated>
			<flags>0</flags>
			<properties>
				<property type="shared">
					<name>image.size</name>
					<value><![CDATA[w:264,h:88]]></value>
				</property>
			</properties>
			<relations/>
			<accesscontrol/>
		</file>
		<file>
			<source>system/modules/org.opencms.apollo.theme/resources/photoswipe/default-skin/default-skin.svg</source>
			<destination>system/modules/org.opencms.apollo.theme/resources/photoswipe/default-skin/default-skin.svg</destination>
			<type>plain</type>
			<uuidstructure>57401ab8-dce1-11e6-8bb8-0242ac11002b</uuidstructure>
			<uuidresource>57401ab9-dce1-11e6-8bb8-0242ac11002b</uuidresource>
			<datecreated>Tue, 17 Jan 2017 18:18:27 GMT</datecreated>
			<flags>0</flags>
			<properties/>
			<relations/>
			<accesscontrol/>
		</file>
		<file>
			<source>system/modules/org.opencms.apollo.theme/resources/photoswipe/default-skin/preloader.gif</source>
			<destination>system/modules/org.opencms.apollo.theme/resources/photoswipe/default-skin/preloader.gif</destination>
			<type>image</type>
			<uuidstructure>5747e2ea-dce1-11e6-8bb8-0242ac11002b</uuidstructure>
			<uuidresource>5747e2eb-dce1-11e6-8bb8-0242ac11002b</uuidresource>
			<datecreated>Tue, 17 Jan 2017 18:18:27 GMT</datecreated>
			<flags>0</flags>
			<properties>
				<property type="shared">
					<name>image.size</name>
					<value><![CDATA[w:20,h:20]]></value>
				</property>
			</properties>
			<relations/>
			<accesscontrol/>
		</file>
		<file>
			<destination>system/modules/org.opencms.apollo.theme/resources/plugins</destination>
			<type>folder</type>
			<uuidstructure>5e111084-ac01-11e6-b64d-0242ac11002b</uuidstructure>
			<datecreated>Wed, 16 Nov 2016 13:34:15 GMT</datecreated>
			<flags>0</flags>
			<properties/>
			<relations/>
			<accesscontrol/>
		</file>
		<file>
			<destination>system/modules/org.opencms.apollo.theme/resources/plugins/revolution-slider</destination>
			<type>folder</type>
			<uuidstructure>5e14ba06-ac01-11e6-b64d-0242ac11002b</uuidstructure>
			<datecreated>Wed, 16 Nov 2016 13:34:15 GMT</datecreated>
			<flags>0</flags>
			<properties/>
			<relations/>
			<accesscontrol/>
		</file>
		<file>
			<destination>system/modules/org.opencms.apollo.theme/resources/plugins/revolution-slider/rs-plugin</destination>
			<type>folder</type>
			<uuidstructure>5e16dce8-ac01-11e6-b64d-0242ac11002b</uuidstructure>
			<datecreated>Wed, 16 Nov 2016 13:34:15 GMT</datecreated>
			<flags>0</flags>
			<properties/>
			<relations/>
			<accesscontrol/>
		</file>
		<file>
			<destination>system/modules/org.opencms.apollo.theme/resources/plugins/revolution-slider/rs-plugin/assets</destination>
			<type>folder</type>
			<uuidstructure>5e1974fa-ac01-11e6-b64d-0242ac11002b</uuidstructure>
			<datecreated>Wed, 16 Nov 2016 13:34:15 GMT</datecreated>
			<flags>0</flags>
			<properties/>
			<relations/>
			<accesscontrol/>
		</file>
		<file>
			<source>system/modules/org.opencms.apollo.theme/resources/plugins/revolution-slider/rs-plugin/assets/arrow_large_right.png</source>
			<destination>system/modules/org.opencms.apollo.theme/resources/plugins/revolution-slider/rs-plugin/assets/arrow_large_right.png</destination>
			<type>image</type>
			<uuidstructure>5e1b97dc-ac01-11e6-b64d-0242ac11002b</uuidstructure>
			<uuidresource>5e1b97dd-ac01-11e6-b64d-0242ac11002b</uuidresource>
			<datecreated>Wed, 16 Nov 2016 13:34:15 GMT</datecreated>
			<flags>0</flags>
			<properties>
				<property type="shared">
					<name>image.size</name>
					<value><![CDATA[w:46,h:92]]></value>
				</property>
			</properties>
			<relations/>
			<accesscontrol/>
		</file>
		<file>
			<source>system/modules/org.opencms.apollo.theme/resources/plugins/revolution-slider/rs-plugin/assets/arrow_left.png</source>
			<destination>system/modules/org.opencms.apollo.theme/resources/plugins/revolution-slider/rs-plugin/assets/arrow_left.png</destination>
			<type>image</type>
			<uuidstructure>5e1e2fef-ac01-11e6-b64d-0242ac11002b</uuidstructure>
			<uuidresource>5e1e2ff0-ac01-11e6-b64d-0242ac11002b</uuidresource>
			<datecreated>Wed, 16 Nov 2016 13:34:15 GMT</datecreated>
			<flags>0</flags>
			<properties>
				<property type="shared">
					<name>image.size</name>
					<value><![CDATA[w:26,h:52]]></value>
				</property>
			</properties>
			<relations/>
			<accesscontrol/>
		</file>
		<file>
			<source>system/modules/org.opencms.apollo.theme/resources/plugins/revolution-slider/rs-plugin/assets/arrow_left2.png</source>
			<destination>system/modules/org.opencms.apollo.theme/resources/plugins/revolution-slider/rs-plugin/assets/arrow_left2.png</destination>
			<type>image</type>
			<uuidstructure>5e20c802-ac01-11e6-b64d-0242ac11002b</uuidstructure>
			<uuidresource>5e20c803-ac01-11e6-b64d-0242ac11002b</uuidresource>
			<datecreated>Wed, 16 Nov 2016 13:34:15 GMT</datecreated>
			<flags>0</flags>
			<properties>
				<property type="shared">
					<name>image.size</name>
					<value><![CDATA[w:12,h:34]]></value>
				</property>
			</properties>
			<relations/>
			<accesscontrol/>
		</file>
		<file>
			<source>system/modules/org.opencms.apollo.theme/resources/plugins/revolution-slider/rs-plugin/assets/arrow_right.png</source>
			<destination>system/modules/org.opencms.apollo.theme/resources/plugins/revolution-slider/rs-plugin/assets/arrow_right.png</destination>
			<type>image</type>
			<uuidstructure>5e236015-ac01-11e6-b64d-0242ac11002b</uuidstructure>
			<uuidresource>5e236016-ac01-11e6-b64d-0242ac11002b</uuidresource>
			<datecreated>Wed, 16 Nov 2016 13:34:15 GMT</datecreated>
			<flags>0</flags>
			<properties>
				<property type="shared">
					<name>image.size</name>
					<value><![CDATA[w:26,h:52]]></value>
				</property>
			</properties>
			<relations/>
			<accesscontrol/>
		</file>
		<file>
			<source>system/modules/org.opencms.apollo.theme/resources/plugins/revolution-slider/rs-plugin/assets/arrow_right2.png</source>
			<destination>system/modules/org.opencms.apollo.theme/resources/plugins/revolution-slider/rs-plugin/assets/arrow_right2.png</destination>
			<type>image</type>
			<uuidstructure>5e25d118-ac01-11e6-b64d-0242ac11002b</uuidstructure>
			<uuidresource>5e25d119-ac01-11e6-b64d-0242ac11002b</uuidresource>
			<datecreated>Wed, 16 Nov 2016 13:34:15 GMT</datecreated>
			<flags>0</flags>
			<properties>
				<property type="shared">
					<name>image.size</name>
					<value><![CDATA[w:12,h:34]]></value>
				</property>
			</properties>
			<relations/>
			<accesscontrol/>
		</file>
		<file>
			<source>system/modules/org.opencms.apollo.theme/resources/plugins/revolution-slider/rs-plugin/assets/arrowleft.png</source>
			<destination>system/modules/org.opencms.apollo.theme/resources/plugins/revolution-slider/rs-plugin/assets/arrowleft.png</destination>
			<type>image</type>
			<uuidstructure>5e28692b-ac01-11e6-b64d-0242ac11002b</uuidstructure>
			<uuidresource>5e28692c-ac01-11e6-b64d-0242ac11002b</uuidresource>
			<datecreated>Wed, 16 Nov 2016 13:34:15 GMT</datecreated>
			<flags>0</flags>
			<properties>
				<property type="shared">
					<name>image.size</name>
					<value><![CDATA[w:9,h:32]]></value>
				</property>
			</properties>
			<relations/>
			<accesscontrol/>
		</file>
		<file>
			<source>system/modules/org.opencms.apollo.theme/resources/plugins/revolution-slider/rs-plugin/assets/arrowright.png</source>
			<destination>system/modules/org.opencms.apollo.theme/resources/plugins/revolution-slider/rs-plugin/assets/arrowright.png</destination>
			<type>image</type>
			<uuidstructure>5e2b4f5e-ac01-11e6-b64d-0242ac11002b</uuidstructure>
			<uuidresource>5e2b4f5f-ac01-11e6-b64d-0242ac11002b</uuidresource>
			<datecreated>Wed, 16 Nov 2016 13:34:15 GMT</datecreated>
			<flags>0</flags>
			<properties>
				<property type="shared">
					<name>image.size</name>
					<value><![CDATA[w:9,h:32]]></value>
				</property>
			</properties>
			<relations/>
			<accesscontrol/>
		</file>
		<file>
			<source>system/modules/org.opencms.apollo.theme/resources/plugins/revolution-slider/rs-plugin/assets/arrows.psd</source>
			<destination>system/modules/org.opencms.apollo.theme/resources/plugins/revolution-slider/rs-plugin/assets/arrows.psd</destination>
			<type>plain</type>
			<uuidstructure>5e2e0d81-ac01-11e6-b64d-0242ac11002b</uuidstructure>
			<uuidresource>5e2e0d82-ac01-11e6-b64d-0242ac11002b</uuidresource>
			<datecreated>Wed, 16 Nov 2016 13:34:15 GMT</datecreated>
			<flags>0</flags>
			<properties/>
			<relations/>
			<accesscontrol/>
		</file>
		<file>
			<source>system/modules/org.opencms.apollo.theme/resources/plugins/revolution-slider/rs-plugin/assets/black50.png</source>
			<destination>system/modules/org.opencms.apollo.theme/resources/plugins/revolution-slider/rs-plugin/assets/black50.png</destination>
			<type>image</type>
			<uuidstructure>5e30a593-ac01-11e6-b64d-0242ac11002b</uuidstructure>
			<uuidresource>5e30a594-ac01-11e6-b64d-0242ac11002b</uuidresource>
			<datecreated>Wed, 16 Nov 2016 13:34:15 GMT</datecreated>
			<flags>0</flags>
			<properties>
				<property type="shared">
					<name>image.size</name>
					<value><![CDATA[w:100,h:100]]></value>
				</property>
			</properties>
			<relations/>
			<accesscontrol/>
		</file>
		<file>
			<source>system/modules/org.opencms.apollo.theme/resources/plugins/revolution-slider/rs-plugin/assets/boxed_bgtile.png</source>
			<destination>system/modules/org.opencms.apollo.theme/resources/plugins/revolution-slider/rs-plugin/assets/boxed_bgtile.png</destination>
			<type>image</type>
			<uuidstructure>5e331696-ac01-11e6-b64d-0242ac11002b</uuidstructure>
			<uuidresource>5e331697-ac01-11e6-b64d-0242ac11002b</uuidresource>
			<datecreated>Wed, 16 Nov 2016 13:34:15 GMT</datecreated>
			<flags>0</flags>
			<properties>
				<property type="shared">
					<name>image.size</name>
					<value><![CDATA[w:100,h:40]]></value>
				</property>
			</properties>
			<relations/>
			<accesscontrol/>
		</file>
		<file>
			<source>system/modules/org.opencms.apollo.theme/resources/plugins/revolution-slider/rs-plugin/assets/bullet.png</source>
			<destination>system/modules/org.opencms.apollo.theme/resources/plugins/revolution-slider/rs-plugin/assets/bullet.png</destination>
			<type>image</type>
			<uuidstructure>5e35aea9-ac01-11e6-b64d-0242ac11002b</uuidstructure>
			<uuidresource>5e35aeaa-ac01-11e6-b64d-0242ac11002b</uuidresource>
			<datecreated>Wed, 16 Nov 2016 13:34:15 GMT</datecreated>
			<flags>0</flags>
			<properties>
				<property type="shared">
					<name>image.size</name>
					<value><![CDATA[w:20,h:40]]></value>
				</property>
			</properties>
			<relations/>
			<accesscontrol/>
		</file>
		<file>
			<source>system/modules/org.opencms.apollo.theme/resources/plugins/revolution-slider/rs-plugin/assets/bullet_boxed.png</source>
			<destination>system/modules/org.opencms.apollo.theme/resources/plugins/revolution-slider/rs-plugin/assets/bullet_boxed.png</destination>
			<type>image</type>
			<uuidstructure>5e381fac-ac01-11e6-b64d-0242ac11002b</uuidstructure>
			<uuidresource>5e381fad-ac01-11e6-b64d-0242ac11002b</uuidresource>
			<datecreated>Wed, 16 Nov 2016 13:34:15 GMT</datecreated>
			<flags>0</flags>
			<properties>
				<property type="shared">
					<name>image.size</name>
					<value><![CDATA[w:18,h:38]]></value>
				</property>
			</properties>
			<relations/>
			<accesscontrol/>
		</file>
		<file>
			<source>system/modules/org.opencms.apollo.theme/resources/plugins/revolution-slider/rs-plugin/assets/bullets.png</source>
			<destination>system/modules/org.opencms.apollo.theme/resources/plugins/revolution-slider/rs-plugin/assets/bullets.png</destination>
			<type>image</type>
			<uuidstructure>5e3ab7bf-ac01-11e6-b64d-0242ac11002b</uuidstructure>
			<uuidresource>5e3ab7c0-ac01-11e6-b64d-0242ac11002b</uuidresource>
			<datecreated>Wed, 16 Nov 2016 13:34:15 GMT</datecreated>
			<flags>0</flags>
			<properties>
				<property type="shared">
					<name>image.size</name>
					<value><![CDATA[w:23,h:46]]></value>
				</property>
			</properties>
			<relations/>
			<accesscontrol/>
		</file>
		<file>
			<source>system/modules/org.opencms.apollo.theme/resources/plugins/revolution-slider/rs-plugin/assets/bullets.psd</source>
			<destination>system/modules/org.opencms.apollo.theme/resources/plugins/revolution-slider/rs-plugin/assets/bullets.psd</destination>
			<type>plain</type>
			<uuidstructure>5e3d4fd2-ac01-11e6-b64d-0242ac11002b</uuidstructure>
			<uuidresource>5e3d4fd3-ac01-11e6-b64d-0242ac11002b</uuidresource>
			<datecreated>Wed, 16 Nov 2016 13:34:15 GMT</datecreated>
			<flags>0</flags>
			<properties/>
			<relations/>
			<accesscontrol/>
		</file>
		<file>
			<source>system/modules/org.opencms.apollo.theme/resources/plugins/revolution-slider/rs-plugin/assets/bullets2.png</source>
			<destination>system/modules/org.opencms.apollo.theme/resources/plugins/revolution-slider/rs-plugin/assets/bullets2.png</destination>
			<type>image</type>
			<uuidstructure>5e3fc0d4-ac01-11e6-b64d-0242ac11002b</uuidstructure>
			<uuidresource>5e3fc0d5-ac01-11e6-b64d-0242ac11002b</uuidresource>
			<datecreated>Wed, 16 Nov 2016 13:34:15 GMT</datecreated>
			<flags>0</flags>
			<properties>
				<property type="shared">
					<name>image.size</name>
					<value><![CDATA[w:19,h:38]]></value>
				</property>
			</properties>
			<relations/>
			<accesscontrol/>
		</file>
		<file>
			<source>system/modules/org.opencms.apollo.theme/resources/plugins/revolution-slider/rs-plugin/assets/coloredbg.png</source>
			<destination>system/modules/org.opencms.apollo.theme/resources/plugins/revolution-slider/rs-plugin/assets/coloredbg.png</destination>
			<type>image</type>
			<uuidstructure>5e4231d7-ac01-11e6-b64d-0242ac11002b</uuidstructure>
			<uuidresource>5e4231d8-ac01-11e6-b64d-0242ac11002b</uuidresource>
			<datecreated>Wed, 16 Nov 2016 13:34:15 GMT</datecreated>
			<flags>0</flags>
			<properties>
				<property type="shared">
					<name>image.size</name>
					<value><![CDATA[w:5,h:5]]></value>
				</property>
			</properties>
			<relations/>
			<accesscontrol/>
		</file>
		<file>
			<source>system/modules/org.opencms.apollo.theme/resources/plugins/revolution-slider/rs-plugin/assets/grain.png</source>
			<destination>system/modules/org.opencms.apollo.theme/resources/plugins/revolution-slider/rs-plugin/assets/grain.png</destination>
			<type>image</type>
			<uuidstructure>5e44c9ea-ac01-11e6-b64d-0242ac11002b</uuidstructure>
			<uuidresource>5e44c9eb-ac01-11e6-b64d-0242ac11002b</uuidresource>
			<datecreated>Wed, 16 Nov 2016 13:34:15 GMT</datecreated>
			<flags>0</flags>
			<properties>
				<property type="shared">
					<name>image.size</name>
					<value><![CDATA[w:100,h:100]]></value>
				</property>
			</properties>
			<relations/>
			<accesscontrol/>
		</file>
		<file>
			<source>system/modules/org.opencms.apollo.theme/resources/plugins/revolution-slider/rs-plugin/assets/gridtile.png</source>
			<destination>system/modules/org.opencms.apollo.theme/resources/plugins/revolution-slider/rs-plugin/assets/gridtile.png</destination>
			<type>image</type>
			<uuidstructure>5e47890d-ac01-11e6-b64d-0242ac11002b</uuidstructure>
			<uuidresource>5e47890e-ac01-11e6-b64d-0242ac11002b</uuidresource>
			<datecreated>Wed, 16 Nov 2016 13:34:15 GMT</datecreated>
			<flags>0</flags>
			<properties>
				<property type="shared">
					<name>image.size</name>
					<value><![CDATA[w:2,h:2]]></value>
				</property>
			</properties>
			<relations/>
			<accesscontrol/>
		</file>
		<file>
			<source>system/modules/org.opencms.apollo.theme/resources/plugins/revolution-slider/rs-plugin/assets/gridtile_3x3.png</source>
			<destination>system/modules/org.opencms.apollo.theme/resources/plugins/revolution-slider/rs-plugin/assets/gridtile_3x3.png</destination>
			<type>image</type>
			<uuidstructure>5e49fa10-ac01-11e6-b64d-0242ac11002b</uuidstructure>
			<uuidresource>5e49fa11-ac01-11e6-b64d-0242ac11002b</uuidresource>
			<datecreated>Wed, 16 Nov 2016 13:34:15 GMT</datecreated>
			<flags>0</flags>
			<properties>
				<property type="shared">
					<name>image.size</name>
					<value><![CDATA[w:3,h:3]]></value>
				</property>
			</properties>
			<relations/>
			<accesscontrol/>
		</file>
		<file>
			<source>system/modules/org.opencms.apollo.theme/resources/plugins/revolution-slider/rs-plugin/assets/gridtile_3x3_white.png</source>
			<destination>system/modules/org.opencms.apollo.theme/resources/plugins/revolution-slider/rs-plugin/assets/gridtile_3x3_white.png</destination>
			<type>image</type>
			<uuidstructure>5e4c9223-ac01-11e6-b64d-0242ac11002b</uuidstructure>
			<uuidresource>5e4c9224-ac01-11e6-b64d-0242ac11002b</uuidresource>
			<datecreated>Wed, 16 Nov 2016 13:34:15 GMT</datecreated>
			<flags>0</flags>
			<properties>
				<property type="shared">
					<name>image.size</name>
					<value><![CDATA[w:3,h:3]]></value>
				</property>
			</properties>
			<relations/>
			<accesscontrol/>
		</file>
		<file>
			<source>system/modules/org.opencms.apollo.theme/resources/plugins/revolution-slider/rs-plugin/assets/gridtile_white.png</source>
			<destination>system/modules/org.opencms.apollo.theme/resources/plugins/revolution-slider/rs-plugin/assets/gridtile_white.png</destination>
			<type>image</type>
			<uuidstructure>5e4f7856-ac01-11e6-b64d-0242ac11002b</uuidstructure>
			<uuidresource>5e4f7857-ac01-11e6-b64d-0242ac11002b</uuidresource>
			<datecreated>Wed, 16 Nov 2016 13:34:15 GMT</datecreated>
			<flags>0</flags>
			<properties>
				<property type="shared">
					<name>image.size</name>
					<value><![CDATA[w:2,h:2]]></value>
				</property>
			</properties>
			<relations/>
			<accesscontrol/>
		</file>
		<file>
			<source>system/modules/org.opencms.apollo.theme/resources/plugins/revolution-slider/rs-plugin/assets/large_left.png</source>
			<destination>system/modules/org.opencms.apollo.theme/resources/plugins/revolution-slider/rs-plugin/assets/large_left.png</destination>
			<type>image</type>
			<uuidstructure>5e521069-ac01-11e6-b64d-0242ac11002b</uuidstructure>
			<uuidresource>5e52106a-ac01-11e6-b64d-0242ac11002b</uuidresource>
			<datecreated>Wed, 16 Nov 2016 13:34:15 GMT</datecreated>
			<flags>0</flags>
			<properties>
				<property type="shared">
					<name>image.size</name>
					<value><![CDATA[w:40,h:80]]></value>
				</property>
			</properties>
			<relations/>
			<accesscontrol/>
		</file>
		<file>
			<source>system/modules/org.opencms.apollo.theme/resources/plugins/revolution-slider/rs-plugin/assets/large_right.png</source>
			<destination>system/modules/org.opencms.apollo.theme/resources/plugins/revolution-slider/rs-plugin/assets/large_right.png</destination>
			<type>image</type>
			<uuidstructure>5e54a87c-ac01-11e6-b64d-0242ac11002b</uuidstructure>
			<uuidresource>5e54a87d-ac01-11e6-b64d-0242ac11002b</uuidresource>
			<datecreated>Wed, 16 Nov 2016 13:34:15 GMT</datecreated>
			<flags>0</flags>
			<properties>
				<property type="shared">
					<name>image.size</name>
					<value><![CDATA[w:40,h:80]]></value>
				</property>
			</properties>
			<relations/>
			<accesscontrol/>
		</file>
		<file>
			<source>system/modules/org.opencms.apollo.theme/resources/plugins/revolution-slider/rs-plugin/assets/loader.gif</source>
			<destination>system/modules/org.opencms.apollo.theme/resources/plugins/revolution-slider/rs-plugin/assets/loader.gif</destination>
			<type>image</type>
			<uuidstructure>5e57197f-ac01-11e6-b64d-0242ac11002b</uuidstructure>
			<uuidresource>5e571980-ac01-11e6-b64d-0242ac11002b</uuidresource>
			<datecreated>Wed, 16 Nov 2016 13:34:15 GMT</datecreated>
			<flags>0</flags>
			<properties>
				<property type="shared">
					<name>image.size</name>
					<value><![CDATA[w:24,h:24]]></value>
				</property>
			</properties>
			<relations/>
			<accesscontrol/>
		</file>
		<file>
			<source>system/modules/org.opencms.apollo.theme/resources/plugins/revolution-slider/rs-plugin/assets/loader2.gif</source>
			<destination>system/modules/org.opencms.apollo.theme/resources/plugins/revolution-slider/rs-plugin/assets/loader2.gif</destination>
			<type>image</type>
			<uuidstructure>5e59b192-ac01-11e6-b64d-0242ac11002b</uuidstructure>
			<uuidresource>5e59b193-ac01-11e6-b64d-0242ac11002b</uuidresource>
			<datecreated>Wed, 16 Nov 2016 13:34:15 GMT</datecreated>
			<flags>0</flags>
			<properties>
				<property type="shared">
					<name>image.size</name>
					<value><![CDATA[w:32,h:32]]></value>
				</property>
			</properties>
			<relations/>
			<accesscontrol/>
		</file>
		<file>
			<source>system/modules/org.opencms.apollo.theme/resources/plugins/revolution-slider/rs-plugin/assets/navigdots.png</source>
			<destination>system/modules/org.opencms.apollo.theme/resources/plugins/revolution-slider/rs-plugin/assets/navigdots.png</destination>
			<type>image</type>
			<uuidstructure>5e5c70b5-ac01-11e6-b64d-0242ac11002b</uuidstructure>
			<uuidresource>5e5c70b6-ac01-11e6-b64d-0242ac11002b</uuidresource>
			<datecreated>Wed, 16 Nov 2016 13:34:15 GMT</datecreated>
			<flags>0</flags>
			<properties>
				<property type="shared">
					<name>image.size</name>
					<value><![CDATA[w:15,h:30]]></value>
				</property>
			</properties>
			<relations/>
			<accesscontrol/>
		</file>
		<file>
			<source>system/modules/org.opencms.apollo.theme/resources/plugins/revolution-slider/rs-plugin/assets/navigdots_bgtile.png</source>
			<destination>system/modules/org.opencms.apollo.theme/resources/plugins/revolution-slider/rs-plugin/assets/navigdots_bgtile.png</destination>
			<type>image</type>
			<uuidstructure>5e5f08c8-ac01-11e6-b64d-0242ac11002b</uuidstructure>
			<uuidresource>5e5f08c9-ac01-11e6-b64d-0242ac11002b</uuidresource>
			<datecreated>Wed, 16 Nov 2016 13:34:15 GMT</datecreated>
			<flags>0</flags>
			<properties>
				<property type="shared">
					<name>image.size</name>
					<value><![CDATA[w:10,h:35]]></value>
				</property>
			</properties>
			<relations/>
			<accesscontrol/>
		</file>
		<file>
			<source>system/modules/org.opencms.apollo.theme/resources/plugins/revolution-slider/rs-plugin/assets/shadow1.png</source>
			<destination>system/modules/org.opencms.apollo.theme/resources/plugins/revolution-slider/rs-plugin/assets/shadow1.png</destination>
			<type>image</type>
			<uuidstructure>5e6179cb-ac01-11e6-b64d-0242ac11002b</uuidstructure>
			<uuidresource>5e6179cc-ac01-11e6-b64d-0242ac11002b</uuidresource>
			<datecreated>Wed, 16 Nov 2016 13:34:15 GMT</datecreated>
			<flags>0</flags>
			<properties>
				<property type="shared">
					<name>image.size</name>
					<value><![CDATA[w:900,h:30]]></value>
				</property>
			</properties>
			<relations/>
			<accesscontrol/>
		</file>
		<file>
			<source>system/modules/org.opencms.apollo.theme/resources/plugins/revolution-slider/rs-plugin/assets/shadow2.png</source>
			<destination>system/modules/org.opencms.apollo.theme/resources/plugins/revolution-slider/rs-plugin/assets/shadow2.png</destination>
			<type>image</type>
			<uuidstructure>5e63eace-ac01-11e6-b64d-0242ac11002b</uuidstructure>
			<uuidresource>5e63eacf-ac01-11e6-b64d-0242ac11002b</uuidresource>
			<datecreated>Wed, 16 Nov 2016 13:34:15 GMT</datecreated>
			<flags>0</flags>
			<properties>
				<property type="shared">
					<name>image.size</name>
					<value><![CDATA[w:900,h:60]]></value>
				</property>
			</properties>
			<relations/>
			<accesscontrol/>
		</file>
		<file>
			<source>system/modules/org.opencms.apollo.theme/resources/plugins/revolution-slider/rs-plugin/assets/shadow3.png</source>
			<destination>system/modules/org.opencms.apollo.theme/resources/plugins/revolution-slider/rs-plugin/assets/shadow3.png</destination>
			<type>image</type>
			<uuidstructure>5e6682e1-ac01-11e6-b64d-0242ac11002b</uuidstructure>
			<uuidresource>5e6682e2-ac01-11e6-b64d-0242ac11002b</uuidresource>
			<datecreated>Wed, 16 Nov 2016 13:34:16 GMT</datecreated>
			<flags>0</flags>
			<properties>
				<property type="shared">
					<name>image.size</name>
					<value><![CDATA[w:900,h:60]]></value>
				</property>
			</properties>
			<relations/>
			<accesscontrol/>
		</file>
		<file>
			<source>system/modules/org.opencms.apollo.theme/resources/plugins/revolution-slider/rs-plugin/assets/small_arrows.psd</source>
			<destination>system/modules/org.opencms.apollo.theme/resources/plugins/revolution-slider/rs-plugin/assets/small_arrows.psd</destination>
			<type>plain</type>
			<uuidstructure>5e6b16c4-ac01-11e6-b64d-0242ac11002b</uuidstructure>
			<uuidresource>5e6b16c5-ac01-11e6-b64d-0242ac11002b</uuidresource>
			<datecreated>Wed, 16 Nov 2016 13:34:16 GMT</datecreated>
			<flags>0</flags>
			<properties/>
			<relations/>
			<accesscontrol/>
		</file>
		<file>
			<source>system/modules/org.opencms.apollo.theme/resources/plugins/revolution-slider/rs-plugin/assets/small_left.png</source>
			<destination>system/modules/org.opencms.apollo.theme/resources/plugins/revolution-slider/rs-plugin/assets/small_left.png</destination>
			<type>image</type>
			<uuidstructure>5e6f0e66-ac01-11e6-b64d-0242ac11002b</uuidstructure>
			<uuidresource>5e6f0e67-ac01-11e6-b64d-0242ac11002b</uuidresource>
			<datecreated>Wed, 16 Nov 2016 13:34:16 GMT</datecreated>
			<flags>0</flags>
			<properties>
				<property type="shared">
					<name>image.size</name>
					<value><![CDATA[w:19,h:28]]></value>
				</property>
			</properties>
			<relations/>
			<accesscontrol/>
		</file>
		<file>
			<source>system/modules/org.opencms.apollo.theme/resources/plugins/revolution-slider/rs-plugin/assets/small_left_boxed.png</source>
			<destination>system/modules/org.opencms.apollo.theme/resources/plugins/revolution-slider/rs-plugin/assets/small_left_boxed.png</destination>
			<type>image</type>
			<uuidstructure>5e7242b9-ac01-11e6-b64d-0242ac11002b</uuidstructure>
			<uuidresource>5e7242ba-ac01-11e6-b64d-0242ac11002b</uuidresource>
			<datecreated>Wed, 16 Nov 2016 13:34:16 GMT</datecreated>
			<flags>0</flags>
			<properties>
				<property type="shared">
					<name>image.size</name>
					<value><![CDATA[w:20,h:30]]></value>
				</property>
			</properties>
			<relations/>
			<accesscontrol/>
		</file>
		<file>
			<source>system/modules/org.opencms.apollo.theme/resources/plugins/revolution-slider/rs-plugin/assets/small_right.png</source>
			<destination>system/modules/org.opencms.apollo.theme/resources/plugins/revolution-slider/rs-plugin/assets/small_right.png</destination>
			<type>image</type>
			<uuidstructure>5e7501dc-ac01-11e6-b64d-0242ac11002b</uuidstructure>
			<uuidresource>5e7501dd-ac01-11e6-b64d-0242ac11002b</uuidresource>
			<datecreated>Wed, 16 Nov 2016 13:34:16 GMT</datecreated>
			<flags>0</flags>
			<properties>
				<property type="shared">
					<name>image.size</name>
					<value><![CDATA[w:19,h:28]]></value>
				</property>
			</properties>
			<relations/>
			<accesscontrol/>
		</file>
		<file>
			<source>system/modules/org.opencms.apollo.theme/resources/plugins/revolution-slider/rs-plugin/assets/small_right_boxed.png</source>
			<destination>system/modules/org.opencms.apollo.theme/resources/plugins/revolution-slider/rs-plugin/assets/small_right_boxed.png</destination>
			<type>image</type>
			<uuidstructure>5e7799ef-ac01-11e6-b64d-0242ac11002b</uuidstructure>
			<uuidresource>5e7799f0-ac01-11e6-b64d-0242ac11002b</uuidresource>
			<datecreated>Wed, 16 Nov 2016 13:34:16 GMT</datecreated>
			<flags>0</flags>
			<properties>
				<property type="shared">
					<name>image.size</name>
					<value><![CDATA[w:20,h:30]]></value>
				</property>
			</properties>
			<relations/>
			<accesscontrol/>
		</file>
		<file>
			<source>system/modules/org.opencms.apollo.theme/resources/plugins/revolution-slider/rs-plugin/assets/timer.png</source>
			<destination>system/modules/org.opencms.apollo.theme/resources/plugins/revolution-slider/rs-plugin/assets/timer.png</destination>
			<type>image</type>
			<uuidstructure>5e7a8022-ac01-11e6-b64d-0242ac11002b</uuidstructure>
			<uuidresource>5e7a8023-ac01-11e6-b64d-0242ac11002b</uuidresource>
			<datecreated>Wed, 16 Nov 2016 13:34:16 GMT</datecreated>
			<flags>0</flags>
			<properties>
				<property type="shared">
					<name>image.size</name>
					<value><![CDATA[w:1,h:10]]></value>
				</property>
			</properties>
			<relations/>
			<accesscontrol/>
		</file>
		<file>
			<source>system/modules/org.opencms.apollo.theme/resources/plugins/revolution-slider/rs-plugin/assets/timerdot.png</source>
			<destination>system/modules/org.opencms.apollo.theme/resources/plugins/revolution-slider/rs-plugin/assets/timerdot.png</destination>
			<type>image</type>
			<uuidstructure>5e7d8d65-ac01-11e6-b64d-0242ac11002b</uuidstructure>
			<uuidresource>5e7d8d66-ac01-11e6-b64d-0242ac11002b</uuidresource>
			<datecreated>Wed, 16 Nov 2016 13:34:16 GMT</datecreated>
			<flags>0</flags>
			<properties>
				<property type="shared">
					<name>image.size</name>
					<value><![CDATA[w:1,h:10]]></value>
				</property>
			</properties>
			<relations/>
			<accesscontrol/>
		</file>
		<file>
			<source>system/modules/org.opencms.apollo.theme/resources/plugins/revolution-slider/rs-plugin/assets/transparent.jpg</source>
			<destination>system/modules/org.opencms.apollo.theme/resources/plugins/revolution-slider/rs-plugin/assets/transparent.jpg</destination>
			<type>image</type>
			<uuidstructure>5e809aa8-ac01-11e6-b64d-0242ac11002b</uuidstructure>
			<uuidresource>5e809aa9-ac01-11e6-b64d-0242ac11002b</uuidresource>
			<datecreated>Wed, 16 Nov 2016 13:34:16 GMT</datecreated>
			<flags>0</flags>
			<properties>
				<property type="shared">
					<name>image.size</name>
					<value><![CDATA[w:10,h:10]]></value>
				</property>
			</properties>
			<relations/>
			<accesscontrol/>
		</file>
		<file>
			<source>system/modules/org.opencms.apollo.theme/resources/plugins/revolution-slider/rs-plugin/assets/white50.png</source>
			<destination>system/modules/org.opencms.apollo.theme/resources/plugins/revolution-slider/rs-plugin/assets/white50.png</destination>
			<type>image</type>
			<uuidstructure>5e8332bb-ac01-11e6-b64d-0242ac11002b</uuidstructure>
			<uuidresource>5e8332bc-ac01-11e6-b64d-0242ac11002b</uuidresource>
			<datecreated>Wed, 16 Nov 2016 13:34:16 GMT</datecreated>
			<flags>0</flags>
			<properties>
				<property type="shared">
					<name>image.size</name>
					<value><![CDATA[w:100,h:100]]></value>
				</property>
			</properties>
			<relations/>
			<accesscontrol/>
		</file>
		<file>
			<destination>system/modules/org.opencms.apollo.theme/resources/plugins/revolution-slider/rs-plugin/css</destination>
			<type>folder</type>
			<uuidstructure>5e85f1de-ac01-11e6-b64d-0242ac11002b</uuidstructure>
			<datecreated>Wed, 16 Nov 2016 13:34:16 GMT</datecreated>
			<flags>0</flags>
			<properties/>
			<relations/>
			<accesscontrol/>
		</file>
		<file>
			<source>system/modules/org.opencms.apollo.theme/resources/plugins/revolution-slider/rs-plugin/css/settings-ie8.css</source>
			<destination>system/modules/org.opencms.apollo.theme/resources/plugins/revolution-slider/rs-plugin/css/settings-ie8.css</destination>
			<type>plain</type>
			<uuidstructure>5e883bd0-ac01-11e6-b64d-0242ac11002b</uuidstructure>
			<uuidresource>5e883bd1-ac01-11e6-b64d-0242ac11002b</uuidresource>
			<datecreated>Wed, 16 Nov 2016 13:34:16 GMT</datecreated>
			<flags>0</flags>
			<properties/>
			<relations/>
			<accesscontrol/>
		</file>
		<file>
			<source>system/modules/org.opencms.apollo.theme/resources/plugins/revolution-slider/rs-plugin/css/settings.css</source>
			<destination>system/modules/org.opencms.apollo.theme/resources/plugins/revolution-slider/rs-plugin/css/settings.css</destination>
			<type>plain</type>
			<uuidstructure>5e8afaf2-ac01-11e6-b64d-0242ac11002b</uuidstructure>
			<uuidresource>5e8afaf3-ac01-11e6-b64d-0242ac11002b</uuidresource>
			<datecreated>Wed, 16 Nov 2016 13:34:16 GMT</datecreated>
			<flags>0</flags>
			<properties/>
			<relations/>
			<accesscontrol/>
		</file>
		<file>
			<destination>system/modules/org.opencms.apollo.theme/resources/plugins/revolution-slider/rs-plugin/font</destination>
			<type>folder</type>
			<uuidstructure>5e8dba14-ac01-11e6-b64d-0242ac11002b</uuidstructure>
			<datecreated>Wed, 16 Nov 2016 13:34:16 GMT</datecreated>
			<flags>0</flags>
			<properties/>
			<relations/>
			<accesscontrol/>
		</file>
		<file>
			<source>system/modules/org.opencms.apollo.theme/resources/plugins/revolution-slider/rs-plugin/font/revicons.eot</source>
			<destination>system/modules/org.opencms.apollo.theme/resources/plugins/revolution-slider/rs-plugin/font/revicons.eot</destination>
			<type>plain</type>
			<uuidstructure>5e8fdcf6-ac01-11e6-b64d-0242ac11002b</uuidstructure>
			<uuidresource>5e8fdcf7-ac01-11e6-b64d-0242ac11002b</uuidresource>
			<datecreated>Wed, 16 Nov 2016 13:34:16 GMT</datecreated>
			<flags>0</flags>
			<properties/>
			<relations/>
			<accesscontrol/>
		</file>
		<file>
			<source>system/modules/org.opencms.apollo.theme/resources/plugins/revolution-slider/rs-plugin/font/revicons.svg</source>
			<destination>system/modules/org.opencms.apollo.theme/resources/plugins/revolution-slider/rs-plugin/font/revicons.svg</destination>
			<type>plain</type>
			<uuidstructure>5e924df8-ac01-11e6-b64d-0242ac11002b</uuidstructure>
			<uuidresource>5e924df9-ac01-11e6-b64d-0242ac11002b</uuidresource>
			<datecreated>Wed, 16 Nov 2016 13:34:16 GMT</datecreated>
			<flags>0</flags>
			<properties/>
			<relations/>
			<accesscontrol/>
		</file>
		<file>
			<source>system/modules/org.opencms.apollo.theme/resources/plugins/revolution-slider/rs-plugin/font/revicons.ttf</source>
			<destination>system/modules/org.opencms.apollo.theme/resources/plugins/revolution-slider/rs-plugin/font/revicons.ttf</destination>
			<type>plain</type>
			<uuidstructure>5e94befa-ac01-11e6-b64d-0242ac11002b</uuidstructure>
			<uuidresource>5e94befb-ac01-11e6-b64d-0242ac11002b</uuidresource>
			<datecreated>Wed, 16 Nov 2016 13:34:16 GMT</datecreated>
			<flags>0</flags>
			<properties/>
			<relations/>
			<accesscontrol/>
		</file>
		<file>
			<source>system/modules/org.opencms.apollo.theme/resources/plugins/revolution-slider/rs-plugin/font/revicons.woff</source>
			<destination>system/modules/org.opencms.apollo.theme/resources/plugins/revolution-slider/rs-plugin/font/revicons.woff</destination>
			<type>plain</type>
			<uuidstructure>5e972ffc-ac01-11e6-b64d-0242ac11002b</uuidstructure>
			<uuidresource>5e972ffd-ac01-11e6-b64d-0242ac11002b</uuidresource>
			<datecreated>Wed, 16 Nov 2016 13:34:16 GMT</datecreated>
			<flags>0</flags>
			<properties/>
			<relations/>
			<accesscontrol/>
		</file>
		<file>
			<destination>system/modules/org.opencms.apollo.theme/resources/plugins/revolution-slider/rs-plugin/images</destination>
			<type>folder</type>
			<uuidstructure>5e99a0fe-ac01-11e6-b64d-0242ac11002b</uuidstructure>
			<datecreated>Wed, 16 Nov 2016 13:34:16 GMT</datecreated>
			<flags>0</flags>
			<properties/>
			<relations/>
			<accesscontrol/>
		</file>
		<file>
			<source>system/modules/org.opencms.apollo.theme/resources/plugins/revolution-slider/rs-plugin/images/decor_inside.png</source>
			<destination>system/modules/org.opencms.apollo.theme/resources/plugins/revolution-slider/rs-plugin/images/decor_inside.png</destination>
			<type>image</type>
			<uuidstructure>5ea42858-ac01-11e6-b64d-0242ac11002b</uuidstructure>
			<uuidresource>5ea42859-ac01-11e6-b64d-0242ac11002b</uuidresource>
			<datecreated>Wed, 16 Nov 2016 13:34:16 GMT</datecreated>
			<flags>0</flags>
			<properties>
				<property type="shared">
					<name>image.size</name>
					<value><![CDATA[w:4,h:4]]></value>
				</property>
			</properties>
			<relations/>
			<accesscontrol/>
		</file>
		<file>
			<source>system/modules/org.opencms.apollo.theme/resources/plugins/revolution-slider/rs-plugin/images/decor_inside_white.png</source>
			<destination>system/modules/org.opencms.apollo.theme/resources/plugins/revolution-slider/rs-plugin/images/decor_inside_white.png</destination>
			<type>image</type>
			<uuidstructure>5ea6c06b-ac01-11e6-b64d-0242ac11002b</uuidstructure>
			<uuidresource>5ea6c06c-ac01-11e6-b64d-0242ac11002b</uuidresource>
			<datecreated>Wed, 16 Nov 2016 13:34:16 GMT</datecreated>
			<flags>0</flags>
			<properties>
				<property type="shared">
					<name>image.size</name>
					<value><![CDATA[w:4,h:4]]></value>
				</property>
			</properties>
			<relations/>
			<accesscontrol/>
		</file>
		<file>
			<source>system/modules/org.opencms.apollo.theme/resources/plugins/revolution-slider/rs-plugin/images/decor_testimonial.png</source>
			<destination>system/modules/org.opencms.apollo.theme/resources/plugins/revolution-slider/rs-plugin/images/decor_testimonial.png</destination>
			<type>image</type>
			<uuidstructure>5ea97f8e-ac01-11e6-b64d-0242ac11002b</uuidstructure>
			<uuidresource>5ea97f8f-ac01-11e6-b64d-0242ac11002b</uuidresource>
			<datecreated>Wed, 16 Nov 2016 13:34:16 GMT</datecreated>
			<flags>0</flags>
			<properties>
				<property type="shared">
					<name>image.size</name>
					<value><![CDATA[w:10,h:4]]></value>
				</property>
			</properties>
			<relations/>
			<accesscontrol/>
		</file>
		<file>
			<destination>system/modules/org.opencms.apollo.theme/resources/plugins/revolution-slider/rs-plugin/images/gradient</destination>
			<type>folder</type>
			<uuidstructure>5e9beaf0-ac01-11e6-b64d-0242ac11002b</uuidstructure>
			<datecreated>Wed, 16 Nov 2016 13:34:16 GMT</datecreated>
			<flags>0</flags>
			<properties/>
			<relations/>
			<accesscontrol/>
		</file>
		<file>
			<source>system/modules/org.opencms.apollo.theme/resources/plugins/revolution-slider/rs-plugin/images/gradient/g30.png</source>
			<destination>system/modules/org.opencms.apollo.theme/resources/plugins/revolution-slider/rs-plugin/images/gradient/g30.png</destination>
			<type>image</type>
			<uuidstructure>5e9e34e2-ac01-11e6-b64d-0242ac11002b</uuidstructure>
			<uuidresource>5e9e34e3-ac01-11e6-b64d-0242ac11002b</uuidresource>
			<datecreated>Wed, 16 Nov 2016 13:34:16 GMT</datecreated>
			<flags>0</flags>
			<properties>
				<property type="shared">
					<name>image.size</name>
					<value><![CDATA[w:1,h:60]]></value>
				</property>
			</properties>
			<relations/>
			<accesscontrol/>
		</file>
		<file>
			<source>system/modules/org.opencms.apollo.theme/resources/plugins/revolution-slider/rs-plugin/images/gradient/g40.png</source>
			<destination>system/modules/org.opencms.apollo.theme/resources/plugins/revolution-slider/rs-plugin/images/gradient/g40.png</destination>
			<type>image</type>
			<uuidstructure>5ea14225-ac01-11e6-b64d-0242ac11002b</uuidstructure>
			<uuidresource>5ea14226-ac01-11e6-b64d-0242ac11002b</uuidresource>
			<datecreated>Wed, 16 Nov 2016 13:34:16 GMT</datecreated>
			<flags>0</flags>
			<properties>
				<property type="shared">
					<name>image.size</name>
					<value><![CDATA[w:1,h:80]]></value>
				</property>
			</properties>
			<relations/>
			<accesscontrol/>
		</file>
		<file>
			<destination>system/modules/org.opencms.apollo.theme/resources/plugins/revolution-slider/rs-plugin/js</destination>
			<type>folder</type>
			<uuidstructure>5eac17a1-ac01-11e6-b64d-0242ac11002b</uuidstructure>
			<datecreated>Wed, 16 Nov 2016 13:34:16 GMT</datecreated>
			<flags>0</flags>
			<properties/>
			<relations/>
			<accesscontrol/>
		</file>
		<file>
			<source>system/modules/org.opencms.apollo.theme/resources/plugins/revolution-slider/rs-plugin/js/jquery.themepunch.enablelog.js</source>
			<destination>system/modules/org.opencms.apollo.theme/resources/plugins/revolution-slider/rs-plugin/js/jquery.themepunch.enablelog.js</destination>
			<type>plain</type>
			<uuidstructure>5eae88a3-ac01-11e6-b64d-0242ac11002b</uuidstructure>
			<uuidresource>5eae88a4-ac01-11e6-b64d-0242ac11002b</uuidresource>
			<datecreated>Wed, 16 Nov 2016 13:34:16 GMT</datecreated>
			<flags>0</flags>
			<properties/>
			<relations/>
			<accesscontrol/>
		</file>
		<file>
			<source>system/modules/org.opencms.apollo.theme/resources/plugins/revolution-slider/rs-plugin/js/jquery.themepunch.revolution.js</source>
			<destination>system/modules/org.opencms.apollo.theme/resources/plugins/revolution-slider/rs-plugin/js/jquery.themepunch.revolution.js</destination>
			<type>plain</type>
			<uuidstructure>5eb120b5-ac01-11e6-b64d-0242ac11002b</uuidstructure>
			<uuidresource>5eb120b6-ac01-11e6-b64d-0242ac11002b</uuidresource>
			<datecreated>Wed, 16 Nov 2016 13:34:16 GMT</datecreated>
			<flags>0</flags>
			<properties/>
			<relations/>
			<accesscontrol/>
		</file>
		<file>
			<source>system/modules/org.opencms.apollo.theme/resources/plugins/revolution-slider/rs-plugin/js/jquery.themepunch.revolution.min.js</source>
			<destination>system/modules/org.opencms.apollo.theme/resources/plugins/revolution-slider/rs-plugin/js/jquery.themepunch.revolution.min.js</destination>
			<type>plain</type>
			<uuidstructure>5eb4a327-ac01-11e6-b64d-0242ac11002b</uuidstructure>
			<uuidresource>5eb4a328-ac01-11e6-b64d-0242ac11002b</uuidresource>
			<datecreated>Wed, 16 Nov 2016 13:34:16 GMT</datecreated>
			<flags>0</flags>
			<properties/>
			<relations/>
			<accesscontrol/>
		</file>
		<file>
			<source>system/modules/org.opencms.apollo.theme/resources/plugins/revolution-slider/rs-plugin/js/jquery.themepunch.tools.min.js</source>
			<destination>system/modules/org.opencms.apollo.theme/resources/plugins/revolution-slider/rs-plugin/js/jquery.themepunch.tools.min.js</destination>
			<type>plain</type>
			<uuidstructure>5eb7b069-ac01-11e6-b64d-0242ac11002b</uuidstructure>
			<uuidresource>5eb7b06a-ac01-11e6-b64d-0242ac11002b</uuidresource>
			<datecreated>Wed, 16 Nov 2016 13:34:16 GMT</datecreated>
			<flags>0</flags>
			<properties/>
			<relations/>
			<accesscontrol/>
		</file>
	</files>
</export>
