<?xml version="1.0" encoding="UTF-8"?>

<export>
	<info>
		<creator>Admin</creator>
		<opencms_version>10.5.1</opencms_version>
		<createdate>Tue, 18 Apr 2017 06:37:19 GMT</createdate>
		<infoproject>Offline</infoproject>
		<export_version>10</export_version>
	</info>
	<files>
		<file>
			<destination>Report-Incident</destination>
			<type>folder</type>
			<uuidstructure>571975d3-0ac9-11e7-b2d1-90fba685ef5f</uuidstructure>
			<datelastmodified>Fri, 07 Apr 2017 08:26:31 GMT</datelastmodified>
			<userlastmodified>Admin</userlastmodified>
			<datecreated>Fri, 17 Mar 2017 04:22:32 GMT</datecreated>
			<usercreated>Admin</usercreated>
			<flags>0</flags>
			<properties>
				<property>
					<name>NavPos</name>
					<value><![CDATA[32.96375]]></value>
				</property>
				<property>
					<name>NavText</name>
					<value><![CDATA[Report  Incident]]></value>
				</property>
				<property>
					<name>Title</name>
					<value><![CDATA[Report  Incident]]></value>
				</property>
				<property type="shared">
					<name>Title</name>
					<value><![CDATA[page]]></value>
				</property>
			</properties>
			<relations/>
			<accesscontrol/>
		</file>
		<file>
			<source>Report-Incident/index.html</source>
			<destination>Report-Incident/index.html</destination>
			<type>containerpage</type>
			<uuidstructure>57229d99-0ac9-11e7-b2d1-90fba685ef5f</uuidstructure>
			<uuidresource>57229d9a-0ac9-11e7-b2d1-90fba685ef5f</uuidresource>
			<datelastmodified>Thu, 23 Mar 2017 03:05:00 GMT</datelastmodified>
			<userlastmodified>Admin</userlastmodified>
			<datecreated>Fri, 17 Mar 2017 04:22:32 GMT</datecreated>
			<usercreated>Admin</usercreated>
			<flags>0</flags>
			<properties>
				<property>
					<name>Description_de</name>
					<value><![CDATA[Klassisches Layout mit linker Navigationsspalte.]]></value>
				</property>
				<property>
					<name>Title</name>
					<value><![CDATA[Report  Incident]]></value>
				</property>
				<property>
					<name>Title_de</name>
					<value><![CDATA[Apollo Template: Navigation links]]></value>
				</property>
				<property>
					<name>apollo.title.prefix</name>
					<value><![CDATA[BPU Intranet |]]></value>
				</property>
			</properties>
			<relations/>
			<accesscontrol/>
		</file>
	</files>
	<projects>
		<project>
			<name>Offline</name>
			<description><![CDATA[The Offline Project]]></description>
			<usersgroup>Users</usersgroup>
			<managersgroup>Users</managersgroup>
			<resources>
				<resource>/</resource>
			</resources>
		</project>
	</projects>
</export>
