<?xml version="1.0" encoding="UTF-8"?>

<export>
	<info>
		<creator>Admin</creator>
		<opencms_version>10.5.1</opencms_version>
		<createdate>Tue, 18 Apr 2017 06:37:42 GMT</createdate>
		<infoproject>Offline</infoproject>
		<export_version>10</export_version>
	</info>
	<files>
		<file>
			<destination>tool-kits</destination>
			<type>subsitemap</type>
			<uuidstructure>183b7fac-0869-11e7-affc-90fba685ef5f</uuidstructure>
			<datelastmodified>Fri, 17 Mar 2017 04:23:08 GMT</datelastmodified>
			<userlastmodified>Admin</userlastmodified>
			<datecreated>Tue, 14 Mar 2017 03:48:32 GMT</datecreated>
			<usercreated>Admin</usercreated>
			<flags>0</flags>
			<properties>
				<property>
					<name>NavInfo</name>
					<value><![CDATA[ignoreInDefaultNav]]></value>
				</property>
				<property>
					<name>NavPos</name>
					<value><![CDATA[0.022343747]]></value>
				</property>
				<property>
					<name>NavText</name>
					<value><![CDATA[Tool Kits]]></value>
				</property>
				<property>
					<name>Title</name>
					<value><![CDATA[Tool Kits]]></value>
				</property>
				<property>
					<name>default-file</name>
					<value><![CDATA[##navigation_level_folder##]]></value>
				</property>
			</properties>
			<relations/>
			<accesscontrol/>
		</file>
		<file>
			<source>tool-kits/index.html</source>
			<destination>tool-kits/index.html</destination>
			<type>htmlredirect</type>
			<uuidstructure>18471772-0869-11e7-affc-90fba685ef5f</uuidstructure>
			<uuidresource>18471773-0869-11e7-affc-90fba685ef5f</uuidresource>
			<datelastmodified>Tue, 14 Mar 2017 03:48:33 GMT</datelastmodified>
			<userlastmodified>Admin</userlastmodified>
			<datecreated>Tue, 14 Mar 2017 03:48:33 GMT</datecreated>
			<usercreated>Admin</usercreated>
			<flags>0</flags>
			<properties>
				<property>
					<name>Title</name>
					<value><![CDATA[page]]></value>
				</property>
				<property>
					<name>locale-available</name>
					<value><![CDATA[en]]></value>
				</property>
				<property>
					<name>search.exclude</name>
					<value><![CDATA[all]]></value>
				</property>
				<property type="shared">
					<name>template-elements</name>
					<value><![CDATA[/system/modules/org.opencms.ade.sitemap/pages/redirect-detail.jsp]]></value>
				</property>
			</properties>
			<relations/>
			<accesscontrol/>
		</file>
		<file>
			<destination>tool-kits/.content</destination>
			<type>content_folder</type>
			<uuidstructure>4c2b3de0-0869-11e7-affc-90fba685ef5f</uuidstructure>
			<datelastmodified>Tue, 14 Mar 2017 03:50:00 GMT</datelastmodified>
			<userlastmodified>Admin</userlastmodified>
			<datecreated>Tue, 14 Mar 2017 03:50:00 GMT</datecreated>
			<usercreated>Admin</usercreated>
			<flags>0</flags>
			<properties/>
			<relations/>
			<accesscontrol/>
		</file>
		<file>
			<source>tool-kits/.content/.config</source>
			<destination>tool-kits/.content/.config</destination>
			<type>sitemap_config</type>
			<uuidstructure>4c2b64f2-0869-11e7-affc-90fba685ef5f</uuidstructure>
			<uuidresource>4c2b64f3-0869-11e7-affc-90fba685ef5f</uuidresource>
			<datelastmodified>Tue, 14 Mar 2017 03:32:14 GMT</datelastmodified>
			<userlastmodified>Admin</userlastmodified>
			<datecreated>Tue, 14 Mar 2017 03:50:00 GMT</datecreated>
			<usercreated>Admin</usercreated>
			<flags>512</flags>
			<properties>
				<property>
					<name>Title</name>
					<value><![CDATA[Sitemap configuration file]]></value>
				</property>
				<property>
					<name>locale</name>
					<value><![CDATA[en]]></value>
				</property>
				<property>
					<name>locale-available</name>
					<value><![CDATA[en]]></value>
				</property>
				<property>
					<name>search.exclude</name>
					<value><![CDATA[all]]></value>
				</property>
			</properties>
			<relations/>
			<accesscontrol/>
		</file>
		<file>
			<destination>tool-kits/forms-resources</destination>
			<type>folder</type>
			<uuidstructure>e8721bc5-0869-11e7-affc-90fba685ef5f</uuidstructure>
			<datelastmodified>Tue, 14 Mar 2017 03:54:30 GMT</datelastmodified>
			<userlastmodified>Admin</userlastmodified>
			<datecreated>Tue, 14 Mar 2017 03:54:22 GMT</datecreated>
			<usercreated>Admin</usercreated>
			<flags>0</flags>
			<properties>
				<property>
					<name>NavPos</name>
					<value><![CDATA[0.5]]></value>
				</property>
				<property>
					<name>NavText</name>
					<value><![CDATA[Forms & Resources]]></value>
				</property>
				<property>
					<name>Title</name>
					<value><![CDATA[Forms & Resources]]></value>
				</property>
				<property type="shared">
					<name>Title</name>
					<value><![CDATA[page]]></value>
				</property>
			</properties>
			<relations/>
			<accesscontrol/>
		</file>
		<file>
			<source>tool-kits/forms-resources/index.html</source>
			<destination>tool-kits/forms-resources/index.html</destination>
			<type>containerpage</type>
			<uuidstructure>e87724db-0869-11e7-affc-90fba685ef5f</uuidstructure>
			<uuidresource>e87724dc-0869-11e7-affc-90fba685ef5f</uuidresource>
			<datelastmodified>Tue, 14 Mar 2017 07:01:44 GMT</datelastmodified>
			<userlastmodified>Admin</userlastmodified>
			<datecreated>Tue, 14 Mar 2017 03:54:22 GMT</datecreated>
			<usercreated>Admin</usercreated>
			<flags>0</flags>
			<properties>
				<property>
					<name>Description_de</name>
					<value><![CDATA[Klassisches Layout mit linker Navigationsspalte.]]></value>
				</property>
				<property>
					<name>Title</name>
					<value><![CDATA[Forms & Resources]]></value>
				</property>
				<property>
					<name>Title_de</name>
					<value><![CDATA[Apollo Template: Navigation links]]></value>
				</property>
				<property>
					<name>apollo.title.prefix</name>
					<value><![CDATA[BPU Intranet |]]></value>
				</property>
			</properties>
			<relations/>
			<accesscontrol/>
		</file>
		<file>
			<destination>tool-kits/policy-procedures</destination>
			<type>folder</type>
			<uuidstructure>e28eff68-0869-11e7-affc-90fba685ef5f</uuidstructure>
			<datelastmodified>Tue, 14 Mar 2017 03:54:38 GMT</datelastmodified>
			<userlastmodified>Admin</userlastmodified>
			<datecreated>Tue, 14 Mar 2017 03:54:12 GMT</datecreated>
			<usercreated>Admin</usercreated>
			<flags>0</flags>
			<properties>
				<property>
					<name>NavPos</name>
					<value><![CDATA[1.0]]></value>
				</property>
				<property>
					<name>NavText</name>
					<value><![CDATA[Policy & Procedures]]></value>
				</property>
				<property>
					<name>Title</name>
					<value><![CDATA[Policy & Procedures]]></value>
				</property>
				<property type="shared">
					<name>Title</name>
					<value><![CDATA[page]]></value>
				</property>
			</properties>
			<relations/>
			<accesscontrol/>
		</file>
		<file>
			<source>tool-kits/policy-procedures/index.html</source>
			<destination>tool-kits/policy-procedures/index.html</destination>
			<type>containerpage</type>
			<uuidstructure>e2947dae-0869-11e7-affc-90fba685ef5f</uuidstructure>
			<uuidresource>e2947daf-0869-11e7-affc-90fba685ef5f</uuidresource>
			<datelastmodified>Tue, 14 Mar 2017 07:01:56 GMT</datelastmodified>
			<userlastmodified>Admin</userlastmodified>
			<datecreated>Tue, 14 Mar 2017 03:54:12 GMT</datecreated>
			<usercreated>Admin</usercreated>
			<flags>0</flags>
			<properties>
				<property>
					<name>Description_de</name>
					<value><![CDATA[Klassisches Layout mit linker Navigationsspalte.]]></value>
				</property>
				<property>
					<name>Title</name>
					<value><![CDATA[Policy & Procedures]]></value>
				</property>
				<property>
					<name>Title_de</name>
					<value><![CDATA[Apollo Template: Navigation links]]></value>
				</property>
				<property>
					<name>apollo.title.prefix</name>
					<value><![CDATA[BPU Intranet |]]></value>
				</property>
			</properties>
			<relations/>
			<accesscontrol/>
		</file>
	</files>
	<projects>
		<project>
			<name>Offline</name>
			<description><![CDATA[The Offline Project]]></description>
			<usersgroup>Users</usersgroup>
			<managersgroup>Users</managersgroup>
			<resources>
				<resource>/</resource>
			</resources>
		</project>
	</projects>
</export>
