<?xml version="1.0" encoding="UTF-8"?>

<export>
	<info>
		<creator>Admin</creator>
		<opencms_version>10.5.1</opencms_version>
		<createdate>Tue, 18 Apr 2017 08:40:19 GMT</createdate>
		<infoproject>Offline</infoproject>
		<export_version>10</export_version>
	</info>
	<files>
		<file>
			<source>Project-CR-Process-2017-02-01.pdf</source>
			<destination>Project-CR-Process-2017-02-01.pdf</destination>
			<type>binary</type>
			<uuidstructure>bed9a6dc-0adb-11e7-b2d1-90fba685ef5f</uuidstructure>
			<uuidresource>bed9a6dd-0adb-11e7-b2d1-90fba685ef5f</uuidresource>
			<datelastmodified>Fri, 17 Mar 2017 06:34:17 GMT</datelastmodified>
			<userlastmodified>Admin</userlastmodified>
			<datecreated>Fri, 17 Mar 2017 06:34:17 GMT</datecreated>
			<usercreated>Admin</usercreated>
			<flags>0</flags>
			<properties>
				<property>
					<name>Title</name>
					<value><![CDATA[Project CR Process 2017-02-01]]></value>
				</property>
			</properties>
			<relations/>
			<accesscontrol/>
		</file>
	</files>
	<projects>
		<project>
			<name>Offline</name>
			<description><![CDATA[The Offline Project]]></description>
			<usersgroup>Users</usersgroup>
			<managersgroup>Users</managersgroup>
			<resources>
				<resource>/</resource>
			</resources>
		</project>
	</projects>
</export>
